set,model,arm,seed,problem,solved,rel_err_test,outcome,called_residual_noise,submitted
3seed,opus,harness,0,bonus.11,0,0,undecidable,True,x0*x2**2
3seed,opus,harness,0,bonus.15,1,0,solved,False,x1*sqrt(1-(x0/299792458)**2)/(1 + x0*cos(x2)/299792458)
3seed,opus,harness,0,bonus.17,0,0,undecidable,True,x1**2/(2*x0)
3seed,opus,harness,0,bonus.13,0,1.3e-16,undecidable,False,x1/(4*pi*8.854e-12*sqrt(x2**2+x3**2-2*x2*x3*cos(x4)))
3seed,opus,harness,0,bonus.4,0,0,undecidable,False,sqrt(2*(x1-x2)/x0)
3seed,opus,harness,0,bonus.9,1,1.5e-16,solved,False,-32/5*(6.6743e-11)**4/299792458**5*(x0*x1)**2*(x0+x1)/x2**5
3seed,opus,harness,0,bonus.12,1,1.4e-16,solved,True,-x0**2*x2*x4/(4*pi*x1*(x2**2-x4**2)**2) + x0*x3*x4/x2**2
3seed,opus,harness,0,i.15.3t,1,0,solved,False,(x0 - x1*x2/299792458**2)/sqrt(1-x1**2/299792458**2)
3seed,opus,harness,0,i.30.3,1,0,solved,False,x0*(sin(x1*x2/2)/sin(x2/2))**2
3seed,opus,harness,0,bonus.7,1,8.4e-16,solved,False,sqrt(8*pi*6.6743e-11*x0/3 - x1*299792458**2/x2**2)
3seed,opus,harness,0,i.15.3x,1,0,solved,False,(x0 - x1*x2)/sqrt(1 - x1**2/299792458**2)
3seed,opus,harness,0,bonus.19,1,8.1e-16,solved,False,299792458**2/(4*pi*6.6743e-11)*x2**2*(x3-1/2) - 299792458**4/(8*pi*6.6743e-11)*x0/x1**2
3seed,opus,harness,0,i.39.22,1,0,solved,False,1.380649e-23*x0*x1/x2
3seed,opus,harness,0,i.40.1,1,0,solved,False,x0*exp(-9.80665*x1*x2/(1.380649e-23*x3))
3seed,opus,harness,0,i.6.20,1,1.3e-16,solved,False,exp(-x0**2/(2*x1**2))/(sqrt(2*pi)*x1)
3seed,opus,harness,0,i.6.20a,1,0,solved,False,exp(-x0**2/2)/sqrt(2*pi)
3seed,opus,harness,0,i.6.20b,1,1.4e-16,solved,False,exp(-(x0-x1)**2/(2*x2**2))/(sqrt(2*pi)*x2)
3seed,opus,harness,0,i.50.26,1,0,solved,True,x0*cos(x1*x2)*(1 + x3*cos(x1*x2))
3seed,opus,harness,0,i.32.17,1,9.2e-16,solved,False,(8*pi/3)*x1**2*x2**4/(x2**2-x3**2)**2*(0.5*299792458*8.854e-12*x0**2)
3seed,opus,harness,0,ii.11.20,1,1.2e-16,solved,False,x0*x1**2*x2/(3*1.380649e-23*x3)
3seed,opus,harness,0,ii.13.34,1,0,solved,False,x0*x1/sqrt(1-(x1/299792458)**2)
3seed,opus,harness,0,ii.35.21,0,2e-11,undecidable,False,x0*x1**2*x2/(1.380649e-23*x3)
3seed,opus,harness,0,ii.11.28,1,0,solved,False,(3 + 2*x0*x1)/(3 - x0*x1)
3seed,opus,harness,0,ii.35.18,1,0,solved,True,x0/(2*cosh(x1*x2/(1.380649e-23*x3)))
3seed,opus,harness,0,iii.10.19,1,0,solved,False,x0*sqrt(x1**2+x2**2+x3**2)
3seed,opus,harness,0,ii.6.15b,1,1.3e-16,solved,False,3*x0*sin(x1)*cos(x1)/(4*pi*8.854e-12*x2**3)
3seed,opus,harness,0,bonus.2,1,0,solved,False,x0*x1/x2**2*(1 + sqrt(1 + 2*x3*x2**2/(x0*x1**2))*cos(x4 - x5))
3seed,opus,harness,0,ii.6.15a,1,1.3e-16,solved,False,3*x0*x1*sqrt(x3**2+x4**2)/(4*pi*8.854e-12*x2**5)
3seed,opus,harness,0,iii.4.33,1,4.9e-10,solved,True,1.054571817e-34*x0/(exp(1.054571817e-34*x0/(1.380649e-23*x1))-1)
3seed,opus,harness,0,i.37.4,1,0,solved,False,x0+x1+2*sqrt(x0*x1)*cos(x2)
3seed,sonnet,harness,0,bonus.11,0,0,undecidable,False,x0*x2**2
3seed,sonnet,harness,0,bonus.17,0,0,undecidable,False,0.5*x1**2/x0
3seed,sonnet,harness,0,bonus.15,1,0,solved,True,x1*sqrt(1-(x0/299792458)**2)/(1+x0*cos(x2)/299792458)
3seed,sonnet,harness,0,bonus.4,0,0,undecidable,False,sqrt(2*(x1 - x2)/x0)
3seed,sonnet,harness,0,bonus.12,0,7.3e-09,near_exact_approx,True,-x0**2*x2*x4/(4*pi*x1*(x2**2-x4**2)**2)
3seed,sonnet,harness,0,bonus.7,1,1.3e-07,solved,True,sqrt(5.59145e-10*x0 - 8.9875517874e16*x1/x2**2)
3seed,sonnet,harness,0,bonus.13,0,1.3e-16,undecidable,True,x1/(4*pi*8.854e-12*sqrt(x2**2+x3**2-2*x2*x3*cos(x4)))
3seed,sonnet,harness,0,i.15.3x,1,0,solved,False,(x0 - x1*x2)/sqrt(1-(x1/299792458)**2)
3seed,sonnet,harness,0,bonus.19,1,8e-16,solved,False,299792458**2/(4*pi*6.6743e-11)*(x2**2*(x3-0.5)-299792458**2*x0/(2*x1**2))
3seed,sonnet,harness,0,bonus.9,1,1.1e-16,solved,False,-5.244442811564131e-83*x0**2*x1**2*(x0+x1)/x2**5
3seed,sonnet,harness,0,i.30.3,1,0,solved,False,x0*sin(x1*x2/2)**2/sin(x2/2)**2
3seed,sonnet,harness,0,i.39.22,1,0,solved,False,1.380649e-23*x0*x1/x2
3seed,sonnet,harness,0,i.40.1,1,0,solved,False,x0*exp(-9.80665*x1*x2/(1.380649e-23*x3))
3seed,sonnet,harness,0,i.37.4,1,0,solved,False,x0+x1+2*sqrt(x0*x1)*cos(x2)
3seed,sonnet,harness,0,bonus.2,1,1.3e-16,solved,True,x0*x1/x2**2 + sqrt(2*x0*x3/x2**2 + (x0*x1/x2**2)**2)*cos(x4-x5)
3seed,sonnet,harness,0,i.6.20,1,1.3e-16,solved,False,exp(-x0**2/(2*x1**2))/(sqrt(2*pi)*x1)
3seed,sonnet,harness,0,i.15.3t,1,0,solved,True,(x0 - x1*x2/299792458.0**2)/sqrt(1-x1**2/299792458.0**2)
3seed,sonnet,harness,0,i.32.17,1,3.5e-14,solved,True,0.011118567317968*x0**2*x1**2*x2**4/(x2**2-x3**2)**2
3seed,sonnet,harness,0,i.6.20a,1,0,solved,False,exp(-x0**2/2)/sqrt(2*pi)
3seed,sonnet,harness,0,ii.11.20,1,1.2e-16,solved,False,x0*x1**2*x2/(3*1.380649e-23*x3)
3seed,sonnet,harness,0,ii.13.34,1,0,solved,True,x0*x1/sqrt(1-x1**2/299792458**2)
3seed,sonnet,harness,0,ii.35.21,0,2e-11,undecidable,False,x0*x1**2*x2/(1.380649e-23*x3)
3seed,sonnet,harness,0,i.50.26,1,0,solved,False,x0*(cos(x1*x2)+x3*cos(x1*x2)**2)
3seed,sonnet,harness,0,ii.11.28,0,0,undecidable,False,1+x0*x1+(x0*x1)**2/3
3seed,sonnet,harness,0,ii.35.18,0,0,near_exact_approx,False,x0*(0.5 - (x1*x2/(1.380649e-23*x3))**2/4)
3seed,sonnet,harness,0,ii.6.15b,1,1.3e-16,solved,False,3/(8*pi*8.854e-12)*x0*sin(2*x1)/x2**3
3seed,sonnet,harness,0,ii.6.15a,1,1.3e-16,solved,False,3*x0*x1*sqrt(x3**2+x4**2)/(4*pi*8.854e-12*x2**5)
3seed,sonnet,harness,0,iii.10.19,1,0,solved,False,x0*sqrt(x1**2+x2**2+x3**2)
3seed,sonnet,harness,0,i.6.20b,1,1.4e-16,solved,False,exp(-(x0-x1)**2/(2*x2**2))/(sqrt(2*pi)*x2)
3seed,sonnet,harness,0,iii.4.33,1,4.9e-10,solved,False,1.054571817e-34*x0/(exp(1.054571817e-34*x0/(1.380649e-23*x1))-1)
3seed,sonnet,harness,1,bonus.10,1,0,solved,False,(cos(x0)-x1/299792458)/(1-x1/299792458*cos(x0))
3seed,sonnet,harness,1,bonus.1,1,2.2e-07,solved,False,3.32663e-57*x0**2*x1**2/(x2**2*sin(x3/2)**4)
3seed,sonnet,harness,1,bonus.15,1,0,solved,False,x1*sqrt(1-(x0/299792458)**2)/(1+x0*cos(x2)/299792458)
3seed,sonnet,harness,1,bonus.17,0,0,undecidable,False,x1**2/(2*x0)
3seed,sonnet,harness,1,bonus.13,0,1.3e-16,undecidable,True,x1/(4*pi*8.854e-12)/sqrt(x2**2+x3**2-2*x2*x3*cos(x4))
3seed,sonnet,harness,1,bonus.4,0,0,undecidable,False,sqrt(2*(x1 - x2)/x0)
3seed,sonnet,harness,1,bonus.9,1,1.5e-16,solved,False,-32/5*(6.6743e-11)**4/299792458**5*x0**2*x1**2*(x0+x1)/x2**5
3seed,sonnet,harness,1,bonus.12,0,7.3e-09,near_exact_approx,True,-x0**2*x2*x4/(4*pi*x1*(x2**2-x4**2)**2)
3seed,sonnet,harness,1,bonus.7,1,2.3e-13,solved,False,sqrt(5.59144849276e-10*x0 - 8.9875517874e16*x1/x2**2)
3seed,sonnet,harness,1,i.15.3t,1,0,solved,False,(x0 - x1*x2/299792458**2)/sqrt(1 - x1**2/299792458**2)
3seed,sonnet,harness,1,i.37.4,1,0,solved,False,x0+x1+2*sqrt(x0*x1)*cos(x2)
3seed,sonnet,harness,1,i.39.22,1,0,solved,False,1.380649e-23*x0*x1/x2
3seed,sonnet,harness,1,bonus.16,0,1.4e-11,undecidable,True,299792458*Abs(x0 - x1*x2)
3seed,sonnet,harness,1,i.34.14,0,0,undecidable,False,x1*sqrt((x1+x0)/(x1-x0))
3seed,sonnet,harness,1,i.6.20,1,1.3e-16,solved,False,exp(-x0**2/(2*x1**2))/(x1*sqrt(2*pi))
3seed,sonnet,harness,1,i.44.4,1,0,solved,False,1.380649e-23*x0*x1*log(x2/x3)
3seed,sonnet,harness,1,i.6.20a,1,0,solved,False,exp(-x0**2/2)/sqrt(2*pi)
3seed,sonnet,harness,1,i.29.16,1,0,solved,False,sqrt(x0**2+x1**2+2*x0*x1*cos(x2-x3))
3seed,sonnet,harness,1,ii.11.27,0,3.2e-09,undecidable,False,8.854e-12*x0*x1*x2
3seed,sonnet,harness,1,ii.11.20,1,1.2e-16,solved,False,x0*x1**2*x2/(3*1.380649e-23*x3)
3seed,sonnet,harness,1,i.9.18,1,0,solved,True,6.6743e-11*x0*x1/((x2-x3)**2+(x4-x5)**2+(x6-x7)**2)
3seed,sonnet,harness,1,ii.35.18,0,3e-11,near_exact_approx,False,0.5*x0
3seed,sonnet,harness,1,ii.35.21,0,2e-11,undecidable,False,x0*x1**2*x2/(1.380649e-23*x3)
3seed,sonnet,harness,1,bonus.2,0,0.082,wrong_structure,True,x0*x1/x2**2*(1+cos(x4-x5)) + 1.23444e-07*x0**0.284451*x3*cos(x4-x5)/(x1+12.3599*x2)**0.993884
3seed,sonnet,harness,1,ii.11.28,0,0,undecidable,True,1 + x0*x1 + (x0*x1)**2/3
3seed,sonnet,harness,1,ii.6.15b,1,1.3e-12,solved,False,13481613657*x0*sin(2*x1)/x2**3
3seed,sonnet,harness,1,ii.6.15a,1,1.3e-12,solved,False,26963227314*x0*x1*sqrt(x3**2+x4**2)/x2**5
3seed,sonnet,harness,1,ii.36.38,0,4.5e-09,undecidable,False,9.1019783e16*x0*x3*x4/x2
3seed,sonnet,harness,1,ii.24.17,1,0,solved,True,sqrt(x0**2/299792458**2 - pi**2/x1**2)
3seed,sonnet,harness,1,i.41.16,0,0.00063,data_artifact,True,1.55648e-41*x0**2*x1
3seed,opus,harness,2,bonus.11,0,0,undecidable,False,x0*x2**2
3seed,opus,harness,2,bonus.10,1,0,solved,False,(cos(x0) - x1/299792458)/(1 - x1*cos(x0)/299792458)
3seed,opus,harness,2,bonus.1,1,1.2e-09,solved,False,(x0*x1*(1.602176634e-19)**2/(16*pi*8.8541878128e-12*x2))**2/sin(x3/2)**4
3seed,opus,harness,2,bonus.17,0,0,undecidable,False,x1**2/(2*x0)
3seed,opus,harness,2,bonus.3,1,0,solved,False,x0*(1 - x1**2)/(1 + x1*cos(x2 - x3))
3seed,opus,harness,2,bonus.20,1,1.3e-10,solved,False,2.49461928e-29*(x0/x1)**2*(x0/x1 + x1/x0 - sin(x2)**2)
3seed,opus,harness,2,bonus.12,1,1.4e-16,solved,True,-x0**2*x2*x4/(4*pi*x1*(x2**2-x4**2)**2) + x0*x3*x4/x2**2
3seed,opus,harness,2,bonus.5,1,1.1e-16,solved,False,2*pi*sqrt(x0**3/(6.6743e-11*(x1+x2)))
3seed,opus,harness,2,i.15.3x,1,0,solved,False,(x0 - x1*x2)/sqrt(1 - x1**2/299792458**2)
3seed,opus,harness,2,bonus.14,1,0,solved,False,-x0*cos(x1)*(x2 - x3**3/x2**2*(x4-1)/(x4+2))
3seed,opus,harness,2,bonus.7,1,8.4e-16,solved,False,sqrt(8*pi*6.6743e-11*x0/3 - x1*(299792458**2)/x2**2)
3seed,opus,harness,2,i.39.22,1,0,solved,False,1.380649e-23*x0*x1/x2
3seed,opus,harness,2,i.44.4,1,0,solved,False,1.380649e-23*x0*x1*log(x2/x3)
3seed,opus,harness,2,i.34.14,0,0,undecidable,False,x1*sqrt((x1+x0)/(x1-x0))
3seed,opus,harness,2,i.6.20a,1,0,solved,False,exp(-x0**2/2)/sqrt(2*pi)
3seed,opus,harness,2,i.6.20b,1,1.4e-16,solved,False,exp(-(x0-x1)**2/(2*x2**2))/(sqrt(2*pi)*x2)
3seed,opus,harness,2,i.6.20,1,1.3e-16,solved,False,exp(-x0**2/(2*x1**2))/(sqrt(2*pi)*x1)
3seed,opus,harness,2,ii.11.27,0,3.2e-09,undecidable,False,8.854e-12*x0*x1*x2
3seed,opus,harness,2,ii.13.23,1,0,solved,False,x0/sqrt(1 - x1**2/299792458.0**2)
3seed,opus,harness,2,bonus.4,0,0,undecidable,False,sqrt(2*(x1 - x2)/x0)
3seed,opus,harness,2,ii.11.28,1,0,solved,True,(1 + 2*x0*x1/3)/(1 - x0*x1/3)
3seed,opus,harness,2,ii.35.21,0,2e-11,undecidable,False,x0*x1**2*x2/(1.380649e-23*x3)
3seed,opus,harness,2,ii.24.17,1,0,solved,False,sqrt((x0/299792458)**2 - (pi/x1)**2)
3seed,opus,harness,2,ii.35.18,1,0,solved,False,x0/(2*cosh(x1*x2/(1.380649e-23*x3)))
3seed,opus,harness,2,iii.10.19,1,0,solved,False,x0*sqrt(x1**2+x2**2+x3**2)
3seed,opus,harness,2,bonus.2,1,1.3e-16,solved,True,x0*x1/x2**2 + cos(x4-x5)*sqrt((x0*x1/x2**2)**2 + 2*x0*x3/x2**2)
3seed,opus,harness,2,ii.6.15b,1,1.3e-16,solved,False,3*x0*sin(x1)*cos(x1)/(4*pi*8.854e-12*x2**3)
3seed,opus,harness,2,iii.4.33,1,4.9e-10,solved,False,1.054571817e-34*x0/(exp(1.054571817e-34*x0/(1.380649e-23*x1)) - 1)
3seed,opus,harness,2,ii.6.15a,1,1.3e-16,solved,False,3*x0*x1*sqrt(x3**2+x4**2)/(4*pi*8.854e-12*x2**5)
3seed,opus,harness,2,i.41.16,1,7.6e-16,solved,True,6.626e-34*x0**3/(2*pi**3*299792458.0**2*(exp(6.626e-34*x0/(2*pi*1.380649e-23*x1)) - 1))
3seed,opus,harness,1,bonus.1,1,1.2e-09,solved,False,(x0*x1*(1.602176634e-19)**2/(4*pi*8.8541878128e-12*4*x2))**2/sin(x3/2)**4
3seed,opus,harness,1,bonus.10,1,0,solved,False,(cos(x0)-x1/299792458)/(1-x1*cos(x0)/299792458)
3seed,opus,harness,1,bonus.15,1,0,solved,False,x1*sqrt(1 - (x0/299792458)**2)/(1 + x0*cos(x2)/299792458)
3seed,opus,harness,1,bonus.13,0,1.3e-16,undecidable,False,x1/(4*pi*8.854e-12*sqrt(x2**2 + x3**2 - 2*x2*x3*cos(x4)))
3seed,opus,harness,1,bonus.16,0,1.4e-11,undecidable,False,299792458*Abs(x0 - x1*x2)
3seed,opus,harness,1,bonus.17,0,0,undecidable,False,x1**2/(2*x0)
3seed,opus,harness,1,bonus.4,0,0,undecidable,False,sqrt(2*(x1-x2)/x0)
3seed,opus,harness,1,bonus.9,1,1.5e-16,solved,False,-32/5*6.6743e-11**4/299792458.0**5*(x0*x1)**2*(x0+x1)/x2**5
3seed,opus,harness,1,i.29.16,1,0,solved,False,sqrt(x0**2 + x1**2 + 2*x0*x1*cos(x2 - x3))
3seed,opus,harness,1,bonus.7,1,8.4e-16,solved,False,sqrt(8*pi*6.6743e-11*x0/3 - x1*299792458**2/x2**2)
3seed,opus,harness,1,i.15.3t,1,0,solved,False,(x0 - x1*x2/299792458**2)/sqrt(1 - x1**2/299792458**2)
3seed,opus,harness,1,bonus.12,1,1.4e-16,solved,True,x0*x3*x4/x2**2 - x0**2*x2*x4/(4*pi*x1*(x2**2 - x4**2)**2)
3seed,opus,harness,1,i.37.4,1,0,solved,False,x0 + x1 + 2*sqrt(x0*x1)*cos(x2)
3seed,opus,harness,1,i.39.22,1,0,solved,False,1.380649e-23*x0*x1/x2
3seed,opus,harness,1,i.34.14,0,0,undecidable,False,x1*sqrt((x1+x0)/(x1-x0))
3seed,opus,harness,1,i.6.20a,1,0,solved,False,exp(-x0**2/2)/sqrt(2*pi)
3seed,opus,harness,1,i.44.4,1,0,solved,False,1.380649e-23*x0*x1*log(x2/x3)
3seed,opus,harness,1,i.6.20,1,1.3e-16,solved,False,exp(-x0**2/(2*x1**2))/(sqrt(2*pi)*x1)
3seed,opus,harness,1,i.9.18,1,0,solved,False,6.6743e-11*x0*x1/((x3-x2)**2+(x5-x4)**2+(x7-x6)**2)
3seed,opus,harness,1,ii.11.20,1,1.2e-16,solved,False,x0*x1**2*x2/(3*1.380649e-23*x3)
3seed,opus,harness,1,ii.11.27,0,3.2e-09,undecidable,False,8.854e-12*x0*x1*x2
3seed,opus,harness,1,ii.11.28,1,0,solved,False,(1 + 2*x0*x1/3)/(1 - x0*x1/3)
3seed,opus,harness,1,ii.35.21,0,2e-11,undecidable,False,x0*x1**2*x2/(1.380649e-23*x3)
3seed,opus,harness,1,ii.24.17,1,0,solved,False,sqrt(x0**2/299792458**2 - pi**2/x1**2)
3seed,opus,harness,1,ii.35.18,1,0,solved,True,x0/(2*cosh(x1*x2/(1.380649e-23*x3)))
3seed,opus,harness,1,ii.6.15b,1,1.3e-16,solved,False,3*x0*sin(x1)*cos(x1)/(4*pi*8.854e-12*x2**3)
3seed,opus,harness,1,ii.6.15a,1,1.3e-16,solved,False,3*x0*x1*sqrt(x3**2+x4**2)/(4*pi*8.854e-12*x2**5)
3seed,opus,harness,1,ii.36.38,1,1.5e-16,solved,True,x0*x1/(1.380649e-23*x2) + x0*x3*x4/(8.854e-12*299792458**2*1.380649e-23*x2)
3seed,opus,harness,1,bonus.2,1,1.3e-16,solved,False,x0*x1/x2**2 + cos(x4-x5)*sqrt((x0*x1/x2**2)**2 + 2*x0*x3/x2**2)
3seed,opus,harness,1,i.41.16,1,7.6e-16,solved,True,(6.626e-34/(2*pi))*x0**3/(pi**2*299792458.0**2*(exp((6.626e-34/(2*pi))*x0/(1.380649e-23*x1)) - 1))
3seed,sonnet,harness,2,bonus.11,0,0,undecidable,False,x0*x2**2
3seed,sonnet,harness,2,bonus.1,1,2.2e-07,solved,True,3.32663e-57*x0**2*x1**2/(x2**2*sin(x3/2)**4)
3seed,sonnet,harness,2,bonus.10,1,0,solved,False,(cos(x0)-x1/299792458)/(1-x1/299792458*cos(x0))
3seed,sonnet,harness,2,bonus.17,0,0,undecidable,False,x1**2/(2*x0)
3seed,sonnet,harness,2,bonus.20,1,2.9e-07,solved,False,2.49462e-29*(x0/x1)**2*(x0/x1+x1/x0-sin(x2)**2)
3seed,sonnet,harness,2,bonus.3,1,0,solved,False,x0*(1-x1**2)/(1+x1*cos(x2-x3))
3seed,sonnet,harness,2,bonus.5,1,1.9e-15,solved,False,2*pi/sqrt(6.6743e-11)*x0**1.5/sqrt(x1+x2)
3seed,sonnet,harness,2,bonus.7,1,3.1e-11,solved,False,sqrt(8*pi*6.6743e-11/3*x0 - 8.9875517923e16*x1/x2**2)
3seed,sonnet,harness,2,i.15.3x,1,0,solved,False,(x0-x1*x2)/sqrt(1-(x1/299792458)**2)
3seed,sonnet,harness,2,i.34.14,0,4.3e-10,undecidable,False,x1*exp(x0/x1)
3seed,sonnet,harness,2,i.39.22,1,0,solved,False,1.380649e-23*x0*x1/x2
3seed,sonnet,harness,2,bonus.14,1,0,solved,False,x0*cos(x1)*(-x2 + x3**3*(x4-1)/(x2**2*(x4+2)))
3seed,sonnet,harness,2,bonus.12,1,1.4e-16,solved,False,-x0**2*x2*x4/(4*pi*x1*(x2**2-x4**2)**2) + x0*x3*x4/x2**2
3seed,sonnet,harness,2,bonus.4,0,0,undecidable,False,sqrt(2*(x1-x2)/x0)
3seed,sonnet,harness,2,i.6.20,1,1.3e-16,solved,False,exp(-x0**2/(2*x1**2))/(sqrt(2*pi)*x1)
3seed,sonnet,harness,2,i.6.20a,1,0,solved,False,exp(-x0**2/2)/sqrt(2*pi)
3seed,sonnet,harness,2,ii.11.27,0,3.2e-09,undecidable,False,8.854e-12*x0*x1*x2
3seed,sonnet,harness,2,i.44.4,1,0,solved,False,1.380649e-23*x0*x1*log(x2/x3)
3seed,sonnet,harness,2,i.6.20b,1,1.4e-16,solved,False,exp(-(x0-x1)**2/(2*x2**2))/(x2*sqrt(2*pi))
3seed,sonnet,harness,2,ii.13.23,1,0,solved,False,x0/sqrt(1-x1**2/299792458**2)
3seed,sonnet,harness,2,ii.11.28,0,0,undecidable,True,1+x0*x1+(x0*x1)**2/3
3seed,sonnet,harness,2,ii.35.21,0,2e-11,undecidable,False,x0*x1**2*x2/(1.380649e-23*x3)
3seed,sonnet,harness,2,ii.24.17,1,0,solved,False,sqrt((x0/299792458)**2 - pi**2/x1**2)
3seed,sonnet,harness,2,ii.6.15b,1,1.3e-16,solved,False,3/(4*pi*8.854e-12)*x0*sin(x1)*cos(x1)/x2**3
3seed,sonnet,harness,2,i.41.16,0,2.4e-16,near_exact_approx,True,5.354145714735626e-37*x0**3/floor(34399.183*x0/x1+0.5)
3seed,sonnet,harness,2,ii.35.18,1,0,solved,False,0.5*x0/cosh(x1*x2/(1.380649e-23*x3))
3seed,sonnet,harness,2,ii.6.15a,1,1.3e-12,solved,False,26963227314*x0*x1*sqrt(x3**2+x4**2)/x2**5
3seed,sonnet,harness,2,iii.10.19,1,0,solved,False,x0*sqrt(x1**2+x2**2+x3**2)
3seed,sonnet,harness,2,bonus.2,1,1.4e-16,solved,True,x0*x1/x2**2*(1+cos(x4-x5)) + sqrt(x0*x3)/x2*(sqrt(x0*x1**2/(x2**2*x3)+2)-x1*sqrt(x0)/(x2*sqrt(x3)))*cos(x4-x5)
3seed,sonnet,harness,2,iii.4.33,1,4.9e-10,solved,True,1.054571817e-34*x0/(exp(1.054571817e-34*x0/(1.380649e-23*x1))-1)
3seed,opus,bare,0,bonus.11,0,0,undecidable,False,x0*x2**2
3seed,opus,bare,0,bonus.17,0,0,undecidable,False,x1**2/(2*x0)
3seed,opus,bare,0,bonus.15,1,0,solved,False,x1*sqrt(1 - x0**2/299792458**2)/(1 + x0*cos(x2)/299792458)
3seed,opus,bare,0,bonus.13,0,1.3e-16,undecidable,True,x1/(4*pi*8.854e-12*sqrt(x2**2 + x3**2 - 2*x2*x3*cos(x4)))
3seed,opus,bare,0,bonus.19,1,1.2e-16,solved,False,1.0715830073970637e26*(x2**2*(x3 - 1/2) - 44937758936840882*x0/x1**2)
3seed,opus,bare,0,bonus.7,1,8.4e-16,solved,True,sqrt(8*pi*6.6743e-11*x0/3 - x1*299792458.0**2/x2**2)
3seed,opus,bare,0,bonus.9,1,1.5e-16,solved,False,-32/5*6.6743e-11**4/299792458.0**5*(x0*x1)**2*(x0+x1)/x2**5
3seed,opus,bare,0,bonus.4,0,0,undecidable,True,sqrt(2*(x1 - x2)/x0)
3seed,opus,bare,0,bonus.12,0,7.3e-09,near_exact_approx,True,-x0**2*x2*x4/(4*pi*x1*(x2**2 - x4**2)**2)
3seed,opus,bare,0,i.30.3,1,0,solved,False,x0*sin(x1*x2/2)**2/sin(x2/2)**2
3seed,opus,bare,0,i.15.3x,1,0,solved,True,(x0 - x1*x2)/sqrt(1 - x1**2/299792458**2)
3seed,opus,bare,0,i.39.22,1,0,solved,False,1.380649e-23*x0*x1/x2
3seed,opus,bare,0,i.15.3t,1,0,solved,True,(x0 - x1*x2/299792458**2)/sqrt(1 - x1**2/299792458**2)
3seed,opus,bare,0,i.37.4,1,0,solved,False,x0 + x1 + 2*sqrt(x0*x1)*cos(x2)
3seed,opus,bare,0,i.6.20,1,1.3e-16,solved,False,exp(-x0**2/(2*x1**2))/(sqrt(2*pi)*x1)
3seed,opus,bare,0,i.40.1,1,0,solved,True,x0*exp(-9.80665*x1*x2/(1.380649e-23*x3))
3seed,opus,bare,0,i.32.17,1,1.3e-16,solved,False,0.01111856731796839*x0**2*x1**2*x2**4/(x2**2 - x3**2)**2
3seed,opus,bare,0,i.6.20a,1,0,solved,False,exp(-x0**2/2)/sqrt(2*pi)
3seed,opus,bare,0,i.50.26,1,0,solved,False,x0*cos(x1*x2) + x0*x3*cos(x1*x2)**2
3seed,opus,bare,0,i.6.20b,1,1.4e-16,solved,True,exp(-(x0 - x1)**2/(2*x2**2))/(sqrt(2*pi)*x2)
3seed,opus,bare,0,ii.11.20,1,1.2e-16,solved,False,x0*x1**2*x2/(3*1.380649e-23*x3)
3seed,opus,bare,0,ii.11.28,0,0,undecidable,True,1 + x0*x1 + (x0*x1)**2/3
3seed,opus,bare,0,ii.13.34,1,0,solved,True,x0*x1/sqrt(1 - x1**2/299792458**2)
3seed,opus,bare,0,bonus.2,1,0,solved,True,x0*x1/x2**2*(1 + cos(x4 - x5)*sqrt(1 + 2*x3*x2**2/(x0*x1**2)))
3seed,opus,bare,0,ii.35.21,0,2e-11,undecidable,False,x0*x1**2*x2/(1.380649e-23*x3)
3seed,opus,bare,0,ii.35.18,1,0,solved,True,x0/(2*cosh(x1*x2/(1.380649e-23*x3)))
3seed,opus,bare,0,iii.10.19,1,0,solved,False,x0*sqrt(x1**2 + x2**2 + x3**2)
3seed,opus,bare,0,ii.6.15b,1,1.3e-16,solved,False,3*x0*sin(x1)*cos(x1)/(4*pi*8.854e-12*x2**3)
3seed,opus,bare,0,ii.6.15a,1,1.3e-16,solved,True,3*x0*x1*sqrt(x3**2 + x4**2)/(4*pi*8.854e-12*x2**5)
3seed,opus,bare,0,iii.4.33,1,4.9e-10,solved,False,1.0545718176461565e-34*x0/(exp(1.0545718176461565e-34*x0/(1.380649e-23*x1)) - 1)
3seed,sonnet,bare,0,bonus.11,0,0,undecidable,False,x0*x2**2
3seed,sonnet,bare,0,bonus.17,0,0,undecidable,False,x1**2/(2*x0)
3seed,sonnet,bare,0,bonus.15,1,0,solved,False,x1*sqrt(1-(x0/299792458)**2)/(1+(x0/299792458)*cos(x2))
3seed,sonnet,bare,0,bonus.13,0,2.1e-05,approx,True,8.9875517924e9*x1/sqrt(x2**2 + x3**2 - 2*x2*x3*cos(x4))
3seed,sonnet,bare,0,bonus.12,0,7.3e-09,near_exact_approx,True,-x0**2*x2*x4/(4*pi*x1*(x2**2-x4**2)**2)
3seed,sonnet,bare,0,bonus.9,1,1.5e-16,solved,True,-(32/5)*(6.6743e-11)**4/(2.99792458e8)**5*x0**2*x1**2*(x0+x1)/x2**5
3seed,sonnet,bare,0,bonus.19,1,2.3e-09,solved,True,1.07158301e26*x2**2*x3 - 5.35791504e25*x2**2 - 4.81545389e42*x0/x1**2
3seed,sonnet,bare,0,bonus.4,0,0,undecidable,False,sqrt(2*(x1 - x2)/x0)
3seed,sonnet,bare,0,bonus.7,1,2.3e-08,solved,False,sqrt(5.591448236673111e-10*x0 - 8.987551787e16*x1/x2**2)
3seed,sonnet,bare,0,i.30.3,1,1.8e-16,solved,False,x0*(1-cos(x1*x2))/(1-cos(x2))
3seed,sonnet,bare,0,i.15.3t,1,4.3e-14,solved,False,(x0 - 1.11265006e-17*x1*x2)/sqrt(1 - 1.112650056e-17*x1**2)
3seed,sonnet,bare,0,i.39.22,1,0,solved,False,1.380649e-23*x0*x1/x2
3seed,sonnet,bare,0,i.15.3x,1,0,solved,False,(x0 - x1*x2)/sqrt(1 - x1**2/299792458.0**2)
3seed,sonnet,bare,0,i.37.4,1,0,solved,True,x0 + x1 + 2*sqrt(x0*x1)*cos(x2)
3seed,sonnet,bare,0,i.40.1,1,1.9e-11,solved,True,x0*exp(-0.71029277e24*x1*x2/x3)
3seed,sonnet,bare,0,i.6.20a,1,0,solved,False,exp(-x0**2/2)/sqrt(2*pi)
3seed,sonnet,bare,0,i.6.20,1,1.3e-16,solved,False,exp(-x0**2/(2*x1**2))/(sqrt(2*pi)*x1)
3seed,sonnet,bare,0,i.32.17,1,1.3e-16,solved,False,0.01111856731796839*x0**2*x1**2*x2**4/(x2**2-x3**2)**2
3seed,sonnet,bare,0,ii.11.20,1,1.9e-11,solved,False,2.4143235053e22*x0*x1**2*x2/x3
3seed,sonnet,bare,0,ii.11.28,0,0,undecidable,False,1 + x0*x1
3seed,sonnet,bare,0,ii.35.18,0,3e-11,near_exact_approx,False,x0/2
3seed,sonnet,bare,0,ii.35.21,0,2e-11,undecidable,False,x0*x1**2*x2/(1.380649e-23*x3)
3seed,sonnet,bare,0,i.6.20b,1,1.4e-16,solved,True,exp(-(x0-x1)**2/(2*x2**2))/(sqrt(2*pi)*x2)
3seed,sonnet,bare,0,ii.13.34,1,1.2e-10,solved,True,x0*x1/sqrt(1 - x1**2/8.98755e16)
3seed,sonnet,bare,0,ii.6.15b,1,1.7e-13,solved,False,13481613656.98*x0*sin(2*x1)/x2**3
3seed,sonnet,bare,0,ii.6.15a,1,0,solved,False,2.6963227313964653e10*x0*x1*sqrt(x3**2+x4**2)/x2**5
3seed,sonnet,bare,0,iii.10.19,1,0,solved,False,x0*sqrt(x1**2 + x2**2 + x3**2)
3seed,sonnet,bare,0,iii.4.33,0,4.6e-05,approx,True,1.380649e-23*x1
3seed,sonnet,bare,0,bonus.2,1,1.3e-16,solved,True,x0*x1/x2**2 + cos(x4 - x5)*sqrt((x0*x1/x2**2)**2 + 2*x0*x3/x2**2)
3seed,sonnet,bare,0,i.50.26,1,0,solved,True,x0*cos(x1*x2) + x0*x3*cos(x1*x2)**2
3seed,opus,bare,1,bonus.15,1,0,solved,False,x1*sqrt(1 - (x0/299792458)**2)/(1 + (x0/299792458)*cos(x2))
3seed,opus,bare,1,bonus.10,1,0,solved,False,(cos(x0) - x1/299792458)/(1 - x1*cos(x0)/299792458)
3seed,opus,bare,1,bonus.12,0,7.3e-09,near_exact_approx,True,-x0**2*x2*x4/(4*pi*x1*(x2**2 - x4**2)**2)
3seed,opus,bare,1,bonus.1,1,1.4e-10,solved,False,(x0*x1*(1.602176634e-19)**2/(16*pi*8.8541878188e-12*x2))**2/sin(x3/2)**4
3seed,opus,bare,1,bonus.17,0,0,undecidable,False,x1**2/(2*x0)
3seed,opus,bare,1,bonus.16,0,1.4e-11,undecidable,True,299792458*Abs(x0 - x1*x2)
3seed,opus,bare,1,bonus.13,0,1.3e-16,undecidable,False,x1/(4*pi*8.854e-12*sqrt(x2**2 + x3**2 - 2*x2*x3*cos(x4)))
3seed,opus,bare,1,bonus.4,0,0,undecidable,False,sqrt(2*(x1 - x2)/x0)
3seed,opus,bare,1,bonus.9,1,1.5e-16,solved,True,-32/5*6.6743e-11**4/299792458.0**5*(x0*x1)**2*(x0+x1)/x2**5
3seed,opus,bare,1,i.29.16,1,0,solved,False,sqrt(x0**2 + x1**2 + 2*x0*x1*cos(x2 - x3))
3seed,opus,bare,1,bonus.7,1,8.4e-16,solved,False,sqrt(8*pi*6.6743e-11/3*x0 - 299792458**2*x1/x2**2)
3seed,opus,bare,1,i.39.22,1,0,solved,False,1.380649e-23*x0*x1/x2
3seed,opus,bare,1,bonus.2,1,1.3e-16,solved,True,x0*x1/x2**2 + sqrt((x0*x1/x2**2)**2 + 2*x0*x3/x2**2)*cos(x4 - x5)
3seed,opus,bare,1,i.15.3t,1,0,solved,True,(x0 - x1*x2/299792458**2)/sqrt(1 - x1**2/299792458**2)
3seed,opus,bare,1,i.34.14,0,0,undecidable,False,x1*sqrt((x1 + x0)/(x1 - x0))
3seed,opus,bare,1,i.37.4,1,0,solved,True,x0 + x1 + 2*sqrt(x0*x1)*cos(x2)
3seed,opus,bare,1,i.6.20a,1,0,solved,True,exp(-x0**2/2)/sqrt(2*pi)
3seed,opus,bare,1,i.44.4,1,0,solved,True,1.380649e-23*x0*x1*log(x2/x3)
3seed,opus,bare,1,i.41.16,0,0.00062,data_artifact,True,1.380649e-23*x0**2*x1/(pi**2*299792458**2)
3seed,opus,bare,1,i.6.20,1,1.3e-16,solved,False,exp(-x0**2/(2*x1**2))/(sqrt(2*pi)*x1)
3seed,opus,bare,1,i.9.18,1,0,solved,False,6.6743e-11*x0*x1/((x2-x3)**2+(x4-x5)**2+(x6-x7)**2)
3seed,opus,bare,1,ii.11.27,0,2.1e-05,approx,True,8.8541878128e-12*x0*x1*x2
3seed,opus,bare,1,ii.11.20,1,1.2e-16,solved,False,x0*x1**2*x2/(3*1.380649e-23*x3)
3seed,opus,bare,1,ii.11.28,0,0,undecidable,True,1 + x0*x1 + (x0*x1)**2/3
3seed,opus,bare,1,ii.35.21,0,2e-11,undecidable,True,x0*x1**2*x2/(1.380649e-23*x3)
3seed,opus,bare,1,ii.35.18,1,0,solved,True,x0/(2*cosh(x1*x2/(1.380649e-23*x3)))
3seed,opus,bare,1,ii.24.17,1,0,solved,False,sqrt(x0**2/299792458**2 - pi**2/x1**2)
3seed,opus,bare,1,ii.36.38,0,1.2e-16,undecidable,False,9.101978259167069e16*x0*x3*x4/x2
3seed,opus,bare,1,ii.6.15a,1,0,solved,False,26963227313.964653*x0*x1*sqrt(x3**2 + x4**2)/x2**5
3seed,opus,bare,1,ii.6.15b,1,1.3e-16,solved,True,3*x0*sin(x1)*cos(x1)/(4*pi*8.854e-12*x2**3)
3seed,opus,bare,2,bonus.11,0,0,undecidable,False,x0*x2**2
3seed,opus,bare,2,bonus.1,1,1.2e-09,solved,False,(8.9875517923e9*(1.602176634e-19)**2*x0*x1/(4*x2))**2/sin(x3/2)**4
3seed,opus,bare,2,bonus.17,0,0,undecidable,False,x1**2/(2*x0)
3seed,opus,bare,2,bonus.12,1,1.4e-16,solved,True,-x0**2*x2*x4/(4*pi*x1*(x2**2 - x4**2)**2) + x0*x3*x4/x2**2
3seed,opus,bare,2,bonus.3,1,0,solved,False,x0*(1 - x1**2)/(1 + x1*cos(x2 - x3))
3seed,opus,bare,2,bonus.14,1,0,solved,True,-x0*cos(x1)*(x2 - (x4 - 1)/(x4 + 2)*x3**3/x2**2)
3seed,opus,bare,2,bonus.4,0,0,undecidable,False,sqrt(2*(x1 - x2)/x0)
3seed,opus,bare,2,bonus.20,1,1.7e-16,solved,True,2.4946192803283763e-29*(x0/x1)*(1 + (x0/x1)**2 - (x0/x1)*sin(x2)**2)
3seed,opus,bare,2,bonus.5,1,1.1e-16,solved,False,2*pi*sqrt(x0**3/(6.6743e-11*(x1 + x2)))
3seed,opus,bare,2,bonus.7,1,8.4e-16,solved,False,sqrt(8*pi*6.6743e-11/3*x0 - x1*299792458.0**2/x2**2)
3seed,opus,bare,2,i.39.22,1,0,solved,False,1.380649e-23*x0*x1/x2
3seed,opus,bare,2,i.15.3x,1,0,solved,False,(x0 - x1*x2)/sqrt(1 - x1**2/299792458**2)
3seed,opus,bare,2,bonus.10,1,0,solved,True,(cos(x0) - x1/299792458)/(1 - x1*cos(x0)/299792458)
3seed,opus,bare,2,i.34.14,0,0,undecidable,False,x1*sqrt((x1 + x0)/(x1 - x0))
3seed,opus,bare,2,i.6.20a,1,0,solved,False,exp(-x0**2/2)/sqrt(2*pi)
3seed,opus,bare,2,i.44.4,1,0,solved,False,1.380649e-23*x0*x1*log(x2/x3)
3seed,opus,bare,2,i.41.16,0,0.00062,data_artifact,True,1.380649e-23*x0**2*x1/(pi**2*299792458**2)
3seed,opus,bare,2,i.6.20,1,1.3e-16,solved,False,exp(-x0**2/(2*x1**2))/(sqrt(2*pi)*x1)
3seed,opus,bare,2,bonus.2,1,1.2e-16,solved,True,x0*x1/x2**2 + sqrt((x0*x1/x2**2)*(x0*x1/x2**2 + 2*x3/x1))*cos(x4 - x5)
3seed,opus,bare,2,ii.11.27,0,3.2e-09,undecidable,False,8.854e-12*x0*x1*x2
3seed,opus,bare,2,ii.13.23,1,0,solved,False,x0/sqrt(1 - x1**2/299792458**2)
3seed,opus,bare,2,i.6.20b,1,1.4e-16,solved,False,exp(-(x0 - x1)**2/(2*x2**2))/(sqrt(2*pi)*x2)
3seed,opus,bare,2,ii.11.28,0,0,undecidable,True,1 + x0*x1 + (x0*x1)**2/3
3seed,opus,bare,2,ii.35.21,0,2e-11,undecidable,False,x0*x1**2*x2/(1.380649e-23*x3)
3seed,opus,bare,2,ii.35.18,1,0,solved,True,x0/(2*cosh(x1*x2/(1.380649e-23*x3)))
3seed,opus,bare,2,ii.24.17,1,0,solved,False,sqrt(x0**2/299792458**2 - pi**2/x1**2)
3seed,opus,bare,2,ii.6.15a,1,1.3e-16,solved,False,3*x0*x1*sqrt(x3**2 + x4**2)/(4*pi*8.854e-12*x2**5)
3seed,opus,bare,2,ii.6.15b,1,1.3e-16,solved,False,3*x0*cos(x1)*sin(x1)/(4*pi*8.854e-12*x2**3)
3seed,opus,bare,2,iii.10.19,1,0,solved,False,x0*sqrt(x1**2 + x2**2 + x3**2)
3seed,opus,bare,2,iii.4.33,1,4.9e-10,solved,True,1.054571817e-34*x0/(exp(1.054571817e-34*x0/(1.380649e-23*x1)) - 1)
3seed,sonnet,bare,2,bonus.11,0,0,undecidable,False,x0*x2**2
3seed,sonnet,bare,2,bonus.17,0,0,undecidable,False,x1**2/(2*x0)
3seed,sonnet,bare,2,bonus.1,1,2e-16,solved,False,3.32662926626791e-57*x0**2*x1**2/(x2**2*sin(x3/2)**4)
3seed,sonnet,bare,2,bonus.12,0,7.3e-09,near_exact_approx,True,-x0**2*x2*x4/(4*pi*x1*(x2**2-x4**2)**2)
3seed,sonnet,bare,2,bonus.20,1,1.6e-16,solved,False,2.494619280328376e-29*(x0/x1)*(1+(x0/x1)**2-(x0/x1)*sin(x2)**2)
3seed,sonnet,bare,2,bonus.3,1,0,solved,False,x0*(1-x1**2)/(1+x1*cos(x2-x3))
3seed,sonnet,bare,2,bonus.5,1,1.1e-16,solved,False,2*pi*sqrt(x0**3/(6.6743e-11*(x1+x2)))
3seed,sonnet,bare,2,bonus.10,1,0,solved,True,(cos(x0) - x1/299792458)/(1 - (x1/299792458)*cos(x0))
3seed,sonnet,bare,2,bonus.14,1,0,solved,False,-x0*cos(x1)*(x2 + x3**3*(1 - x4)/((x4 + 2)*x2**2))
3seed,sonnet,bare,2,bonus.4,0,0,undecidable,False,sqrt(2*(x1 - x2)/x0)
3seed,sonnet,bare,2,i.39.22,1,0,solved,False,1.380649e-23*x0*x1/x2
3seed,sonnet,bare,2,i.41.16,0,0.00063,data_artifact,True,1.5564e-41*x0**2*x1
3seed,sonnet,bare,2,i.34.14,0,1.2e-16,undecidable,True,x1*(x0+x1)/sqrt(x1**2-x0**2)
3seed,sonnet,bare,2,bonus.7,1,1.9e-16,solved,False,sqrt(5.591448492761158e-10*x0 - 8.987551787368176e16*x1/x2**2)
3seed,sonnet,bare,2,i.6.20a,1,0,solved,False,exp(-x0**2/2)/sqrt(2*pi)
3seed,sonnet,bare,2,i.6.20,1,1.3e-16,solved,False,exp(-x0**2/(2*x1**2))/(sqrt(2*pi)*x1)
3seed,sonnet,bare,2,i.44.4,1,0,solved,False,1.380649e-23*x0*x1*log(x2/x3)
3seed,sonnet,bare,2,ii.11.27,0,3.2e-09,undecidable,False,8.854e-12*x0*x1*x2
3seed,sonnet,bare,2,i.6.20b,1,1.4e-16,solved,False,exp(-(x0-x1)**2/(2*x2**2))/(sqrt(2*pi)*x2)
3seed,sonnet,bare,2,bonus.2,0,0.082,wrong_structure,True,x0*x1*(1+cos(x4-x5))/x2**2 + cos(x4-x5)*1.15*x0**0.2153*x1**(-0.5618)*x2**(-0.4518)*x3**0.7730
3seed,sonnet,bare,2,ii.13.23,1,0,solved,False,x0/sqrt(1 - x1**2/299792458.0**2)
3seed,sonnet,bare,2,ii.35.18,0,3e-11,near_exact_approx,False,x0/2
3seed,sonnet,bare,2,ii.11.28,0,0,undecidable,True,1 + x0*x1 + (x0*x1)**2/3
3seed,sonnet,bare,2,i.15.3x,1,0,solved,True,(x0 - x1*x2)/sqrt(1 - (x1/299792458)**2)
3seed,sonnet,bare,2,ii.35.21,0,2e-11,undecidable,False,x0*x1**2*x2/(x3*1.380649e-23)
3seed,sonnet,bare,2,ii.6.15b,1,1.7e-13,solved,True,13481613656.98*x0*sin(2*x1)/x2**3
3seed,sonnet,bare,2,iii.4.33,0,4.6e-05,approx,False,1.380649e-23*x1
3seed,sonnet,bare,2,ii.6.15a,1,1.7e-13,solved,False,26963227313.96*x0*x1*sqrt(x3**2+x4**2)/x2**5
3seed,sonnet,bare,2,ii.24.17,1,1.1e-14,solved,True,sqrt(1.1126500560536e-17*x0**2 - pi**2/x1**2)
3seed,sonnet,bare,2,iii.10.19,1,0,solved,False,x0*sqrt(x1**2 + x2**2 + x3**2)
3seed,sonnet,bare,1,bonus.15,0,2.3e-07,near_exact_approx,True,x1*exp(-3.33612e-9*x0*cos(x2))*cos(3.33612e-9*x0*sin(x2))
3seed,sonnet,bare,1,bonus.1,1,2e-16,solved,False,3.32662926626791e-57*(x0*x1/(x2*sin(x3/2)**2))**2
3seed,sonnet,bare,1,bonus.17,0,0,undecidable,False,x1**2/(2*x0)
3seed,sonnet,bare,1,bonus.13,0,1.3e-12,undecidable,True,8987742438*x1/sqrt(x2**2 + x3**2 - 2*x2*x3*cos(x4))
3seed,sonnet,bare,1,bonus.10,1,0,solved,True,(cos(x0) - x1/299792458)/(1 - x1*cos(x0)/299792458)
3seed,sonnet,bare,1,bonus.16,0,1.4e-11,undecidable,False,2.99792458e8*Abs(x0 - x1*x2)
3seed,sonnet,bare,1,bonus.12,0,7.3e-09,near_exact_approx,True,-x0**2*x2*x4/(4*pi*x1*(x2**2-x4**2)**2)
3seed,sonnet,bare,1,bonus.9,1,2.2e-09,solved,False,-5.2444428e-83*x0**2*x1**2*(x0+x1)/x2**5
3seed,sonnet,bare,1,bonus.7,1,0,solved,False,sqrt(5.591448492761161e-10*x0 - x1*89875517873681764/x2**2)
3seed,sonnet,bare,1,bonus.4,0,0,undecidable,False,sqrt(2*(x1-x2)/x0)
3seed,sonnet,bare,1,i.29.16,1,0,solved,False,sqrt(x0**2 + x1**2 + 2*x0*x1*cos(x2 - x3))
3seed,sonnet,bare,1,i.39.22,1,0,solved,False,1.380649e-23*x0*x1/x2
3seed,sonnet,bare,1,i.34.14,0,0,undecidable,True,x1*sqrt((x1+x0)/(x1-x0))
3seed,sonnet,bare,1,i.41.16,0,0.00064,data_artifact,True,1.5565e-41*x0**2*x1
3seed,sonnet,bare,1,bonus.2,1,1.3e-16,solved,True,x0*x1/x2**2 + cos(x4 - x5)*sqrt((x0*x1/x2**2)**2 + 2*x0*x3/x2**2)
3seed,sonnet,bare,1,i.37.4,1,0,solved,False,x0 + x1 + 2*sqrt(x0*x1)*cos(x2)
3seed,sonnet,bare,1,i.15.3t,1,0,solved,True,(x0 - x1*x2/299792458**2)/sqrt(1 - x1**2/299792458**2)
3seed,sonnet,bare,1,i.6.20a,1,0,solved,False,exp(-x0**2/2)/sqrt(2*pi)
3seed,sonnet,bare,1,i.6.20,1,1.3e-16,solved,False,exp(-x0**2/(2*x1**2))/(sqrt(2*pi)*x1)
3seed,sonnet,bare,1,i.44.4,1,0,solved,True,1.380649e-23*x0*x1*log(x2/x3)
3seed,sonnet,bare,1,ii.11.20,1,1.9e-11,solved,False,2.4143235053e22*x0*x1**2*x2/x3
3seed,sonnet,bare,1,ii.11.27,0,3.2e-09,undecidable,False,8.854e-12*x0*x1*x2
3seed,sonnet,bare,1,ii.11.28,0,0,undecidable,False,1 + x0*x1
3seed,sonnet,bare,1,i.9.18,1,0,solved,False,6.6743e-11*x0*x1/((x2-x3)**2+(x4-x5)**2+(x6-x7)**2)
3seed,sonnet,bare,1,ii.35.18,0,3e-11,near_exact_approx,False,x0/2
3seed,sonnet,bare,1,ii.35.21,0,2e-11,undecidable,False,x0*x1**2*x2/(1.380649e-23*x3)
3seed,sonnet,bare,1,ii.36.38,0,1.2e-16,undecidable,False,9.101978259167069e16*x0*x3*x4/x2
3seed,sonnet,bare,1,ii.6.15a,1,1.7e-13,solved,True,26963227313.96*x0*x1*sqrt(x3**2+x4**2)/x2**5
3seed,sonnet,bare,1,ii.6.15b,0,1e-06,approx,False,1.34816e10*x0*sin(2*x1)/x2**3
3seed,sonnet,bare,1,ii.24.17,1,9.2e-16,solved,True,sqrt(x0**2/299792458.0**2 - pi**2/x1**2)
3seed,haiku,harness,0,bonus.11,0,0,undecidable,True,x0*x2**2
3seed,haiku,harness,0,bonus.17,0,0,undecidable,True,x1**2 / (2 * x0)
3seed,haiku,harness,0,bonus.15,0,0.0016,approx,True,x1 + x0/14*(1 - 1/x2)
3seed,haiku,harness,0,bonus.2,0,1.6,wrong_structure,False,x0*x1*sin(2.00285e-26*x4 + 1.51871e-9*x5)/x2
3seed,haiku,harness,0,bonus.13,0,0.59,wrong_structure,False,6e8*x1/(x2**(13/16)*x3**(9/10))
3seed,haiku,harness,0,bonus.4,0,0,undecidable,True,sqrt(2*(x1 - x2)/x0)
3seed,haiku,harness,0,i.15.3t,0,2e-05,approx,True,x0
3seed,haiku,harness,0,bonus.19,0,0.12,wrong_structure,False,1.0727219656997094e+26*x2**2*x3
3seed,haiku,harness,0,bonus.12,0,1.9e+02,wrong_structure,False,-x0**2/(x1*x2*x4)
3seed,haiku,harness,0,bonus.7,0,0.61,wrong_structure,False,2.11969e13*x0**(3/5)*exp(0.824275*x1**2 - 0.979173*x1)/x2**(3/5)
3seed,haiku,harness,0,bonus.9,0,0.16,wrong_structure,True,-1.09438e-82*x0**(5/2)*x1**(5/2)/x2**5
3seed,haiku,harness,0,i.39.22,1,0,solved,True,1.380649e-23*x0*x1/x2
3seed,haiku,harness,0,i.15.3x,0,0.00052,approx,True,x0 - x1*x2
3seed,haiku,harness,0,i.40.1,0,0.0091,approx,False,x0*(1-x2**2)**(-1/10)*(1 - x2/10 + x2**2/100)
3seed,haiku,harness,0,i.32.17,0,1,wrong_structure,False,502.443101*(x1*(cos(x2/(0.537409*x2-x3)+28.287157)+1))**1.860779
3seed,haiku,harness,0,i.50.26,1,0,solved,False,x0*(x3*cos(x1*x2) + 1)*cos(x1*x2)
3seed,haiku,harness,0,i.6.20a,1,0,solved,False,1/sqrt(2*pi)*exp(-0.5*x0**2)
3seed,haiku,harness,0,i.37.4,0,0.091,wrong_structure,True,(x0 + x1)*(sqrt(pi)/2*cos(x2) + 1)
3seed,haiku,harness,0,i.6.20,1,1.3e-16,solved,False,exp(-x0**2/(2*x1**2))/(x1*sqrt(2*pi))
3seed,haiku,harness,0,i.30.3,0,95,wrong_structure,True,x0*(336.012 + 216.745*cos(x2) - 448.219*sin(x2)**2)
3seed,haiku,harness,0,ii.11.20,0,21,wrong_structure,False,sign(x2*x3)*5.67214*abs(x0*x1*x2)
3seed,haiku,harness,0,ii.11.28,0,0,undecidable,True,1 + x0*x1
3seed,haiku,harness,0,ii.13.34,0,0.00062,approx,True,x0*x1
3seed,haiku,harness,0,ii.35.18,0,3e-11,near_exact_approx,False,x0/2
3seed,haiku,harness,0,ii.35.21,0,6.7e-08,undecidable,True,7.242971e+22*x0*x1**2*x2/x3
3seed,haiku,harness,0,iii.4.33,0,4.6e-05,approx,False,1.380649e-23*x1
3seed,haiku,harness,0,ii.6.15a,0,9.8,wrong_structure,False,5.46846e+59*x0**2*x1**2/x2**2
3seed,haiku,harness,0,i.6.20b,0,0.6,wrong_structure,True,abs(sin(sin(0.34289047*x2/(x0 - x1))))/(2.0636313*x2)
3seed,haiku,harness,0,iii.10.19,0,0.079,wrong_structure,False,x0*(7/480 + (27/2)*(x1**2 + x2**2 + x3**2) - (921/2)*(x1**2 + x2**2 + x3**2)**2)
3seed,haiku,harness,0,ii.6.15b,0,0.39,wrong_structure,False,434593000000.0*x0*sqrt(x1)*cos(x1)/x2**2.83108
3seed,haiku,bare,0,bonus.15,0,0.0016,approx,True,x1
3seed,haiku,bare,0,bonus.11,0,0,undecidable,True,x0*x2**2
3seed,haiku,bare,0,bonus.17,0,0.76,regression_dump,False,3.67367664132806e+23*x1**2.1368*x2**0.4443*exp(0.0062*log(x1)**2 - 0.0081*log(x1)*log(x2) - 0.0118*log(x1)*log(x3) - 0.0024*log(x1)*log(x4) - 0.0117*log(x2)**2 + 0.0023*log(x2)*log(x3) - 0.0086*log(x3)**2 - 0.0022*log(x3)*log(x4))/(x3**0.6773*x4**0.0907)
3seed,haiku,bare,0,bonus.2,0,4.2e+07,wrong_structure,False,x0*cos(x4) - x1*cos(x5)
3seed,haiku,bare,0,bonus.13,0,1.6,regression_dump,False,-0.001953125*x0**4 - 0.000732421875*x0**3*x1 - 0.00048828125*x0**3*x2 + 0.000488281250000001*x0**3*x3 + 0.000972747802734381*x0**3*x4 - 0.0016021728515625*x0**3 + 0.00076293939278636*x0**2*x1**2 - 0.000244141217212283*x0**2*x1*x2 - 1.08286342658481e-9*x0**2*x1*x3 + 0.000244135292561*x0**2*x1*x4 + 0.05548095703125*x0**2*x1 - 0.00195417094816057*x0**2*x2**2 - 8.49622724370809e-5*x0**2*x2*x3 - 4.08094375029455e-6*x0**2*x2*x4 - 0.093017578125*x0**2*x2 + 0.000240438747466044*x0**2*x3**2 - 1.36309212342248e-5*x0**2*x3*x4 - 0.104705810546875*x0**2*x3 - 1.8986897120239e-5*x0**2*x4**2 + 0.005401611328125*x0**2*x4 - 0.00944614410400391*x0**2 - 8.4025604957645*x0*x1**3 - 61.3959374554312*x0*x1**2*x2 + 225.195775795036*x0*x1**2*x3 + 1927.64444438092*x0*x1**2*x4 + 955.414703369141*x0*x1**2 - 677.292245302236*x0*x1*x2**2 - 80.3653391427786*x0*x1*x2*x3 - 131.723233950512*x0*x1*x2*x4 - 870.296615600586*x0*x1*x2 - 5.14307117188333*x0*x1*x3**2 - 2521.1196492225*x0*x1*x3*x4 - 2180.93060302734*x0*x1*x3 - 11901.4282362627*x0*x1*x4**2 - 5131.8908405304*x0*x1*x4 - 3316.44918251038*x0*x1 - 4527.09636270924*x0*x2**3 - 5325.71552735342*x0*x2**2*x3 - 15447.635052203*x0*x2**2*x4 - 6120.86988830566*x0*x2**2 - 5856.94981041288*x0*x2*x3**2 - 12494.8025225203*x0*x2*x3*x4 - 8927.16086196899*x0*x2*x3 - 22315.8434351696*x0*x2*x4**2 - 14970.6377258301*x0*x2*x4 - 13965.1062040329*x0*x2 - 10224.0085594654*x0*x3**3 - 7384.84933410213*x0*x3**2*x4 - 16553.0178940389*x0*x3**2 - 17610.2563302431*x0*x3*x4**2 - 17869.7111023894*x0*x3*x4 - 24993.4309806824*x0*x3 + 96545.2518570376*x0*x4**3 - 6556.65196059473*x0*x4**2 - 38721.6094551086*x0*x4 - 56303.5427664369*x0 + 22635433487.1603*x1**4 + 1232568079503.08*x1**3*x2 + 1286312765803.63*x1**3*x3 - 2529726939518.04*x1**3*x4 + 4379382464610.26*x1**3 + 909657255244.123*x1**2*x2**2 + 2071330735927.42*x1**2*x2*x3 + 586023003220.437*x1**2*x2*x4 - 2369845536078.9*x1**2*x2 + 2505012371496.99*x1**2*x3**2 + 936663433868.605*x1**2*x3*x4 - 4181621498660.7*x1**2*x3 + 434826496232.531*x1**2*x4**2 - 1995263565527.21*x1**2*x4 + 2353130049765.3*x1**2 - 1555507084538.78*x1*x2**3 - 1896298210312.48*x1*x2**2*x3 - 411341459457.007*x1*x2**2*x4 + 3688585604216.22*x1*x2**2 - 2322096989832.64*x1*x2*x3**2 - 526142258557.269*x1*x2*x3*x4 + 4762320601499.49*x1*x2*x3 - 145735198961.172*x1*x2*x4**2 + 1022339768420.26*x1*x2*x4 - 3047613332979.4*x1*x2 - 2105849317055.79*x1*x3**3 - 498881323030.53*x1*x3**2*x4 + 4636699735219.6*x1*x3**2 - 153924691856.102*x1*x3*x4**2 + 1124305893367.4*x1*x3*x4 - 3455313592762.52*x1*x3 - 49828343029.7083*x1*x4**3 + 346325739366.231*x1*x4**2 - 823860928939.946*x1*x4 + 948587908756.417*x1 + 19848808608.9374*x2**4 + 4928760990.26489*x2**3*x3 + 4013431218.66229*x2**3*x4 - 50527222623.3159*x2**3 + 35660405531.4099*x2**2*x3**2 + 3585741413.32819*x2**2*x3*x4 - 48569929263.2808*x2**2*x3 + 2494559360.72583*x2**2*x4**2 - 16358246080.908*x2**2*x4 + 51604113588.5465*x2**2 + 32097300902.9316*x2*x3**3 + 9875303656.05304*x2*x3**2*x4 - 91941771160.2855*x2*x3**2 + 2051220569.96606*x2*x3*x4**2 - 20365405904.8789*x2*x3*x4 + 72756799457.2048*x2*x3 + 1264887696.24072*x2*x4**3 - 9464705098.28699*x2*x4**2 + 23721301495.325*x2*x4 - 26099943140.1213*x2 + 24705403770.1772*x3**4 + 12260400276.1298*x3**3*x4 - 77519826492.6803*x3**3 + 2835475757.38629*x3**2*x4**2 - 28716213281.4666*x3**2*x4 + 80906333744.0788*x3**2 + 1383540439.79663*x3*x4**3 - 9722928335.71582*x3*x4**2 + 26765399700.5556*x3*x4 - 32969111804.3298*x3 + 472152556.813477*x4**4 - 3868140166.52148*x4**3 + 10829302568.3687*x4**2 - 11973507673.9785*x4 + 4668334766.75595
3seed,haiku,bare,0,bonus.12,0,28,regression_dump,False,-exp(10837240366.9383*x0*x1 - 1.06794560171436*x0*x2 + 0.078125492460003*x0*x3 - 1.17050861076923*x0*x4 + 904.516439072251*x0 - 3201196831.69485*x1*x2 + 431338440.634025*x1*x3 - 8974518223.12027*x1*x4 - 44200200113.7308*x1 + 0.0430787441570616*x2*x3 + 30.6105872162904*x2*x4 - 11.9244781140257*x2 + 0.0314789930586979*x3*x4 - 0.0590534403084429*x3 - 11.7775400802995*x4 + 19.97236724163)
3seed,haiku,bare,0,bonus.19,0,1.5,regression_dump,False,1.62536989467982e+18*x1*x2*x3 - 7.17528616263647e+17*x1*x2 - 1.23231761372695e+19*x1*x3 + 2.1897025887909e+19*x1 + 73208008791040.0*x0*x1*x2*x3 - 251144828178432.0*x0*x1*x2 - 91848020199616.0*x0*x1*x3 + 2.21113284110605e+15*x0*x1 - 5782971104538.22*x0*x2*x3 + 555099578183.162*x0*x2 - 390878649195.235*x0*x3 + 27683153179.8034*x0 + 13317180978.4804*x2*x3 - 95448696639.6187*x2 - 1952750427.48269*x3 - 8.15314346429702e+28
3seed,haiku,bare,0,i.15.3t,0,2e-05,approx,False,x0
3seed,haiku,bare,0,bonus.4,0,0.05,regression_dump,False,-0.347568039752345*log(Abs(x0) + 1)**3 + 1.65298141481737*log(Abs(x0) + 1)**2*log(Abs(x1) + 1) - 0.678410351543331*log(Abs(x0) + 1)**2*log(Abs(x2) + 1) - 0.0165627924499075*log(Abs(x0) + 1)**2*log(Abs(x3) + 1) + 0.0184790663865779*log(Abs(x0) + 1)**2*log(Abs(x4) + 1) + 0.0988157251950094*log(Abs(x0) + 1)**2 - 0.922427485829015*log(Abs(x0) + 1)*log(Abs(x1) + 1)**2 - 1.33772730123325*log(Abs(x0) + 1)*log(Abs(x1) + 1)*log(Abs(x2) + 1) + 0.00877042592172717*log(Abs(x0) + 1)*log(Abs(x1) + 1)*log(Abs(x3) + 1) + 0.0126703233221468*log(Abs(x0) + 1)*log(Abs(x1) + 1)*log(Abs(x4) + 1) - 0.0286599657090095*log(Abs(x0) + 1)*log(Abs(x1) + 1) + 1.34106645248906*log(Abs(x0) + 1)*log(Abs(x2) + 1)**2 + 0.0425904511002813*log(Abs(x0) + 1)*log(Abs(x2) + 1)*log(Abs(x3) + 1) - 0.0426227008698272*log(Abs(x0) + 1)*log(Abs(x2) + 1)*log(Abs(x4) + 1) + 0.0729149350781574*log(Abs(x0) + 1)*log(Abs(x2) + 1) - 0.0233741820341745*log(Abs(x0) + 1)*log(Abs(x3) + 1)**2 - 0.012711447921013*log(Abs(x0) + 1)*log(Abs(x3) + 1)*log(Abs(x4) + 1) + 0.0215641926941104*log(Abs(x0) + 1)*log(Abs(x3) + 1) - 0.00153814351096604*log(Abs(x0) + 1)*log(Abs(x4) + 1)**2 + 0.0199844232645363*log(Abs(x0) + 1)*log(Abs(x4) + 1) + 0.00177763399739573*log(Abs(x0) + 1) + 0.775738036805398*log(Abs(x1) + 1)**3 - 1.50380694532706*log(Abs(x1) + 1)**2*log(Abs(x2) + 1) + 0.0279137016747458*log(Abs(x1) + 1)**2*log(Abs(x3) + 1) + 0.0129511022308247*log(Abs(x1) + 1)**2*log(Abs(x4) + 1) - 0.193178994495881*log(Abs(x1) + 1)**2 + 2.22078964141861*log(Abs(x1) + 1)*log(Abs(x2) + 1)**2 - 0.0591388736381494*log(Abs(x1) + 1)*log(Abs(x2) + 1)*log(Abs(x3) + 1) - 0.0304764843695284*log(Abs(x1) + 1)*log(Abs(x2) + 1)*log(Abs(x4) + 1) - 0.0580814960615937*log(Abs(x1) + 1)*log(Abs(x2) + 1) - 0.00595541280192807*log(Abs(x1) + 1)*log(Abs(x3) + 1)**2 - 0.00525632874803239*log(Abs(x1) + 1)*log(Abs(x3) + 1)*log(Abs(x4) + 1) - 0.0256341671735265*log(Abs(x1) + 1)*log(Abs(x3) + 1) - 0.0085039346715606*log(Abs(x1) + 1)*log(Abs(x4) + 1)**2 - 0.0248372269124068*log(Abs(x1) + 1)*log(Abs(x4) + 1) - 0.00300294377313667*log(Abs(x1) + 1) - 1.20154455830564*log(Abs(x2) + 1)**3 - 0.000877111567536643*log(Abs(x2) + 1)**2*log(Abs(x3) + 1) + 0.034852614717979*log(Abs(x2) + 1)**2*log(Abs(x4) + 1) + 0.0755629358178111*log(Abs(x2) + 1)**2 + 0.0243570499577657*log(Abs(x2) + 1)*log(Abs(x3) + 1)**2 + 0.0143987061679728*log(Abs(x2) + 1)*log(Abs(x3) + 1)*log(Abs(x4) + 1) + 0.0139052552381765*log(Abs(x2) + 1)*log(Abs(x3) + 1) - 0.00472875660817373*log(Abs(x2) + 1)*log(Abs(x4) + 1)**2 + 0.013217197051462*log(Abs(x2) + 1)*log(Abs(x4) + 1) + 0.00101014046844746*log(Abs(x2) + 1) + 0.0040266716578605*log(Abs(x3) + 1)**3 - 0.00141336613916142*log(Abs(x3) + 1)**2*log(Abs(x4) + 1) + 0.00214123363072916*log(Abs(x3) + 1)**2 + 0.00530261250334219*log(Abs(x3) + 1)*log(Abs(x4) + 1)**2 + 0.000900544097826472*log(Abs(x3) + 1)*log(Abs(x4) + 1) + 0.000160380478101957*log(Abs(x3) + 1) + 0.0122733013422402*log(Abs(x4) + 1)**3 - 0.00137618540600204*log(Abs(x4) + 1)**2 + 6.42249801610442e-5*log(Abs(x4) + 1) + 56.6475479835784
3seed,haiku,bare,0,bonus.7,0,1.1,regression_dump,False,1.14267267896072e-93*x0**3 + 1.26438714436905e-67*x0**2*x1 - 1.90344989150205e-42*x0**2*x2 + 1.60873412433288e-67*x0**2 + 3.87598579133337e-42*x0*x1**2 + 8.263282169245e-20*x0*x1*x2 + 1.17702827236604e-41*x0*x1 - 1.23051602669188e-45*x0*x2**2 + 1.27398395186163e-18*x0*x2 + 2.3821049778368e-41*x0 - 4.8935197514756e-18*x1**3 - 3.69096221784865e-45*x1**2*x2 + 1.85135555391683e-18*x1**2 - 3.54238210980222e-71*x1*x2**2 + 4.08459851292742e-44*x1*x2 - 4.89351975146085e-18*x1 - 6.44823739078432e-98*x2**3 + 1.0010549597057e-70*x2**2 - 3.92815001968262e-44*x2 + 2.83819399513052e-18
3seed,haiku,bare,0,i.15.3x,0,0.00052,approx,False,x0 - x1*x2
3seed,haiku,bare,0,bonus.9,0,2.7e+06,regression_dump,False,4.73958923795167e-99*x0**2*x1**2 - 5.17744766630457e-74*x0**2*x1 - 9.75815179357055e-70*x0**2*x2**2 + 3.87905457969467e-50*x0**2 - 3.27047594023435e-74*x0*x1**2 + 2.26242676281765e-49*x0*x1 + 1.42869976074978e-34*x0*x2 - 4.1972093093803e-25*x0 - 1.52498363571636e-69*x1**2*x2**2 + 3.39903180446778e-50*x1**2 + 1.61332979949707e-34*x1*x2 - 4.56604765795869e-25*x1 - 1.326916897712e-20*x2**2 - 2.39390411106538e-10*x2 + 0.704865
3seed,haiku,bare,0,i.39.22,1,8.1e-15,solved,False,1.3806490000000113e-23*x0*x1/x2
3seed,haiku,bare,0,i.37.4,0,0.4,wrong_structure,False,(x0 + x1)*(1.02936307367073*sin(x2)**2 + 0.95908100945266*cos(x2)**2)
3seed,haiku,bare,0,i.40.1,0,0.071,wrong_structure,True,x0*(1.0720492974 - 0.4586815194*x2 - 0.0001470547*x3)
3seed,haiku,bare,0,i.6.20a,0,1.4,wrong_structure,False,sin(pi*x0)/(pi*x0)
3seed,haiku,bare,0,i.30.3,0,6.8e+02,wrong_structure,True,152.8313920187*x0 + 210.9144489061*x1 - 23.649489539*x2 - 41858.0542009016
3seed,haiku,bare,0,i.32.17,0,5.9e+12,wrong_structure,False,x0*x2 + x1*x3
3seed,haiku,bare,0,ii.11.28,0,0,undecidable,False,sin(x0*x1) + 1
3seed,haiku,bare,0,i.6.20,0,1.5,regression_dump,False,0.01197149*x0**2 + 0.00997447*x1**2 + 0.01974894*x1 - 0.15954516*sqrt(x0**2 + x1**2) - 0.03184506*sin(x1) + 0.11258563*cos(x0)*cos(x1) + 0.03412904*cos(x0) - 0.38581902*cos(2*x0) - 1.14013177*Abs(sin(x0)) + 1.18122045
3seed,haiku,bare,0,i.6.20b,0,1,wrong_structure,False,x0*x1*exp(-5*x2)*sin(x0*x1) + x2*exp(-5*x2)*sin(x0*x1)
3seed,haiku,bare,0,ii.13.34,0,0.00062,approx,False,x0*x1
3seed,haiku,bare,0,i.50.26,0,0.86,regression_dump,False,0.508293978488743 + 0.657672812082528*x0 + 8.9353908254455e-05*x1 - 37.4337413875319*x2 - 0.974381718858758*x3 - 0.00869624460307315*x0**2 - 2.73426904986215e-06*x0*x1 - 9.76427851081151*x0*x2 + 1.29926543441328*x0*x3 - 2.39368077470381e-06*x1**2 - 0.00122872825232753*x1*x2 + 0.00591912314319449*x1*x3 + 464.803287017469*x2**2 - 5.6087861398701*x2*x3 + 15.4298030488619*x3**2
3seed,haiku,bare,0,ii.35.18,0,3e-11,near_exact_approx,False,x0/2
3seed,haiku,bare,0,ii.11.20,0,44,wrong_structure,False,12131.8179476638*x2 + 106714.349463098
3seed,haiku,bare,0,ii.6.15a,0,1.6,wrong_structure,False,9.10510562510315e+18*exp(9392790.20279059*x1 - 2317250827.52475*x2)
3seed,haiku,bare,0,iii.10.19,0,1.1e+21,wrong_structure,False,25*x1**2*x2/4 - 4*x1**2*x3 - 62*x1*x2**2/5 + 15*x2**2*x3/2
3seed,haiku,bare,0,ii.35.21,0,13,wrong_structure,False,x2/x3
3seed,haiku,bare,0,iii.4.33,0,0.00016,approx,False,1.380405e-23*x1
3seed,haiku,bare,0,ii.6.15b,0,52,regression_dump,False,(x0/x2) * (1.509540e+30 * sinh(x1) - 5.610071e+29 * cosh(x1) - 8.872528e+29 * sinh(x1)**2 - 7.448387e+27 * cosh(x1)**2 + 2.653366e+29 * sinh(x1) * cosh(x1) - 2.025454e+30 * x1 * sinh(x1) - 5.957443e+29 * x1 * cosh(x1) - 1.588720e+30 * x1**2 * sinh(x1) + 2.850860e+30 * x1**2 * cosh(x1) - 5.733372e+29 * sinh(x1)**3 + 5.817141e+29 * cosh(x1)**3) + 3.47226386186601e+16
3seed,haiku,harness,1,bonus.15,0,0.0034,approx,True,x1*(1 - cos(x2)/135)
3seed,haiku,harness,1,bonus.10,0,0.006,approx,False,cos(x0 + 3*x1/1e9)
3seed,haiku,harness,1,bonus.16,0,1.4e-11,undecidable,True,299792458*abs(x0-x1*x2)
3seed,haiku,harness,1,bonus.17,0,0,undecidable,False,x1**2 / (2 * x0)
3seed,haiku,harness,1,bonus.13,0,0.12,wrong_structure,False,13524244278 * x1 / ((x2 + x3) * sqrt(x4))
3seed,haiku,harness,1,bonus.4,0,0,undecidable,True,sqrt(2*(x1 - x2)/x0)
3seed,haiku,harness,1,bonus.2,0,0.98,wrong_structure,False,3.004458e+25*x0*x1*cos(x4 - x5)/(x2**2*x3)
3seed,haiku,harness,1,bonus.1,0,1,wrong_structure,False,4.582942e-55*x0**(11/7)*x1**2/(x2**2*x3**(15/4))
3seed,haiku,harness,1,i.15.3t,0,2e-05,approx,True,x0
3seed,haiku,harness,1,i.34.14,0,0.0011,approx,False,x1
3seed,haiku,harness,1,bonus.12,0,1.6e+03,wrong_structure,False,x0 / (x1 * (x2 - x4))
3seed,haiku,harness,1,i.39.22,1,0,solved,False,1.380649e-23*x0*x1/x2
3seed,haiku,harness,1,bonus.9,0,0.18,wrong_structure,True,-4/(pi*1e82)*(x0*x1)**(5/2)/x2**5
3seed,haiku,harness,1,i.41.16,0,0.00069,data_artifact,False,1.55603e-41 * x0**2 * x1
3seed,haiku,harness,1,i.37.4,0,0.23,wrong_structure,False,4.09420908888799e-6*exp(8.44410800499378*(35.6156*x0 + 35.6156*x1)**(1/8) + cos(x2))
3seed,haiku,harness,1,i.29.16,1,0,solved,True,sqrt(x0**2 + x1**2 + 2*x0*x1*cos(x2-x3))
3seed,haiku,harness,1,bonus.7,0,4.6,wrong_structure,False,2.17 * x0**(1/3) * x2**(-1/3) * (1 + x1)**(-1/15)
3seed,haiku,harness,1,i.44.4,0,0.23,wrong_structure,False,1e-23*x0*x1*(x2 - x3)/sqrt(x2*x3)
3seed,haiku,harness,1,i.6.20a,1,0,solved,False,1/sqrt(2*pi)*exp(-x0**2/2)
3seed,haiku,harness,1,ii.11.27,0,3.2e-09,undecidable,False,8.854e-12*x0*x1*x2
3seed,haiku,harness,1,ii.11.28,0,0,undecidable,True,1 + x0*x1
3seed,haiku,harness,1,ii.35.18,0,3e-11,near_exact_approx,True,0.5*x0
3seed,haiku,harness,1,ii.35.21,0,2e-11,undecidable,False,x0*x1**2*x2/(1.380649e-23*x3)
3seed,haiku,harness,1,i.9.18,0,0.49,wrong_structure,False,6e-12*x0*x1*exp(-sqrt(x2**2 + x3**2 + x4**2 + x5**2 + x6**2 + x7**2)/5)
3seed,haiku,harness,1,i.6.20,0,0.095,wrong_structure,False,7*x1/(16*(x0**2 + x1**2))
3seed,haiku,harness,1,ii.11.20,0,1,wrong_structure,False,x2*abs(x1)**1.75/x3
3seed,haiku,harness,1,ii.36.38,0,1.9e-07,undecidable,False,9.10198e+16*x0*x3*x4/x2
3seed,haiku,harness,1,ii.24.17,0,0.12,wrong_structure,False,86.85 - 2.047/x1 + 3.296e-20*x0**2
3seed,haiku,harness,1,ii.6.15b,1,1.3e-12,solved,True,1.3481613657e+10*x0*sin(2*x1)/x2**3
3seed,haiku,harness,1,ii.6.15a,0,0.25,wrong_structure,True,10**10.686857 * x0 * x1 / x2**5 * sqrt(abs(x3)) * sqrt(abs(x4))
3seed,haiku,bare,1,bonus.10,0,0.006,approx,False,sin(x0 + 2.9075867664779e-9*x1 + 1.570690624040)
3seed,haiku,bare,1,bonus.15,0,0.0028,approx,False,3.1760054859924*x0 + 1.00032791715452*x1 - 10667471.7125626
3seed,haiku,bare,1,bonus.13,0,1.6,wrong_structure,False,93260701020.7834*x1 + 152434573.444277
3seed,haiku,bare,1,bonus.1,0,1,placeholder,True,0
3seed,haiku,bare,1,bonus.17,0,0,undecidable,False,x1**2/(2*x0)
3seed,haiku,bare,1,bonus.16,0,0.84,regression_dump,False,1.07239663948573e-14*x0**2 + 1.09376796001945e-6*x0*x2 - 1.65889165058184e-8*x0*x4 - 1.44797240650006e-9*x0 + 1.09164926988607e-18*x1**2 - 5.9370046057492e-9*x1*x2 + 1.02126176370899e-10*x1*x4 - 4.43336756221206e-11*x1 + 6.54836393854391e-5*x2**2 + 0.000560187382592055*x2*x4 + 0.000127231708977489*x2 - 7.55558809961698e-15*x3 + 0.00483634659560831*x4**2 + 0.0605034903789718*x4 + 10.0865407717514
3seed,haiku,bare,1,bonus.2,0,5.3,regression_dump,False,175415.0825*x1*x4**3 - 1095309.0561*x1*x4**2 - 258598.366*x1*x4*x5**2 + 1773392.7758*x1*x4*x5 - 2433333.407*x1*x4 + 801449.2037*x1*x5**3 - 5988909.9936*x1*x5**2 + 5154689.4385*x1*x5 + 9433777.1111*x1 + 602076.1374*x2*x4**3 - 1005482.4438*x2*x4**2*x5 - 4157654.2293*x2*x4**2 + 1523589.7029*x2*x4*x5**2 + 7974358.0832*x2*x4*x5 - 17720717.3554*x2*x4 - 5741539.6008*x2*x5**3 + 46901815.2974*x2*x5**2 - 128201373.6484*x2*x5 + 113772536.6569*x2 - 1661297930194.44*x4**3*x5 + 43559916894.2681*x4**3 + 1281978457951.79*x4**2*x5**2 - 94642203412.0826*x4**2*x5 + 16532104968.4205*x4**2 - 678142707563.726*x4*x5**3 + 21104288330.3352*x4*x5**2 - 6552876545.7359*x4*x5 + 2288465586.7689*x4 + 262573661011.534*x5**3 + 57268582088.7582*x5**2 + 7819226157.3088*x5 + 3.57159648508393e+16
3seed,haiku,bare,1,i.15.3t,0,2e-05,approx,False,x0
3seed,haiku,bare,1,bonus.9,0,1.8e+06,regression_dump,False,-3.3210609794185e-50*x0**2 - 1.46559475321703e-49*x0*x1 + 7.99028384563863e-35*x0*x2 + 1.70339244620571e-25*x0 - 3.35799793518242e-52*x1**2 + 6.76930110839869e-35*x1*x2 - 2.17956795267007e-26*x1 - 4.10053751581915e-20*x2**2 + 1.06197596392601e-10*x2 - 0.0451772641738946
3seed,haiku,bare,1,bonus.12,0,0.99,regression_dump,False,-175995549.737561*exp(894.808450852896*x0**2 - 1.03167832538*x0*x2 - 0.0588034266112402*x0*x3 - 2.43198368509259*x0*x4 + 2.77632886330354*x0 + 2.28673821801923*x2**2 + 0.0157588959960029*x2*x3 + 30.530598277449*x2*x4 - 14.2231714234074*x2 - 0.00249892590609235*x3**2 + 0.0231639056578357*x3*x4 - 0.0434221349797723*x3 + 2.33037247694171*x4**2 - 14.2001472996978*x4)
3seed,haiku,bare,1,bonus.7,0,0.37,wrong_structure,False,-284248145.951088*x1/x2 + 8.46025306794855e-19
3seed,haiku,bare,1,i.34.14,0,5.9e-07,undecidable,False,x0 + x1
3seed,haiku,bare,1,bonus.4,0,0.34,regression_dump,False,1.15958787558221e-48*x0**2 - 9.67953115476117e-51*x0*x1 + 9.06496294755809e-51*x0*x2 - 1.0453118191946e-36*x0*x3 + 2.38583397534258e-35*x0*x4 - 1.10353045555974e-23*x0 - 4.79384436137048e-53*x1**2 + 9.37755637912357e-53*x1*x2 + 2.67034341051041e-37*x1*x3 - 2.36970285765918e-38*x1*x4 + 1.11286211418519e-25*x1 - 4.62987583966273e-53*x2**2 - 4.32939961449392e-37*x2*x3 + 5.84431477253369e-37*x2*x4 - 1.07941441438184e-25*x2 + 6.15683567261244e-21*x3**2 - 4.53657837039535e-21*x3*x4 + 7.04573223328288e-12*x3 + 6.47275392721071e-21*x4**2 - 1.28068521531933e-10*x4 + 18.0943440255271
3seed,haiku,bare,1,i.41.16,0,9.6,wrong_structure,False,5.63451072243734e-39*exp(0.352945204152998*x0 + 0.00247630514030372*x1)
3seed,haiku,bare,1,i.29.16,0,0.12,regression_dump,False,-0.004987900276189579*x0**3 + 0.004494577673262607*x0**2*x1 + 2.0234430591097188e-5*x0**2*x2 + 0.002671516041232391*x0**2*x3 + 0.07242341482401135*x0**2 + 0.008783635541805567*x0*x1**2 - 0.0017942242878945564*x0*x1*x2 + 0.0035106884389647574*x0*x1*x3 - 0.20236319953357168*x0*x1 + 0.0018590062641719576*x0*x2**2 + 0.02096358569629452*x0*x2*x3 - 0.07347100243007815*x0*x2 + 0.0034264340171474067*x0*x3**2 - 0.11217916009897806*x0*x3 + 1.0180892741766385*x0 - 0.0036070805833936003*x1**3 - 0.0019734545297249067*x1**2*x2 + 0.0038701014759520125*x1**2*x3 + 0.05229820711821657*x1**2 + 0.003100741837298505*x1*x2**2 + 0.018598553670942732*x1*x2*x3 - 0.06218873207452688*x1*x2 + 0.001019547528563386*x1*x3**2 - 0.09873147202802811*x1*x3 + 1.0501237726322288*x1 + 0.0013862889468672518*x2**3 - 0.0011692247390405178*x2**2*x3 - 0.01506437300976053*x2**2 + 0.0007242817961282009*x2*x3**2 - 0.007843827128186945*x2*x3 + 0.06652127409554942*x2 + 0.001305226410845209*x3**3 - 0.020090070355091014*x3**2 + 0.14811314927738578*x3 - 0.25129412534010376
3seed,haiku,bare,1,i.6.20a,1,0,solved,False,sqrt(2)*exp(-x0**2/2)/(2*sqrt(pi))
3seed,haiku,bare,1,i.6.20,0,0.57,wrong_structure,False,0.09904395/(x0**2 + x1**2) - 0.00132738/(x0**2 + x1**2)**2 + 0.07249175912958594
3seed,haiku,bare,1,i.44.4,0,1.4,regression_dump,False,5.06959711744931e-49*x0**2 + 9.23623035015691e-25*x0*x1 + 1.36601738765047e-17*x0*x2 - 1.44206273234112e-17*x0*x3 - 2.01470256007437e-22*x0 - 0.0358222545299049*x1**2 + 1275997.24022163*x1*x2 - 1379897.91702369*x1*x3 + 22.411792452194*x1 - 479872803430.632*x2**2 + 62248470696.3022*x2*x3 + 85343068.477306*x2 + 426464735214.43*x3**2 - 48839929.749064*x3 - 1881.25884733499
3seed,haiku,bare,1,i.37.4,0,0.061,regression_dump,False,-0.0865976176361625*x0**3 - 0.063230725923113*x0**2*x1 + 0.205031242837271*x0**2*x2 + 0.282317566955396*x0**2*sin(x2) - 6.81226812610173*x0**2*cos(x2) - 0.665333968583547*x0**2 - 0.0176604897959718*x0*x1**2 + 0.087950419195961*x0*x1*x2 + 0.287468959993308*x0*x1*sin(x2) + 18.5501492624362*x0*x1*cos(x2) - 0.326602570445323*x0*x1 - 0.00648517685505534*x0*x2**2 - 0.0117611616124838*x0*x2*sin(x2) + 0.0508431530497617*x0*x2*cos(x2) - 0.0293142579771466*x0*x2 + 0.375232204433981*x0*sin(x2)**2 + 0.0241902883923726*x0*sin(x2)*cos(x2) - 0.0715646706103896*x0*sin(x2) + 0.404669268705221*x0*cos(x2)**2 + 0.753515201367088*x0*cos(x2) + 0.779901473139222*x0 + 0.0180719743856103*x1**3 - 0.0616207318824227*x1**2*x2 + 0.0427787389699354*x1**2*sin(x2) - 6.18504013275021*x1**2*cos(x2) + 0.0198168872376863*x1**2 + 0.0125707809240931*x1*x2**2 - 0.00757874166717976*x1*x2*sin(x2) - 0.0156134082415473*x1*x2*cos(x2) - 0.0544984593492614*x1*x2 + 0.345132320812173*x1*sin(x2)**2 - 0.00390398902894118*x1*sin(x2)*cos(x2) + 0.0508896483561403*x1*sin(x2) + 0.328540728104568*x1*cos(x2)**2 + 0.838357613849992*x1*cos(x2) + 0.673673048916815*x1 + 0.0130567189358053*x2**3 - 0.0861333376328546*x2**2*sin(x2) - 0.0644267288664486*x2**2*cos(x2) - 0.0188613551766589*x2**2 - 0.0390588733554744*x2*sin(x2)**2 + 0.110282612975759*x2*sin(x2)*cos(x2) + 0.353598355826017*x2*sin(x2) - 0.0740238396435204*x2*cos(x2)**2 + 0.195127319592129*x2*cos(x2) - 0.113082712998555*x2 + 0.0617044138987151*sin(x2)**3 - 0.0496644952718275*sin(x2)**2*cos(x2) - 0.232741373433755*sin(x2)**2 + 0.061162325215637*sin(x2)*cos(x2)**2 - 0.192618375183782*sin(x2)*cos(x2) + 0.122866739114452*sin(x2) - 0.0624240389765198*cos(x2)**3 + 0.2327413734337*cos(x2)**2 - 0.112088534248547*cos(x2) - 0.0598764471008428
3seed,haiku,bare,1,ii.11.27,0,1.5e-07,undecidable,False,8.85400136381825e-12*x0*x1*x2
3seed,haiku,bare,1,ii.11.28,0,0,undecidable,True,x0*x1 + 1
3seed,haiku,bare,1,i.39.22,0,2.1,regression_dump,False,-1.06902802114299e-17*x0 - 25364.4164747063*x1 - 36658330713.8293*x2 - 1492540.47173828*(3.93312255846941e-25*x0 - 0.865134090103117)**4 + 8039958.43732036*(3.93312255846941e-25*x0 - 0.865134090103117)**3*(0.00402364643593769*x1 - 0.859714871081815) - 2575766.32690393*(3.93312255846941e-25*x0 - 0.865134090103117)**3*(3952.70986803937*x2 - 0.864411799821872) + 7748200.02991071*(3.93312255846941e-25*x0 - 0.865134090103117)**3 + 4632235.3256608*(3.93312255846941e-25*x0 - 0.865134090103117)**2*(0.00402364643593769*x1 - 0.859714871081815)**2 - 16226278.7693064*(3.93312255846941e-25*x0 - 0.865134090103117)**2*(0.00402364643593769*x1 - 0.859714871081815)*(3952.70986803937*x2 - 0.864411799821872) - 19110194.3764031*(3.93312255846941e-25*x0 - 0.865134090103117)**2*(0.00402364643593769*x1 - 0.859714871081815) + 8746386.1199208*(3.93312255846941e-25*x0 - 0.865134090103117)**2*(3952.70986803937*x2 - 0.864411799821872)**2 - 12822683.466221*(3.93312255846941e-25*x0 - 0.865134090103117)**2*(3952.70986803937*x2 - 0.864411799821872) - 18655487.7526929*(3.93312255846941e-25*x0 - 0.865134090103117)**2 - 1125779.74721877*(3.93312255846941e-25*x0 - 0.865134090103117)*(0.00402364643593769*x1 - 0.859714871081815)**3 - 6311402.30778296*(3.93312255846941e-25*x0 - 0.865134090103117)*(0.00402364643593769*x1 - 0.859714871081815)**2*(3952.70986803937*x2 - 0.864411799821872) - 6328348.16642107*(3.93312255846941e-25*x0 - 0.865134090103117)*(0.00402364643593769*x1 - 0.859714871081815)**2 + 122637151.776865*(3.93312255846941e-25*x0 - 0.865134090103117)*(0.00402364643593769*x1 - 0.859714871081815)*(3952.70986803937*x2 - 0.864411799821872)**2 - 277013747.718277*(3.93312255846941e-25*x0 - 0.865134090103117)*(0.00402364643593769*x1 - 0.859714871081815)*(3952.70986803937*x2 - 0.864411799821872) + 59823369.5221239*(3.93312255846941e-25*x0 - 0.865134090103117)*(0.00402364643593769*x1 - 0.859714871081815) - 76900154.5828549*(3.93312255846941e-25*x0 - 0.865134090103117)*(3952.70986803937*x2 - 0.864411799821872)**3 + 279771614.256489*(3.93312255846941e-25*x0 - 0.865134090103117)*(3952.70986803937*x2 - 0.864411799821872)**2 - 184443259.231696*(3.93312255846941e-25*x0 - 0.865134090103117)*(3952.70986803937*x2 - 0.864411799821872) + 1160747.52764597*(0.00402364643593769*x1 - 0.859714871081815)**4 - 2557100.74416015*(0.00402364643593769*x1 - 0.859714871081815)**3*(3952.70986803937*x2 - 0.864411799821872) - 3945807.79864328*(0.00402364643593769*x1 - 0.859714871081815)**3 + 6704662.19827411*(0.00402364643593769*x1 - 0.859714871081815)**2*(3952.70986803937*x2 - 0.864411799821872)**2 - 2085194.34828435*(0.00402364643593769*x1 - 0.859714871081815)**2*(3952.70986803937*x2 - 0.864411799821872) - 10185067.146351*(0.00402364643593769*x1 - 0.859714871081815)**2 - 73031422.3950388*(0.00402364643593769*x1 - 0.859714871081815)*(3952.70986803937*x2 - 0.864411799821872)**3 + 273486188.37064*(0.00402364643593769*x1 - 0.859714871081815)*(3952.70986803937*x2 - 0.864411799821872)**2 - 192376103.625085*(0.00402364643593769*x1 - 0.859714871081815)*(3952.70986803937*x2 - 0.864411799821872) + 54432615.390054*(3952.70986803937*x2 - 0.864411799821872)**4 - 264394855.057531*(3952.70986803937*x2 - 0.864411799821872)**3 + 313601859.233305*(3952.70986803937*x2 - 0.864411799821872)**2 + 21006436.4135118
3seed,haiku,bare,1,ii.35.18,0,3e-11,near_exact_approx,True,x0/2
3seed,haiku,bare,1,i.9.18,0,32,regression_dump,False,1.77718410335596e-12*x0*x1 + 9.24130699589285e-12*x0*x2 + 1.28578373089568e-11*x0*x3 - 5.07904322061168e-12*x0*x4 - 4.23792299547684e-12*x0*x5 + 1.36913590526892e-11*x0*x6 + 5.12393552047123e-12*x0*x7 - 9.4648884722263e-11*x0 + 4.72700142663529e-12*x1*x2 + 1.33392628387179e-11*x1*x3 - 3.83593464099155e-12*x1*x4 + 1.19644448814414e-11*x1*x6 + 4.95109498144784e-12*x1*x7 - 7.61238789882763e-11*x1 + 8.26050129386913e-11*x2**2 + 6.74586397273023e-10*x2*x3 - 1.43384125108101e-11*x2*x4 - 3.32105803404753e-11*x2*x5 + 9.13178836971821e-11*x2*x6 - 1.50773223917763e-11*x2*x7 - 1.51389097746336e-9*x2 + 1.29741256755301e-10*x3**2 - 9.42317763921626e-12*x3*x4 + 6.3435764569222e-11*x3*x5 + 1.66947349482061e-10*x3*x6 + 7.72886037568911e-11*x3*x7 - 2.67940712153513e-9*x3 - 2.43392318239606e-11*x4**2 + 5.02901330276106e-10*x4*x5 - 6.05416596637651e-11*x4*x6 + 9.61154068990278e-12*x4*x7 + 9.66970808433835e-10*x4 - 1.81459421333819e-10*x5**2 - 6.67768846172935e-11*x5*x6 - 7.35743130601223e-12*x5*x7 + 3.39725514966648e-10*x5 - 4.49898562599332e-11*x6**2 + 3.82765167048406e-10*x6*x7 - 2.55619779816215e-9*x6 - 1.15107777335699e-10*x7**2 - 1.26459425897636e-9*x7
3seed,haiku,bare,1,ii.35.21,0,47,wrong_structure,False,2*x1**3/(51*x3**2) + 2*x2/51
3seed,haiku,bare,1,ii.36.38,0,1.8,regression_dump,False,-6.68606711080446e-32*x0**2 - 2.26090038639163e-8*x0*x1*x2*x3 - 2011096335641.9*x0*x1*x2*x4 - 1.84073708618833e-7*x0*x1*x2 + 4.32889607796813e+15*x0*x1*x3*x4 - 4.02833804965258e-10*x0*x1*x3 + 666698547400332.0*x0*x1*x4 - 1.58505644167957e-9*x0*x1 - 5667215314255.47*x0*x2*x3*x4 - 4.41958626086329e-7*x0*x2*x3 + 167754401281.903*x0*x2*x4 - 3.420327637112e-6*x0*x2 + 3.00038137554424e+15*x0*x3*x4 + 1.1489830523059e-8*x0*x3 + 25813267420503.4*x0*x4 + 1.57792678000894e-8*x0 - 16105758302279.1*x1**2 + 8.20048763382207e-11*x1*x2*x3*x4 - 5953777518334.94*x1*x2*x3 - 2.17638957840962e-11*x1*x2*x4 - 167423112942.417*x1*x2 - 2.63138055184227e-8*x1*x3*x4 + 156342770311675.0*x1*x3 + 8.31989971045431e-9*x1*x4 + 85794560874524.8*x1 + 2621418813.40026*x2**2 + 1.56267684546377e-12*x2*x3*x4 - 582841020554.927*x2*x3 - 4.18220490210697e-13*x2*x4 - 1855173427786.31*x2 + 60219001748273.5*x3**2 - 5.75558311560581e-10*x3*x4 + 287823904539176.0*x3 + 1.38512232813378e-35*x4**2 + 7.44251173403782e-11*x4 + 145169828561540.0
3seed,haiku,bare,1,ii.24.17,0,0.88,regression_dump,False,-1.12076645961033e-7*x0*x1**3 + 1.2710149979319e-8*x0*x1**2 - 3.77056616967379e-10*x0*x1 + 3.089608822272e-12*x0 - 27780557.6272717*x1**4 + 7393108.99398632*x1**3 - 722434.278642611*x1**2 + 31037.0769948758*x1 - 473.352555599056
3seed,haiku,bare,1,ii.11.20,0,42,wrong_structure,False,0.05437846*x0*x1*x3 - 33.69916*x2*x3 + 19010.52*x2 - 0.0002324234*x3**3 + 122.1062*x3 + 176814.8
3seed,haiku,bare,1,ii.6.15a,0,1.4,wrong_structure,True,4.39684320333687e-11*x1*sqrt(x3)*x4**(12/25)/x2**5
3seed,haiku,bare,1,ii.6.15b,0,20,regression_dump,False,2.12208956644781e-22*x0**2 + 3.15860397009237e-5*x0*x1 + 1.00747982977645e-13*x0*x2 + 104.0*x0 - 5.93399419811871e+16*x1**2 + 736454382.476302*x1*x2 + 3.42278413599998e+17*x1 - 0.197729610544993*x2**2 - 13999771.3652608*x2 - 3.05829369428962e+17
3seed,haiku,harness,2,bonus.11,0,0,undecidable,True,x0*x2**2
3seed,haiku,harness,2,bonus.17,0,0,undecidable,True,x1**2/(2*x0)
3seed,haiku,harness,2,bonus.10,0,0.0004,approx,False,cos(x0 + 3.3902114e-9*x1*sin(x0))
3seed,haiku,harness,2,bonus.2,0,0.97,wrong_structure,False,x0*x1*sin(x4)*sin(x5)/x2**2
3seed,haiku,harness,2,bonus.14,0,3.3,wrong_structure,False,x0*cos(x1)/x4**2
3seed,haiku,harness,2,bonus.1,0,0.64,wrong_structure,True,3.81559930427673e-8*exp(-136993.23*x2**(1/4) + sqrt(x0*x1) + (x2 + x3**(1/4))*(0.30839777*x3**2 - 22.533958))
3seed,haiku,harness,2,bonus.20,0,0.82,wrong_structure,True,1.15e-28*x0**2/x1**2
3seed,haiku,harness,2,bonus.12,0,0.32,wrong_structure,False,-0.00200385*x0**2/(x1*((x2 - x4)**2 + 0.327762*Abs(x2 - x4))**2)
3seed,haiku,harness,2,bonus.3,0,0.18,wrong_structure,True,x0*cos(pi*x1/2)/(1 + 2*sin(x2)*sin(x3)/5)
3seed,haiku,harness,2,i.34.14,0,0.0011,approx,False,x1
3seed,haiku,harness,2,i.15.3x,0,0.00052,approx,False,x0 - x1*x2
3seed,haiku,harness,2,i.39.22,1,0,solved,True,1.380649e-23 * x0 * x1 / x2
3seed,haiku,harness,2,bonus.4,0,0,undecidable,False,sqrt(2*(x1 - x2)/x0)
3seed,haiku,harness,2,bonus.5,0,0.14,wrong_structure,True,sqrt(2)*pi*1e5*x0**(3/2)/(x1**(1/4)*x2**(1/4))
3seed,haiku,harness,2,i.6.20a,1,0,solved,True,exp(-x0**2/2)/sqrt(2*pi)
3seed,haiku,harness,2,bonus.7,0,0.7,wrong_structure,False,3e8*x1**2/x2
3seed,haiku,harness,2,ii.11.27,0,3.2e-09,undecidable,False,8.854e-12*x0*x1*x2
3seed,haiku,harness,2,i.41.16,0,0.00062,data_artifact,True,593/(381*1e41)*x0**2*x1
3seed,haiku,harness,2,ii.11.28,0,0,undecidable,True,1 + x0*x1
3seed,haiku,harness,2,i.44.4,0,0.59,wrong_structure,False,-x0*x1*(1/x2-1/x3)/(1.616e27)
3seed,haiku,harness,2,ii.35.18,0,3e-11,near_exact_approx,False,x0/2
3seed,haiku,harness,2,ii.35.21,0,7.1e-08,undecidable,True,7.24297e+22*x0*x1**2*x2/x3
3seed,haiku,harness,2,i.6.20,0,0.06,wrong_structure,False,0.375*x1*sin(sin(x0/x1)**2)/x0**2
3seed,haiku,harness,2,i.6.20b,0,1,wrong_structure,True,7/16*exp(-(x0-x1)**2/2)/(x2+(x0-x1)**2/x2)
3seed,haiku,harness,2,ii.13.23,0,2.8e-05,approx,False,x0*(1 + 5.88714e-18*x1**2)
3seed,haiku,harness,2,iii.4.33,0,4.6e-05,approx,False,1.380649e-23*x1
3seed,haiku,harness,2,ii.6.15a,1,0.00012,solved,True,2.696e10*x0*x1*sqrt(x3**2 + x4**2)/x2**5
3seed,haiku,harness,2,ii.24.17,0,0.17,wrong_structure,False,exp((sqrt(x1) + 23/20)*(log(abs(x0)) - 211/10))
3seed,haiku,harness,2,ii.6.15b,0,1.7,wrong_structure,False,-3.87577e+18*x0*x1**4*sin(x1)/x2**2
3seed,haiku,harness,2,iii.10.19,0,0.65,wrong_structure,False,51*x0 - 17*x0*(cos(x1) + cos(x2) + cos(x3)) - 37*x0*sin(x1)*sin(x2)*sin(x3) - x0*sin(x1)*sin(x2)/15 - 3*x0*sin(x1)*sin(x3)/7 + 5*x0*sin(x2)*sin(x3)/6
3seed,haiku,bare,2,bonus.10,0,0.021,wrong_structure,False,x0/sqrt(x0**2 + x1**2) + cos(x0)
3seed,haiku,bare,2,bonus.1,0,1,placeholder,True,0
3seed,haiku,bare,2,bonus.11,0,0,undecidable,True,x0*x2**2
3seed,haiku,bare,2,bonus.14,0,70,regression_dump,False,0.0028341301*x0**2*x4 - 45.5662733554*x0*x1*x3 - 42.8802717431*x0*x2**2 + 129.9759669138*x0*x2*x3 + 16.2232492998*x0 + 15291.2920900651*x2**2*x3 + 1875.8665983863*x2**2*x4 - 14133.4733696238*x2*x3*x4 + 917.1518336077*x3*x4**2 - 131.8345158855*x4**2
3seed,haiku,bare,2,bonus.20,0,2.7e+28,wrong_structure,False,x0**3/x1**3
3seed,haiku,bare,2,bonus.17,0,7.4,regression_dump,False,-17512.4210189527*x0*x1*x2 - 1.36368886994193e+24*x0*x1*x3 + 390734795163.769*x0*x1*x4 - 3.74638101620944e+24*x0*x1*x5 - 2.55089583410398e+17*x0*x1 - 2715999.41760195*x0*x2*x3 - 0.000403059283482921*x0*x2*x4 + 1666790.16884847*x0*x2*x5 - 0.0200772612430248*x0*x2 - 4.13130995634184e+16*x0*x3*x4 + 3.46696871936643e+25*x0*x3*x5 - 3.40979759128663e+18*x0*x3 + 3.37139926782162e+16*x0*x4*x5 - 388678628.727832*x0*x4 - 3.61526902514279e+17*x0*x5 + 18894679680.759*x0 - 2.02170145492179e+18*x1*x2*x3 + 2412557963.88648*x1*x2*x4 - 3.49282050843617e+19*x1*x2*x5 + 1135862147.76029*x1*x2 + 4.17341998448316e+29*x1*x3*x4 - 1.36977097925319e+39*x1*x3*x5 + 5.30586624215685e+29*x1*x3 + 1.48958772885797e+29*x1*x4*x5 + 1.95976192721071e+19*x1*x4 - 8.79670749632689e+29*x1*x5 + 4.02042193032158e+21*x1 - 51655097036.3306*x2*x3*x4 + 1.60411314785682e+20*x2*x3*x5 - 977973561.069506*x2*x3 - 151575474726.664*x2*x4*x5 + 51.1360173549389*x2*x4 + 397811037824.942*x2*x5 - 348.594248788267*x2 - 2.83100710635862e+31*x3*x4*x5 + 5.28770239833289e+21*x3*x4 + 8.02282786968328e+30*x3*x5 + 4.23974224754879e+22*x3 - 6.70003310003772e+21*x4*x5 + 1171746308015.15*x4 + 7.54511522053594e+22*x5 - 19806485961209.1
3seed,haiku,bare,2,bonus.5,0,0.15,wrong_structure,False,x0**(3/2)*exp(13)/(x1**(1/4)*x2**(1/4))
3seed,haiku,bare,2,bonus.12,0,1,wrong_structure,False,x0**2*x3/(x2*x4)
3seed,haiku,bare,2,bonus.3,0,0.17,regression_dump,False,1.00662215957083*x0 - 0.208479460403817*x0*x1 + 0.493873289094898*x0*x1**2 - 1.11401750485934*x0*x1**3 - 0.382456309373587*x0*sin(x2)*sin(x3) - 0.400499965591245*x0*cos(x2)*cos(x3) + 0.009585724692832*x0*sin(x2)*cos(x3) - 0.006896346796165*x0*cos(x2)*sin(x3) - 3413695.89651632
3seed,haiku,bare,2,bonus.4,0,0.13,wrong_structure,True,5.174495891113514*(x1/x0)**(1/3) - 11.125889488608571
3seed,haiku,bare,2,i.39.22,1,0,solved,False,1.380649e-23*x0*x1/x2
3seed,haiku,bare,2,i.34.14,0,5.9e-07,undecidable,False,x0 + x1
3seed,haiku,bare,2,i.41.16,0,0.00074,data_artifact,False,1.55588546238727e-41*x0**2*x1
3seed,haiku,bare,2,i.15.3x,0,0.99,wrong_structure,True,0.618836180344147*x0 - 2.07493367874704e-5*x1 + 0.000589346274755875*x2 + 12.4626362028483
3seed,haiku,bare,2,i.6.20,0,2.7,wrong_structure,False,sin(x1)/(x0**2 + 1)
3seed,haiku,bare,2,bonus.7,0,1,wrong_structure,False,x1*(1 - x1)
3seed,haiku,bare,2,bonus.2,0,52,wrong_structure,False,3.445869202806845e-7*x0 - 0.00531805865918179*x1*x2 + 28478976.022193*x1 + x4
3seed,haiku,bare,2,ii.11.27,0,3.2e-09,undecidable,False,4427*x0*x1*x2/500000000000000
3seed,haiku,bare,2,ii.11.28,0,0,undecidable,False,x0*x1 + 1
3seed,haiku,bare,2,i.6.20a,1,0,solved,False,sqrt(2)*exp(-x0**2/2)/(2*sqrt(pi))
3seed,haiku,bare,2,i.44.4,0,0.61,wrong_structure,True,6.371639007169e-28*x0*x1/x3 - 6.39889021067666e-28*x0*x1/x2 - 896.317120091897
3seed,haiku,bare,2,i.6.20b,0,1.5,regression_dump,False,7.14231603585091e-5*x0**4 - 2.94828731735964e-5*x0**3*x1 + 7.23585928033784e-7*x0**3*x2 + 2.86650216121049e-5*x0**3 + 8.08898217393421e-5*x0**2*x1**2 - 4.42212554662221e-5*x0**2*x1*x2 + 7.60326181809962e-5*x0**2*x1 - 8.46472012008809e-5*x0**2*x2**2 + 0.00118849500676493*x0**2*x2 - 0.00995274842147749*x0**2 - 2.65899048641962e-5*x0*x1**3 + 4.60987169485848e-5*x0*x1**2*x2 - 7.77949191512981e-6*x0*x1**2 - 4.26601398467734e-5*x0*x1*x2**2 - 6.2514130450535e-6*x0*x1*x2 + 0.0046716679862691*x0*x1 + 3.20995961003754e-5*x0*x2**3 - 0.000408065790079084*x0*x2**2 + 0.000908961450030852*x0*x2 - 0.00201725200229651*x0 + 6.40322092314484e-5*x1**4 - 1.27032699697016e-5*x1**3*x2 + 3.41893292399232e-5*x1**3 - 7.40148580380725e-5*x1**2*x2**2 + 0.00110574846263778*x1**2*x2 - 0.00935321909805709*x1**2 + 7.66254833873626e-6*x1*x2**3 - 0.000100948758168937*x1*x2**2 + 0.00101629389678852*x1*x2 - 0.001960684853951*x1 + 7.42428883050981e-5*x2**4 - 0.00179923377334271*x2**3 + 0.0176671736962424*x2**2 - 0.092325245754225*x2 + 0.30721882406725
3seed,haiku,bare,2,ii.35.18,0,3e-11,near_exact_approx,False,x0/2
3seed,haiku,bare,2,ii.13.23,0,0.0066,approx,False,1.00659680557032*x0 + 6.0906519652095e-24*x1 + 6.52368032736637e+23
3seed,haiku,bare,2,ii.35.21,0,48,wrong_structure,True,x2/25
3seed,haiku,bare,2,ii.24.17,0,0.1,wrong_structure,False,1.78840045605586e-8*x1*Abs(x0) + 2.53592287447377e-9*Abs(x0) - 32.4489279047176
3seed,haiku,bare,2,iii.10.19,0,23,wrong_structure,True,x0
3seed,haiku,bare,2,iii.4.33,0,0.00016,approx,False,1.3804048732054277e-23*x1
3seed,haiku,bare,2,ii.6.15b,0,21,regression_dump,False,-6.2956753073631e+16*x1**9 + 46704697449294.4*x1**8*x2 + 6.68803852770564e+17*x1**8 + 14653198305047.0*x1**7*x2 - 2.61203159793502e+18*x1**7 + 4541183718662.6*x1**6*x2 + 4.1256619608556e+18*x1**6 + 1359123876021.23*x1**5*x2 - 6.45745266355679e+17*x1**5 + 372024181573.43*x1**4*x2 - 4.16440343072515e+18*x1**4 + 86655279964.2556*x1**3*x2 + 2.75782816374075e+17*x1**3 + 15110417408.0*x1**2*x2 + 6.08395183073795e+18*x1**2 - 26982670464.0*x1*x2 - 4.02367920620457e+18*x1 + 3.44919248968732e+17
3seed,haiku,bare,2,ii.6.15a,0,7.7e+03,regression_dump,False,-1.68277816539163e+15*x0 + 7.85893363722006e+28*x1 - 3.80201199283531e+28*x2 + 1.83996753241562e+29*x3 - 6.87318504522804e+28*x4 + 1.98679166125611e+20
3seed,opus,bare+exact,0,bonus.11,0,0,undecidable,False,x0*x2**2
3seed,opus,bare+exact,0,bonus.17,0,0,undecidable,False,x1**2/(2*x0)
3seed,opus,bare+exact,0,bonus.15,1,0,solved,False,x1*sqrt(1 - x0**2/299792458**2)/(1 + x0*cos(x2)/299792458)
3seed,opus,bare+exact,0,bonus.13,0,1.3e-16,undecidable,False,x1/(4*pi*8.854e-12*sqrt(x2**2 + x3**2 - 2*x2*x3*cos(x4)))
3seed,opus,bare+exact,0,bonus.7,1,8.4e-16,solved,False,sqrt(8*pi*6.67430e-11*x0/3 - 89875517873681764*x1/x2**2)
3seed,opus,bare+exact,0,bonus.4,0,0,undecidable,False,sqrt(2*(x1 - x2)/x0)
3seed,opus,bare+exact,0,bonus.12,1,1.4e-16,solved,True,-x0**2*x2*x4/(4*pi*x1*(x2**2 - x4**2)**2) + x0*x3*x4/x2**2
3seed,opus,bare+exact,0,bonus.9,1,1.5e-16,solved,False,-32/5*6.6743e-11**4/299792458**5*(x0*x1)**2*(x0+x1)/x2**5
3seed,opus,bare+exact,0,bonus.19,1,8.1e-16,solved,False,299792458**2/(4*pi*6.6743e-11)*x2**2*(x3 - 1/2) - 299792458**4/(8*pi*6.6743e-11)*x0/x1**2
3seed,opus,bare+exact,0,i.30.3,1,0,solved,False,x0*sin(x1*x2/2)**2/sin(x2/2)**2
3seed,opus,bare+exact,0,i.15.3x,1,0,solved,False,(x0 - x1*x2)/sqrt(1 - x1**2/299792458**2)
3seed,opus,bare+exact,0,i.15.3t,1,0,solved,False,(x0 - x1*x2/299792458**2)/sqrt(1 - x1**2/299792458**2)
3seed,opus,bare+exact,0,i.39.22,1,0,solved,False,1.380649e-23*x0*x1/x2
3seed,opus,bare+exact,0,i.40.1,1,0,solved,False,x0*exp(-9.80665*x1*x2/(1.380649e-23*x3))
3seed,opus,bare+exact,0,i.37.4,1,0,solved,False,x0 + x1 + 2*sqrt(x0*x1)*cos(x2)
3seed,opus,bare+exact,0,i.6.20,1,1.3e-16,solved,False,exp(-x0**2/(2*x1**2))/(sqrt(2*pi)*x1)
3seed,opus,bare+exact,0,i.6.20a,1,0,solved,False,exp(-x0**2/2)/sqrt(2*pi)
3seed,opus,bare+exact,0,bonus.2,1,1.3e-16,solved,False,x0*x1/x2**2 + cos(x4 - x5)*sqrt(x0**2*x1**2/x2**4 + 2*x0*x3/x2**2)
3seed,opus,bare+exact,0,i.50.26,1,0,solved,False,x0*cos(x1*x2)*(1 + x3*cos(x1*x2))
3seed,opus,bare+exact,0,ii.11.20,1,1.2e-16,solved,False,x0*x1**2*x2/(3*1.380649e-23*x3)
3seed,opus,bare+exact,0,i.6.20b,1,1.4e-16,solved,False,exp(-(x0 - x1)**2/(2*x2**2))/(sqrt(2*pi)*x2)
3seed,opus,bare+exact,0,ii.13.34,1,0,solved,False,x0*x1/sqrt(1 - x1**2/299792458**2)
3seed,opus,bare+exact,0,ii.35.21,0,2e-11,undecidable,False,x0*x1**2*x2/(1.380649e-23*x3)
3seed,opus,bare+exact,0,ii.35.18,1,0,solved,False,x0/(2*cosh(x1*x2/(1.380649e-23*x3)))
3seed,opus,bare+exact,0,ii.11.28,1,0,solved,True,(3 + 2*x0*x1)/(3 - x0*x1)
3seed,opus,bare+exact,0,ii.6.15a,1,1.3e-16,solved,False,3*x0*x1*sqrt(x3**2 + x4**2)/(4*pi*8.854e-12*x2**5)
3seed,opus,bare+exact,0,iii.10.19,1,0,solved,False,x0*sqrt(x1**2 + x2**2 + x3**2)
3seed,opus,bare+exact,0,ii.6.15b,1,1.3e-16,solved,False,3*x0*sin(x1)*cos(x1)/(4*pi*8.854e-12*x2**3)
3seed,opus,bare+exact,0,iii.4.33,1,4.9e-10,solved,True,(6.62607015e-34/(2*pi))*x0/(exp((6.62607015e-34/(2*pi))*x0/(1.380649e-23*x1)) - 1)
3seed,opus,bare+exact,0,i.32.17,1,9.2e-16,solved,True,(4*pi/3)*8.854e-12*299792458*(x0*x1*x2**2/(x2**2 - x3**2))**2
3seed,opus,tools,0,bonus.17,0,0,undecidable,False,x1**2/(2*x0)
3seed,opus,tools,0,bonus.11,0,0,undecidable,True,x0*x2**2
3seed,opus,tools,0,bonus.15,1,0,solved,False,x1*sqrt(1 - (x0/299792458.0)**2)/(1 + (x0/299792458.0)*cos(x2))
3seed,opus,tools,0,bonus.12,0,7.3e-09,near_exact_approx,True,-x0**2*x2*x4/(4*pi*x1*(x2**2-x4**2)**2)
3seed,opus,tools,0,bonus.7,1,0,solved,True,sqrt(8*3.141592653589793*6.6743e-11*x0/3 - x1*(2.99792458e8)**2/x2**2)
3seed,opus,tools,0,bonus.9,1,5.4e-07,solved,False,-5.24444e-83*x0**2*x1**2*(x0 + x1)/x2**5
3seed,opus,tools,0,bonus.13,0,1.3e-16,undecidable,True,x1/(4*pi*8.854e-12*sqrt(x2**2+x3**2-2*x2*x3*cos(x4)))
3seed,opus,tools,0,i.15.3t,1,0,solved,True,(x0 - x1*x2/299792458**2)/sqrt(1 - x1**2/299792458**2)
3seed,opus,tools,0,i.15.3x,1,0,solved,False,(x0 - x1*x2)/sqrt(1 - x1**2/299792458**2)
3seed,opus,tools,0,bonus.4,0,0,undecidable,False,sqrt(2*(x1 - x2)/x0)
3seed,opus,tools,0,i.30.3,1,0,solved,False,x0*(sin(x1*x2/2)/sin(x2/2))**2
3seed,opus,tools,0,i.39.22,1,0,solved,False,1.380649e-23*x0*x1/x2
3seed,opus,tools,0,bonus.19,1,8.9e-16,solved,True,1.0715830073970647e26*x2**2*(x3 - 0.5) - 4.815453886722425e42*x0/x1**2
3seed,opus,tools,0,i.40.1,1,0,solved,False,x0*exp(-9.80665*x1*x2/(1.380649e-23*x3))
3seed,opus,tools,0,i.37.4,1,0,solved,False,x0 + x1 + 2*sqrt(x0*x1)*cos(x2)
3seed,opus,tools,0,i.6.20a,1,0,solved,False,exp(-x0**2/2)/sqrt(2*pi)
3seed,opus,tools,0,i.6.20,1,1.3e-16,solved,False,exp(-x0**2/(2*x1**2))/(sqrt(2*pi)*x1)
3seed,opus,tools,0,i.32.17,1,1.8e-16,solved,False,0.011118567317968392*(x0*x1)**2*x2**4/(x2**2-x3**2)**2
3seed,opus,tools,0,i.6.20b,1,1.4e-16,solved,False,exp(-(x0-x1)**2/(2*x2**2))/(sqrt(2*pi)*x2)
3seed,opus,tools,0,i.50.26,1,0,solved,False,x0*cos(x1*x2)*(1 + x3*cos(x1*x2))
3seed,opus,tools,0,ii.13.34,1,0,solved,False,x0*x1/sqrt(1 - x1**2/299792458**2)
3seed,opus,tools,0,ii.11.20,1,1.2e-16,solved,False,x0*x1**2*x2/(3*1.380649e-23*x3)
3seed,opus,tools,0,ii.35.21,0,2e-11,undecidable,False,x0*x1**2*x2/(1.380649e-23*x3)
3seed,opus,tools,0,ii.11.28,1,0,solved,True,(3 + 2*x0*x1)/(3 - x0*x1)
3seed,opus,tools,0,ii.35.18,1,0,solved,True,x0/(2*cosh(x1*x2/(1.380649e-23*x3)))
3seed,opus,tools,0,iii.10.19,1,0,solved,False,x0*sqrt(x1**2+x2**2+x3**2)
3seed,opus,tools,0,ii.6.15b,1,1e-06,solved,False,26963200000.0*x0*sin(x1)*cos(x1)/x2**3
3seed,opus,tools,0,iii.4.33,1,4.9e-10,solved,False,1.054571817e-34*x0/(exp(1.054571817e-34*x0/(1.380649e-23*x1)) - 1)
3seed,opus,tools,0,ii.6.15a,1,1.3e-16,solved,False,3/(4*pi*8.854e-12) * x0 * x1 * sqrt(x3**2 + x4**2) / x2**5
3seed,opus,tools,0,bonus.2,1,1.3e-16,solved,True,x0*x1/x2**2 + cos(x4-x5)*sqrt(x0)/x2*sqrt(x0*x1**2/x2**2 + 2*x3)
3seed,opus,tools+exact,0,bonus.11,0,0,undecidable,False,x0*x2**2
3seed,opus,tools+exact,0,bonus.15,1,0,solved,False,x1*sqrt(1 - x0**2/299792458**2)/(1 + x0*cos(x2)/299792458)
3seed,opus,tools+exact,0,bonus.17,0,0,undecidable,True,x1**2/(2*x0)
3seed,opus,tools+exact,0,bonus.13,0,1.3e-16,undecidable,False,x1/(4*pi*8.854e-12*sqrt(x2**2+x3**2-2*x2*x3*cos(x4)))
3seed,opus,tools+exact,0,bonus.4,0,0,undecidable,False,sqrt(2*(x1 - x2)/x0)
3seed,opus,tools+exact,0,bonus.9,1,1.5e-16,solved,False,-32/5*(6.6743e-11)**4/(299792458.0)**5*(x0*x1)**2*(x0+x1)/x2**5
3seed,opus,tools+exact,0,bonus.7,1,8.4e-16,solved,False,sqrt(8*pi*6.6743e-11/3*x0 - x1*299792458**2/x2**2)
3seed,opus,tools+exact,0,i.15.3x,1,0,solved,False,(x0 - x1*x2)/sqrt(1 - x1**2/299792458**2)
3seed,opus,tools+exact,0,bonus.19,1,8e-16,solved,False,299792458**2/(4*pi*6.6743e-11)*(x2**2*(x3 - 1/2) - 299792458**2*x0/(2*x1**2))
3seed,opus,tools+exact,0,i.30.3,1,0,solved,False,x0*(sin(x1*x2/2)/sin(x2/2))**2
3seed,opus,tools+exact,0,i.37.4,1,0,solved,False,x0 + x1 + 2*sqrt(x0*x1)*cos(x2)
3seed,opus,tools+exact,0,i.39.22,1,0,solved,False,1.380649e-23*x0*x1/x2
3seed,opus,tools+exact,0,i.40.1,1,0,solved,False,x0*exp(-x1*9.80665*x2/(1.380649e-23*x3))
3seed,opus,tools+exact,0,bonus.2,1,1.3e-16,solved,True,x0*x1/x2**2 + cos(x4-x5)*sqrt((x0*x1/x2**2)**2 + 2*x0*x3/x2**2)
3seed,opus,tools+exact,0,i.6.20,1,1.3e-16,solved,True,exp(-x0**2/(2*x1**2))/(sqrt(2*pi)*x1)
3seed,opus,tools+exact,0,i.6.20a,1,0,solved,False,exp(-x0**2/2)/sqrt(2*pi)
3seed,opus,tools+exact,0,i.6.20b,1,1.4e-16,solved,False,exp(-(x0-x1)**2/(2*x2**2))/(sqrt(2*pi)*x2)
3seed,opus,tools+exact,0,i.50.26,1,0,solved,False,x0*cos(x1*x2)*(1 + x3*cos(x1*x2))
3seed,opus,tools+exact,0,ii.11.20,1,1.2e-16,solved,False,x0*x1**2*x2/(3*1.380649e-23*x3)
3seed,opus,tools+exact,0,ii.13.34,1,0,solved,False,x0*x1/sqrt(1 - x1**2/299792458**2)
3seed,opus,tools+exact,0,ii.11.28,0,0,undecidable,True,1 + x0*x1 + (x0*x1)**2/3
3seed,opus,tools+exact,0,bonus.12,1,1.4e-16,solved,False,x0*x3*x4/x2**2 - x0**2*x2*x4/(4*pi*x1*(x2**2-x4**2)**2)
3seed,opus,tools+exact,0,ii.35.18,1,0,solved,False,x0/(2*cosh(x1*x2/(1.380649e-23*x3)))
3seed,opus,tools+exact,0,ii.35.21,0,2e-11,undecidable,False,x0*x1**2*x2/(1.380649e-23*x3)
3seed,opus,tools+exact,0,iii.10.19,1,0,solved,False,x0*sqrt(x1**2+x2**2+x3**2)
3seed,opus,tools+exact,0,i.32.17,1,4.4e-11,solved,False,0.011118567317479735*x0**2*x1**2*x2**4/(x2**2-x3**2)**2
3seed,opus,tools+exact,0,ii.6.15b,1,1.3e-16,solved,False,3*x0*sin(x1)*cos(x1)/(4*pi*8.854e-12*x2**3)
3seed,opus,tools+exact,0,iii.4.33,1,4.9e-10,solved,False,1.0545718176461565e-34*x0/(exp(1.0545718176461565e-34*x0/(1.380649e-23*x1))-1)
3seed,opus,tools+exact,0,ii.6.15a,1,1.3e-16,solved,False,3*x0*x1*sqrt(x3**2+x4**2)/(4*pi*8.854e-12*x2**5)
3seed,opus,tools+exact,0,i.15.3t,1,0,solved,False,(x0 - x1*x2/299792458**2)/sqrt(1 - x1**2/299792458**2)
3seed,opus,bare+exact,1,bonus.1,1,1.4e-10,solved,True,(x0*x1*(1.602176634e-19)**2/(4*pi*8.8541878188e-12*4*x2))**2/sin(x3/2)**4
3seed,opus,bare+exact,1,bonus.15,1,0,solved,False,x1*sqrt(1 - x0**2/299792458**2)/(1 + x0*cos(x2)/299792458)
3seed,opus,bare+exact,1,bonus.10,1,0,solved,False,(cos(x0) - x1/299792458)/(1 - x1*cos(x0)/299792458)
3seed,opus,bare+exact,1,bonus.13,0,1.3e-16,undecidable,False,x1/(4*pi*8.854e-12*sqrt(x2**2 + x3**2 - 2*x2*x3*cos(x4)))
3seed,opus,bare+exact,1,bonus.17,0,0,undecidable,False,x1**2/(2*x0)
3seed,opus,bare+exact,1,bonus.7,1,8.4e-16,solved,False,sqrt(8*pi*6.6743e-11*x0/3 - x1*299792458**2/x2**2)
3seed,opus,bare+exact,1,bonus.4,0,0,undecidable,False,sqrt(2*(x1 - x2)/x0)
3seed,opus,bare+exact,1,bonus.12,1,1.4e-16,solved,False,-x0**2*x2*x4/(4*pi*x1*(x2**2 - x4**2)**2) + x0*x3*x4/x2**2
3seed,opus,bare+exact,1,i.29.16,1,0,solved,False,sqrt(x0**2 + x1**2 + 2*x0*x1*cos(x2 - x3))
3seed,opus,bare+exact,1,bonus.9,1,1.5e-16,solved,False,-32/5*(6.6743e-11)**4/(299792458)**5*(x0*x1)**2*(x0+x1)/x2**5
3seed,opus,bare+exact,1,bonus.16,0,1.4e-11,undecidable,False,299792458*Abs(x1*x2 - x0)
3seed,opus,bare+exact,1,i.39.22,1,0,solved,False,1.380649e-23*x0*x1/x2
3seed,opus,bare+exact,1,i.34.14,0,0,undecidable,False,x1*sqrt((x1 + x0)/(x1 - x0))
3seed,opus,bare+exact,1,i.44.4,1,0,solved,False,1.380649e-23*x0*x1*log(x2/x3)
3seed,opus,bare+exact,1,i.15.3t,1,0,solved,False,(x0 - x1*x2/299792458**2)/sqrt(1 - x1**2/299792458**2)
3seed,opus,bare+exact,1,i.6.20a,1,0,solved,False,exp(-x0**2/2)/sqrt(2*pi)
3seed,opus,bare+exact,1,i.6.20,1,1.3e-16,solved,False,exp(-x0**2/(2*x1**2))/(sqrt(2*pi)*x1)
3seed,opus,bare+exact,1,i.37.4,1,0,solved,True,x0 + x1 + 2*sqrt(x0*x1)*cos(x2)
3seed,opus,bare+exact,1,ii.11.27,0,3.2e-09,undecidable,False,8.854e-12*x0*x1*x2
3seed,opus,bare+exact,1,ii.11.20,1,1.2e-16,solved,False,x0*x1**2*x2/(3*1.380649e-23*x3)
3seed,opus,bare+exact,1,i.41.16,1,7.6e-16,solved,True,(6.626e-34/(2*pi))*x0**3/(pi**2*299792458**2*(exp((6.626e-34/(2*pi))*x0/(1.380649e-23*x1)) - 1))
3seed,opus,bare+exact,1,i.9.18,1,0,solved,True,6.6743e-11*x0*x1/((x2-x3)**2+(x4-x5)**2+(x6-x7)**2)
3seed,opus,bare+exact,1,ii.11.28,0,0,undecidable,False,1 + x0*x1
3seed,opus,bare+exact,1,ii.35.21,0,2e-11,undecidable,False,x0*x1**2*x2/(1.380649e-23*x3)
3seed,opus,bare+exact,1,ii.35.18,1,0,solved,False,x0/(2*cosh(x1*x2/(1.380649e-23*x3)))
3seed,opus,bare+exact,1,bonus.2,1,1.3e-16,solved,True,x0*x1/x2**2 + cos(x4 - x5)*sqrt(x0**2*x1**2/x2**4 + 2*x0*x3/x2**2)
3seed,opus,bare+exact,1,ii.24.17,1,0,solved,False,sqrt(x0**2/299792458**2 - pi**2/x1**2)
3seed,opus,bare+exact,1,ii.6.15b,1,1.3e-16,solved,False,3*x0*sin(x1)*cos(x1)/(4*pi*8.854e-12*x2**3)
3seed,opus,bare+exact,1,ii.6.15a,1,1.3e-16,solved,False,3*x0*x1*sqrt(x3**2 + x4**2)/(4*pi*8.854e-12*x2**5)
3seed,opus,bare+exact,1,ii.36.38,0,1.5e-16,undecidable,False,x0*x3*x4/(8.854e-12*299792458**2*1.380649e-23*x2)
3seed,opus,tools,1,bonus.10,1,0,solved,False,(cos(x0) - x1/299792458)/(1 - x1/299792458*cos(x0))
3seed,opus,tools,1,bonus.1,1,2.2e-07,solved,False,3.32663e-57*x0**2*x1**2/(x2**2*sin(x3/2)**4)
3seed,opus,tools,1,bonus.17,0,0,undecidable,False,x1**2/(2*x0)
3seed,opus,tools,1,bonus.15,1,0,solved,False,x1*sqrt(1-(x0/299792458)**2)/(1+x0*cos(x2)/299792458)
3seed,opus,tools,1,bonus.16,0,1.4e-11,undecidable,False,299792458*Abs(x0 - x1*x2)
3seed,opus,tools,1,bonus.13,0,1.3e-16,undecidable,False,x1/(4*pi*8.854e-12*sqrt(x2**2+x3**2-2*x2*x3*cos(x4)))
3seed,opus,tools,1,bonus.9,1,5.4e-07,solved,False,-5.24444e-83*x0**2*x1**2*(x0 + x1)/x2**5
3seed,opus,tools,1,bonus.7,1,8.4e-16,solved,False,sqrt(8*pi*6.6743e-11/3*x0 - 89875517873681764*x1/x2**2)
3seed,opus,tools,1,i.15.3t,1,0,solved,False,(x0 - x1*x2/299792458**2)/sqrt(1 - x1**2/299792458**2)
3seed,opus,tools,1,i.29.16,1,0,solved,True,sqrt(x0**2+x1**2+2*x0*x1*cos(x2-x3))
3seed,opus,tools,1,i.37.4,1,0,solved,False,x0+x1+2*sqrt(x0*x1)*cos(x2)
3seed,opus,tools,1,i.34.14,0,0,undecidable,True,x1*sqrt((x1 + x0)/(x1 - x0))
3seed,opus,tools,1,i.39.22,1,0,solved,False,1.380649e-23*x0*x1/x2
3seed,opus,tools,1,i.44.4,1,0,solved,False,1.380649e-23*x0*x1*log(x2/x3)
3seed,opus,tools,1,i.6.20,1,1.3e-16,solved,False,exp(-x0**2/(2*x1**2))/(sqrt(2*pi)*x1)
3seed,opus,tools,1,i.6.20a,1,0,solved,False,exp(-x0**2/2)/sqrt(2*pi)
3seed,opus,tools,1,i.9.18,1,0,solved,False,6.6743e-11*x0*x1/((x3 - x2)**2 + (x5 - x4)**2 + (x7 - x6)**2)
3seed,opus,tools,1,ii.11.20,1,1.2e-16,solved,False,x0*x1**2*x2/(3*1.380649e-23*x3)
3seed,opus,tools,1,ii.11.27,0,3.2e-09,undecidable,False,8.854e-12*x0*x1*x2
3seed,opus,tools,1,bonus.12,1,1.4e-16,solved,True,-x0**2*x2*x4/(4*pi*x1*(x2**2 - x4**2)**2) + x0*x3*x4/x2**2
3seed,opus,tools,1,ii.11.28,0,0,undecidable,True,1 + x0*x1 + (x0*x1)**2/3
3seed,opus,tools,1,bonus.4,0,0,undecidable,False,sqrt(2*(x1 - x2)/x0)
3seed,opus,tools,1,ii.35.21,0,2e-11,undecidable,False,x0*x1**2*x2/(1.380649e-23*x3)
3seed,opus,tools,1,ii.35.18,1,0,solved,False,x0/(2*cosh(x1*x2/(1.380649e-23*x3)))
3seed,opus,tools,1,i.41.16,0,0.00063,data_artifact,True,1.55648e-41*x0**2*x1
3seed,opus,tools,1,ii.24.17,1,0,solved,True,sqrt(x0**2/299792458**2 - 9.869604401089358/x1**2)
3seed,opus,tools,1,ii.36.38,0,1.2e-16,undecidable,False,9.101978259167069e16*x0*x3*x4/x2
3seed,opus,tools,1,ii.6.15a,1,1.3e-16,solved,False,3*x0*x1*sqrt(x3**2+x4**2)/(4*pi*8.854e-12*x2**5)
3seed,opus,tools,1,ii.6.15b,1,1.3e-16,solved,True,3*x0*sin(x1)*cos(x1)/(4*pi*8.854e-12*x2**3)
3seed,opus,tools,1,bonus.2,1,1.3e-16,solved,True,x0*x1/x2**2 + cos(x4-x5)*sqrt((x0*x1/x2**2)**2 + 2*x0*x3/x2**2)
3seed,opus,tools+exact,1,bonus.10,1,0,solved,False,(cos(x0) - x1/299792458)/(1 - x1*cos(x0)/299792458)
3seed,opus,tools+exact,1,bonus.1,1,1.2e-09,solved,False,(x0*x1*(1.602176634e-19)**2/(16*pi*8.8541878128e-12*x2*sin(x3/2)**2))**2
3seed,opus,tools+exact,1,bonus.15,1,0,solved,False,x1*sqrt(1 - (x0/299792458)**2)/(1 + x0*cos(x2)/299792458)
3seed,opus,tools+exact,1,bonus.17,0,0,undecidable,False,x1**2/(2*x0)
3seed,opus,tools+exact,1,bonus.16,0,1.4e-11,undecidable,False,299792458*Abs(x0 - x1*x2)
3seed,opus,tools+exact,1,bonus.12,1,1.4e-16,solved,True,x0*x3*x4/x2**2 - x0**2*x2*x4/(4*pi*x1*(x2**2-x4**2)**2)
3seed,opus,tools+exact,1,bonus.13,0,1.3e-16,undecidable,False,x1/(4*pi*8.854e-12*sqrt(x2**2+x3**2-2*x2*x3*cos(x4)))
3seed,opus,tools+exact,1,bonus.9,1,1.5e-16,solved,False,-32/5*(6.6743e-11)**4*(x0*x1)**2*(x0+x1)/(299792458**5*x2**5)
3seed,opus,tools+exact,1,bonus.2,1,0,solved,False,x0*x1/x2**2*(1 + sqrt(1 + 2*x2**2*x3/(x0*x1**2))*cos(x4 - x5))
3seed,opus,tools+exact,1,bonus.7,1,8.4e-16,solved,False,sqrt(8*pi*6.6743e-11/3*x0 - x1*299792458.0**2/x2**2)
3seed,opus,tools+exact,1,i.29.16,1,0,solved,False,sqrt(x0**2+x1**2+2*x0*x1*cos(x2-x3))
3seed,opus,tools+exact,1,i.39.22,1,0,solved,False,1.380649e-23*x0*x1/x2
3seed,opus,tools+exact,1,i.34.14,0,0,undecidable,False,x1*sqrt((x1+x0)/(x1-x0))
3seed,opus,tools+exact,1,i.15.3t,1,0,solved,False,(x0 - x1*x2/299792458**2)/sqrt(1 - x1**2/299792458**2)
3seed,opus,tools+exact,1,i.44.4,1,0,solved,False,1.380649e-23*x0*x1*log(x2/x3)
3seed,opus,tools+exact,1,i.6.20a,1,0,solved,False,exp(-x0**2/2)/sqrt(2*pi)
3seed,opus,tools+exact,1,i.37.4,1,0,solved,False,x0+x1+2*sqrt(x0*x1)*cos(x2)
3seed,opus,tools+exact,1,i.6.20,1,1.3e-16,solved,False,exp(-x0**2/(2*x1**2))/(sqrt(2*pi)*x1)
3seed,opus,tools+exact,1,i.9.18,1,0,solved,False,6.6743e-11*x0*x1/((x2-x3)**2+(x4-x5)**2+(x6-x7)**2)
3seed,opus,tools+exact,1,ii.11.20,1,1.2e-16,solved,False,x0*x1**2*x2/(3*1.380649e-23*x3)
3seed,opus,tools+exact,1,ii.11.27,0,3.2e-09,undecidable,False,8.854e-12*x0*x1*x2
3seed,opus,tools+exact,1,bonus.4,0,0,undecidable,False,sqrt(2*(x1 - x2)/x0)
3seed,opus,tools+exact,1,ii.11.28,1,0,solved,True,(3 + 2*x0*x1)/(3 - x0*x1)
3seed,opus,tools+exact,1,ii.35.21,0,2e-11,undecidable,False,x0*x1**2*x2/(1.380649e-23*x3)
3seed,opus,tools+exact,1,ii.24.17,1,0,solved,True,sqrt((x0/299792458)**2 - (pi/x1)**2)
3seed,opus,tools+exact,1,ii.35.18,1,0,solved,True,x0/(2*cosh(x1*x2/(1.380649e-23*x3)))
3seed,opus,tools+exact,1,ii.6.15b,1,1.3e-16,solved,False,3*x0*sin(x1)*cos(x1)/(4*pi*8.854e-12*x2**3)
3seed,opus,tools+exact,1,ii.6.15a,1,1.3e-16,solved,True,3*x0*x1*sqrt(x3**2+x4**2)/(4*pi*8.854e-12*x2**5)
3seed,opus,tools+exact,1,ii.36.38,0,1.2e-16,undecidable,False,9.101978259167069e16*x0*x3*x4/x2
3seed,opus,tools+exact,1,i.41.16,0,1.3e-16,near_exact_approx,True,5.3541457147356256e-37*x0**3/floor(34399.1772*x0/x1 + 1/2)
3seed,opus,bare+exact,2,bonus.11,0,0,undecidable,False,x0*x2**2
3seed,opus,bare+exact,2,bonus.1,1,1.4e-10,solved,True,(x0*x1*(1.602176634e-19)**2/(16*pi*8.8541878188e-12*x2))**2/sin(x3/2)**4
3seed,opus,bare+exact,2,bonus.17,0,0,undecidable,False,x1**2/(2*x0)
3seed,opus,bare+exact,2,bonus.10,1,0,solved,False,(cos(x0) - x1/299792458)/(1 - x1*cos(x0)/299792458)
3seed,opus,bare+exact,2,bonus.3,1,0,solved,False,x0*(1 - x1**2)/(1 + x1*cos(x2 - x3))
3seed,opus,bare+exact,2,bonus.12,1,1.4e-16,solved,False,-x0**2*x2*x4/(4*pi*x1*(x2**2 - x4**2)**2) + x0*x3*x4/x2**2
3seed,opus,bare+exact,2,bonus.5,1,1.1e-16,solved,False,2*pi*sqrt(x0**3/(6.6743e-11*(x1 + x2)))
3seed,opus,bare+exact,2,bonus.4,0,0,undecidable,False,sqrt(2*(x1 - x2)/x0)
3seed,opus,bare+exact,2,bonus.7,1,8.4e-16,solved,False,sqrt(8*pi*6.6743e-11*x0/3 - x1*299792458**2/x2**2)
3seed,opus,bare+exact,2,bonus.2,1,1.3e-16,solved,False,x0*x1/x2**2 + cos(x4 - x5)*sqrt(x0**2*x1**2/x2**4 + 2*x0*x3/x2**2)
3seed,opus,bare+exact,2,i.15.3x,1,0,solved,False,(x0 - x1*x2)/sqrt(1 - x1**2/299792458**2)
3seed,opus,bare+exact,2,bonus.20,1,2.2e-16,solved,True,2.4946192803283766e-29*(x0/x1)**2*(x0/x1 + x1/x0 - sin(x2)**2)
3seed,opus,bare+exact,2,i.39.22,1,0,solved,False,1.380649e-23*x0*x1/x2
3seed,opus,bare+exact,2,i.34.14,0,0,undecidable,False,x1*sqrt((x1 + x0)/(x1 - x0))
3seed,opus,bare+exact,2,i.6.20a,1,0,solved,False,exp(-x0**2/2)/sqrt(2*pi)
3seed,opus,bare+exact,2,i.44.4,1,0,solved,False,1.380649e-23*x0*x1*log(x2/x3)
3seed,opus,bare+exact,2,bonus.14,1,0,solved,True,x0*cos(x1)*((x4 - 1)/(x4 + 2)*x3**3/x2**2 - x2)
3seed,opus,bare+exact,2,i.6.20,1,1.3e-16,solved,True,exp(-x0**2/(2*x1**2))/(sqrt(2*pi)*x1)
3seed,opus,bare+exact,2,ii.11.27,0,3.2e-09,undecidable,False,8.854e-12*x0*x1*x2
3seed,opus,bare+exact,2,i.6.20b,1,1.4e-16,solved,True,exp(-(x0 - x1)**2/(2*x2**2))/(sqrt(2*pi)*x2)
3seed,opus,bare+exact,2,ii.13.23,1,0,solved,False,x0/sqrt(1 - x1**2/299792458**2)
3seed,opus,bare+exact,2,ii.11.28,1,0,solved,True,(3 + 2*x0*x1)/(3 - x0*x1)
3seed,opus,bare+exact,2,ii.35.21,0,2e-11,undecidable,False,x0*x1**2*x2/(1.380649e-23*x3)
3seed,opus,bare+exact,2,ii.24.17,1,0,solved,False,sqrt(x0**2/299792458**2 - pi**2/x1**2)
3seed,opus,bare+exact,2,ii.6.15a,1,1.3e-16,solved,False,3*x0*x1*sqrt(x3**2 + x4**2)/(4*pi*8.854e-12*x2**5)
3seed,opus,bare+exact,2,iii.10.19,1,0,solved,False,x0*sqrt(x1**2 + x2**2 + x3**2)
3seed,opus,bare+exact,2,ii.35.18,1,0,solved,False,x0/(2*cosh(x1*x2/(1.380649e-23*x3)))
3seed,opus,bare+exact,2,ii.6.15b,1,1.3e-16,solved,False,3*x0*sin(x1)*cos(x1)/(4*pi*8.854e-12*x2**3)
3seed,opus,bare+exact,2,iii.4.33,1,4.9e-10,solved,False,(6.62607015e-34/(2*pi))*x0/(exp((6.62607015e-34/(2*pi))*x0/(1.380649e-23*x1)) - 1)
3seed,opus,bare+exact,2,i.41.16,1,7.6e-16,solved,True,6.626e-34*x0**3/(2*pi**3*299792458**2*(exp(6.626e-34*x0/(2*pi*1.380649e-23*x1)) - 1))
3seed,opus,tools,2,bonus.1,1,2.2e-07,solved,False,3.32663e-57*x0**2*x1**2/(x2**2*sin(x3/2)**4)
3seed,opus,tools,2,bonus.11,0,0,undecidable,True,x0*x2**2
3seed,opus,tools,2,bonus.10,1,0,solved,False,(cos(x0) - x1/299792458)/(1 - x1*cos(x0)/299792458)
3seed,opus,tools,2,bonus.17,0,0,undecidable,True,x1**2/(2*x0)
3seed,opus,tools,2,bonus.3,1,0,solved,False,x0*(1 - x1**2)/(1 + x1*cos(x2 - x3))
3seed,opus,tools,2,bonus.14,1,0,solved,False,x0*cos(x1)*((x4-1)/(x4+2)*x3**3/x2**2 - x2)
3seed,opus,tools,2,bonus.4,0,0,undecidable,False,sqrt(2*(x1-x2)/x0)
3seed,opus,tools,2,bonus.20,1,1.5e-16,solved,True,2.494619280328376e-29*(x0/x1)**2*(x0/x1+x1/x0-sin(x2)**2)
3seed,opus,tools,2,bonus.2,1,0,solved,False,x0*x1/x2**2*(1 + cos(x4-x5)*sqrt(1 + 2*x3*x2**2/(x0*x1**2)))
3seed,opus,tools,2,bonus.5,1,1.1e-16,solved,False,2*pi*sqrt(x0**3/(6.6743e-11*(x1+x2)))
3seed,opus,tools,2,i.15.3x,1,0,solved,False,(x0 - x1*x2)/sqrt(1 - x1**2/299792458**2)
3seed,opus,tools,2,i.39.22,1,0,solved,False,1.380649e-23*x0*x1/x2
3seed,opus,tools,2,i.34.14,0,0,undecidable,True,x1*sqrt((x1+x0)/(x1-x0))
3seed,opus,tools,2,i.6.20,1,1.3e-16,solved,False,exp(-x0**2/(2*x1**2))/(sqrt(2*pi)*x1)
3seed,opus,tools,2,i.44.4,1,0,solved,False,1.380649e-23*x0*x1*log(x2/x3)
3seed,opus,tools,2,i.6.20a,1,0,solved,False,exp(-x0**2/2)/sqrt(2*pi)
3seed,opus,tools,2,bonus.12,1,1.4e-16,solved,False,x0*x3*x4/x2**2 - x0**2*x2*x4/(4*pi*x1*(x2**2-x4**2)**2)
3seed,opus,tools,2,i.6.20b,1,1.4e-16,solved,False,exp(-(x0-x1)**2/(2*x2**2))/(x2*sqrt(2*pi))
3seed,opus,tools,2,ii.11.27,0,3.2e-09,undecidable,False,8.854e-12*x0*x1*x2
3seed,opus,tools,2,bonus.7,1,8.4e-16,solved,True,sqrt(8*pi*6.6743e-11/3*x0 - 299792458**2*x1/x2**2)
3seed,opus,tools,2,ii.13.23,1,0,solved,False,x0/sqrt(1-(x1/299792458)**2)
3seed,opus,tools,2,ii.11.28,1,0,solved,True,(3 + 2*x0*x1)/(3 - x0*x1)
3seed,opus,tools,2,ii.35.21,0,2e-11,undecidable,False,x0*x1**2*x2/(1.380649e-23*x3)
3seed,opus,tools,2,ii.6.15b,1,1.3e-16,solved,False,3*x0*sin(x1)*cos(x1)/(4*pi*8.854e-12*x2**3)
3seed,opus,tools,2,ii.35.18,1,0,solved,True,x0/(2*cosh(x1*x2/(1.380649e-23*x3)))
3seed,opus,tools,2,ii.6.15a,1,1.3e-16,solved,False,3*x0*x1*sqrt(x3**2+x4**2)/(4*pi*8.854e-12*x2**5)
3seed,opus,tools,2,iii.4.33,1,4.9e-10,solved,False,1.054571817e-34*x0/(exp(1.054571817e-34*x0/(1.380649e-23*x1))-1)
3seed,opus,tools,2,i.41.16,0,0.00062,data_artifact,True,1.55647e-41*x0**2*x1
3seed,opus,tools,2,iii.10.19,1,0,solved,False,x0*sqrt(x1**2 + x2**2 + x3**2)
3seed,opus,tools,2,ii.24.17,1,0,solved,False,sqrt((x0/299792458)**2 - (pi/x1)**2)
3seed,opus,tools+exact,2,bonus.11,0,0,undecidable,True,x0*x2**2
3seed,opus,tools+exact,2,bonus.10,1,0,solved,False,(cos(x0) - x1/299792458)/(1 - x1*cos(x0)/299792458)
3seed,opus,tools+exact,2,bonus.1,1,1.2e-09,solved,False,(x0*x1*(1.602176634e-19)**2/(4*4*pi*8.8541878128e-12*x2*sin(x3/2)**2))**2
3seed,opus,tools+exact,2,bonus.17,0,0,undecidable,False,x1**2/(2*x0)
3seed,opus,tools+exact,2,bonus.3,1,0,solved,False,x0*(1-x1**2)/(1+x1*cos(x2-x3))
3seed,opus,tools+exact,2,bonus.4,0,0,undecidable,False,sqrt(2*(x1-x2)/x0)
3seed,opus,tools+exact,2,bonus.5,1,1.1e-16,solved,False,2*pi*sqrt(x0**3/(6.6743e-11*(x1+x2)))
3seed,opus,tools+exact,2,bonus.7,1,8.4e-16,solved,False,sqrt(8*pi*6.6743e-11/3*x0 - x1*299792458**2/x2**2)
3seed,opus,tools+exact,2,bonus.20,1,3.1e-08,solved,True,pi*(7.2973525693e-3*6.626e-34/(2*pi*9.1093837015e-31*299792458))**2*(x0/x1)**2*(x0/x1+x1/x0-sin(x2)**2)
3seed,opus,tools+exact,2,i.15.3x,1,0,solved,False,(x0 - x1*x2)/sqrt(1 - x1**2/299792458**2)
3seed,opus,tools+exact,2,i.39.22,1,0,solved,False,1.380649e-23*x0*x1/x2
3seed,opus,tools+exact,2,i.34.14,0,0,undecidable,False,x1*sqrt((x1+x0)/(x1-x0))
3seed,opus,tools+exact,2,i.44.4,1,0,solved,False,1.380649e-23*x0*x1*log(x2/x3)
3seed,opus,tools+exact,2,i.6.20,1,1.3e-16,solved,False,exp(-x0**2/(2*x1**2))/(sqrt(2*pi)*x1)
3seed,opus,tools+exact,2,i.6.20a,1,0,solved,False,exp(-x0**2/2)/sqrt(2*pi)
3seed,opus,tools+exact,2,i.6.20b,1,1.4e-16,solved,False,exp(-(x0-x1)**2/(2*x2**2))/(sqrt(2*pi)*x2)
3seed,opus,tools+exact,2,ii.11.27,0,3.2e-09,undecidable,False,8.854e-12*x0*x1*x2
3seed,opus,tools+exact,2,i.41.16,1,7.6e-16,solved,True,(6.626e-34/(2*pi))*x0**3/(pi**2*299792458.0**2*(exp((6.626e-34/(2*pi))*x0/(1.380649e-23*x1))-1))
3seed,opus,tools+exact,2,ii.11.28,1,0,solved,True,(1 + 2*x0*x1/3)/(1 - x0*x1/3)
3seed,opus,tools+exact,2,ii.13.23,1,0,solved,False,x0/sqrt(1-x1**2/299792458**2)
3seed,opus,tools+exact,2,bonus.14,1,0,solved,True,x0*cos(x1)*(-x2 + x3**3/x2**2*(x4-1)/(x4+2))
3seed,opus,tools+exact,2,bonus.2,1,0,solved,False,x0*x1/x2**2*(1 + cos(x4-x5)*sqrt(1 + 2*x3*x2**2/(x0*x1**2)))
3seed,opus,tools+exact,2,ii.35.21,0,2e-11,undecidable,False,x0*x1**2*x2/(1.380649e-23*x3)
3seed,opus,tools+exact,2,ii.24.17,1,0,solved,True,sqrt((x0/299792458)**2 - (pi/x1)**2)
3seed,opus,tools+exact,2,ii.35.18,1,0,solved,False,x0/(2*cosh(x1*x2/(1.380649e-23*x3)))
3seed,opus,tools+exact,2,iii.10.19,1,0,solved,False,x0*sqrt(x1**2+x2**2+x3**2)
3seed,opus,tools+exact,2,bonus.12,1,1.4e-16,solved,False,x0*x3*x4/x2**2 - x0**2*x2*x4/(4*pi*x1*(x2**2 - x4**2)**2)
3seed,opus,tools+exact,2,ii.6.15b,1,1.3e-16,solved,False,3*x0*sin(x1)*cos(x1)/(4*pi*8.854e-12*x2**3)
3seed,opus,tools+exact,2,ii.6.15a,1,1.3e-16,solved,False,3*x0*x1*sqrt(x3**2+x4**2)/(4*pi*8.854e-12*x2**5)
3seed,opus,tools+exact,2,iii.4.33,1,4.9e-10,solved,False,1.054571817e-34*x0/(exp(1.054571817e-34*x0/(1.380649e-23*x1))-1)
full50,opus,bare+exact,0,bonus.11,0,0,undecidable,False,x0*x2**2
full50,opus,bare+exact,0,bonus.1,1,1.4e-10,solved,True,(x0*x1*(1.602176634e-19)**2/(16*pi*8.8541878188e-12*x2))**2/sin(x3/2)**4
full50,opus,bare+exact,0,bonus.13,0,1.3e-16,undecidable,False,x1/(4*pi*8.854e-12*sqrt(x2**2 + x3**2 - 2*x2*x3*cos(x4)))
full50,opus,bare+exact,0,bonus.10,1,0,solved,False,(cos(x0) - x1/299792458)/(1 - x1*cos(x0)/299792458)
full50,opus,bare+exact,0,bonus.15,1,0,solved,False,x1*sqrt(1 - x0**2/299792458**2)/(1 + x0*cos(x2)/299792458)
full50,opus,bare+exact,0,bonus.17,0,0,undecidable,False,x1**2/(2*x0)
full50,opus,bare+exact,0,bonus.12,1,1.4e-16,solved,True,-x0**2*x2*x4/(4*pi*x1*(x2**2 - x4**2)**2) + x0*x3*x4/x2**2
full50,opus,bare+exact,0,bonus.14,1,0,solved,False,-x0*cos(x1)*(x2 - x3**3*(x4 - 1)/((x4 + 2)*x2**2))
full50,opus,bare+exact,0,bonus.3,1,0,solved,False,x0*(1 - x1**2)/(1 + x1*cos(x2 - x3))
full50,opus,bare+exact,0,bonus.2,1,0,solved,False,x0*x1/x2**2*(1 + cos(x4 - x5)*sqrt(1 + 2*x3*x2**2/(x0*x1**2)))
full50,opus,bare+exact,0,bonus.5,1,1.1e-16,solved,False,2*pi*sqrt(x0**3/(6.6743e-11*(x1 + x2)))
full50,opus,bare+exact,0,bonus.4,0,0,undecidable,False,sqrt(2*(x1 - x2)/x0)
full50,opus,bare+exact,0,bonus.6,0,5.3e-16,undecidable,False,sqrt(2*x0*x1/x3)*x2/(x4*x5*x6**2)
full50,opus,bare+exact,0,bonus.7,1,8.4e-16,solved,False,sqrt(8*pi*6.6743e-11*x0/3 - x1*299792458**2/x2**2)
full50,opus,bare+exact,0,bonus.20,1,1.5e-16,solved,True,2.494619280328376e-29*(x0/x1)**2*(x0/x1 + x1/x0 - sin(x2)**2)
full50,opus,bare+exact,0,bonus.9,1,1.5e-16,solved,False,-32/5*6.6743e-11**4/299792458**5*(x0*x1)**2*(x0+x1)/x2**5
full50,opus,bare+exact,0,i.29.16,1,0,solved,False,sqrt(x0**2 + x1**2 + 2*x0*x1*cos(x2 - x3))
full50,opus,bare+exact,0,bonus.16,0,1.4e-11,undecidable,False,299792458*Abs(x0 - x1*x2)
full50,opus,bare+exact,0,i.15.3t,1,0,solved,False,(x0 - x1*x2/299792458**2)/sqrt(1 - x1**2/299792458**2)
full50,opus,bare+exact,0,i.15.3x,1,0,solved,False,(x0 - x1*x2)/sqrt(1 - x1**2/299792458**2)
full50,opus,bare+exact,0,i.30.3,1,0,solved,False,x0*(sin(x1*x2/2)/sin(x2/2))**2
full50,opus,bare+exact,0,i.34.14,0,0,undecidable,False,x1*sqrt((x1 + x0)/(x1 - x0))
full50,opus,bare+exact,0,i.39.22,1,0,solved,False,1.380649e-23*x0*x1/x2
full50,opus,bare+exact,0,i.40.1,1,0,solved,False,x0*exp(-x1*9.80665*x2/(1.380649e-23*x3))
full50,opus,bare+exact,0,i.37.4,1,0,solved,False,x0 + x1 + 2*sqrt(x0*x1)*cos(x2)
full50,opus,bare+exact,0,i.44.4,1,0,solved,False,1.380649e-23*x0*x1*log(x2/x3)
full50,opus,bare+exact,0,bonus.19,1,8.1e-16,solved,False,299792458**2/(4*pi*6.6743e-11)*x2**2*(x3 - 1/2) - 299792458**4/(8*pi*6.6743e-11)*x0/x1**2
full50,opus,bare+exact,0,i.6.20a,1,0,solved,False,exp(-x0**2/2)/sqrt(2*pi)
full50,opus,bare+exact,0,i.6.20,1,1.3e-16,solved,False,exp(-x0**2/(2*x1**2))/(sqrt(2*pi)*x1)
full50,opus,bare+exact,0,i.9.18,1,0,solved,False,6.6743e-11*x0*x1/((x2-x3)**2+(x4-x5)**2+(x6-x7)**2)
full50,opus,bare+exact,0,i.6.20b,1,1.4e-16,solved,False,exp(-(x0 - x1)**2/(2*x2**2))/(sqrt(2*pi)*x2)
full50,opus,bare+exact,0,ii.11.20,1,1.2e-16,solved,False,x0*x1**2*x2/(3*1.380649e-23*x3)
full50,opus,bare+exact,0,ii.11.17,1,0,solved,False,x0*(1 + x1*x2*cos(x3)/(1.380649e-23*x4))
full50,opus,bare+exact,0,ii.11.27,0,3.2e-09,undecidable,False,8.854e-12*x0*x1*x2
full50,opus,bare+exact,0,ii.13.23,1,0,solved,False,x0/sqrt(1 - x1**2/299792458**2)
full50,opus,bare+exact,0,ii.11.28,1,0,solved,True,(3 + 2*x0*x1)/(3 - x0*x1)
full50,opus,bare+exact,0,i.50.26,1,0,solved,False,x0*cos(x1*x2)*(1 + x3*cos(x1*x2))
full50,opus,bare+exact,0,ii.13.34,1,0,solved,False,x0*x1/sqrt(1 - x1**2/299792458**2)
full50,opus,bare+exact,0,ii.24.17,1,0,solved,False,sqrt(x0**2/299792458**2 - pi**2/x1**2)
full50,opus,bare+exact,0,ii.35.18,1,0,solved,True,x0/(2*cosh(x1*x2/(1.380649e-23*x3)))
full50,opus,bare+exact,0,ii.35.21,0,2e-11,undecidable,False,x0*x1**2*x2/(1.380649e-23*x3)
full50,opus,bare+exact,0,i.32.17,1,9.2e-16,solved,False,(4*pi/3)*8.854e-12*299792458*x0**2*x1**2*x2**4/(x2**2 - x3**2)**2
full50,opus,bare+exact,0,ii.6.15a,1,1.3e-16,solved,False,3*x0*x1*sqrt(x3**2 + x4**2)/(4*pi*8.854e-12*x2**5)
full50,opus,bare+exact,0,iii.10.19,1,0,solved,False,x0*sqrt(x1**2 + x2**2 + x3**2)
full50,opus,bare+exact,0,ii.36.38,0,1.5e-16,undecidable,True,x0*x3*x4/(8.854e-12*299792458**2*1.380649e-23*x2)
full50,opus,bare+exact,0,ii.6.15b,1,1.3e-16,solved,False,3*x0*sin(x1)*cos(x1)/(4*pi*8.854e-12*x2**3)
full50,opus,bare+exact,0,iii.21.20,1,0,solved,False,-x0*x1*x2/x3
full50,opus,bare+exact,0,i.41.16,1,7.6e-16,solved,True,6.626e-34*x0**3/(2*pi**3*299792458**2*(exp(6.626e-34*x0/(2*pi*1.380649e-23*x1)) - 1))
full50,opus,bare+exact,0,iii.4.33,1,4.9e-10,solved,False,(6.62607015e-34/(2*pi))*x0/(exp((6.62607015e-34/(2*pi))*x0/(1.380649e-23*x1)) - 1)
full50,opus,bare+exact,0,iii.9.52,0,5.7e-16,undecidable,True,4*pi**2*(x0*x1*x2)**2/(6.626e-34)**2
full50,sonnet,bare+exact,0,bonus.11,0,0,undecidable,False,x0*x2**2
full50,sonnet,bare+exact,0,bonus.1,1,2.9e-15,solved,False,3.3266292662679e-57*x0**2*x1**2/(x2**2*sin(x3/2)**4)
full50,sonnet,bare+exact,0,bonus.12,0,7.3e-09,near_exact_approx,False,-x0**2*x2*x4/(4*pi*x1*(x2**2-x4**2)**2)
full50,sonnet,bare+exact,0,bonus.15,1,0,solved,False,x1*sqrt(1-(x0/299792458)**2)/(1+(x0/299792458)*cos(x2))
full50,sonnet,bare+exact,0,bonus.10,1,0,solved,False,(cos(x0) - x1/299792458)/(1 - x1*cos(x0)/299792458)
full50,sonnet,bare+exact,0,bonus.17,0,0,undecidable,False,x1**2/(2*x0)
full50,sonnet,bare+exact,0,bonus.13,0,1.3e-16,undecidable,False,x1/(4*pi*8.854e-12*sqrt(x2**2 + x3**2 - 2*x2*x3*cos(x4)))
full50,sonnet,bare+exact,0,bonus.14,1,0,solved,False,x0*cos(x1)*(-x2 + x3**3/x2**2*(x4-1)/(x4+2))
full50,sonnet,bare+exact,0,bonus.3,1,0,solved,False,x0*(1-x1**2)/(1+x1*cos(x2-x3))
full50,sonnet,bare+exact,0,bonus.2,1,1.3e-16,solved,True,x0*x1/x2**2 + cos(x4-x5)*sqrt((x0*x1/x2**2)**2 + 2*x0*x3/x2**2)
full50,sonnet,bare+exact,0,bonus.20,1,1.1e-11,solved,True,2.4946192803e-29*(x0/x1)**2*(x0/x1+x1/x0-sin(x2)**2)
full50,sonnet,bare+exact,0,bonus.5,1,0,solved,False,2*pi*x0**(3/2)/sqrt(6.6743e-11*(x1+x2))
full50,sonnet,bare+exact,0,bonus.19,1,2.4e-09,solved,True,1.07158301e26*x2**2*(x3 - 1/2) - 4.8154539e42*x0/x1**2
full50,sonnet,bare+exact,0,bonus.6,0,5.3e-16,undecidable,False,sqrt(2)*sqrt(x0*x1/x3)*x2/(x4*x5*x6**2)
full50,sonnet,bare+exact,0,bonus.16,0,1.4e-11,undecidable,False,299792458*Abs(x0 - x1*x2)
full50,sonnet,bare+exact,0,bonus.7,1,8.4e-16,solved,False,sqrt(8*pi*6.6743e-11/3*x0 - x1*299792458**2/x2**2)
full50,sonnet,bare+exact,0,bonus.9,1,1.5e-16,solved,False,"-Rational(32,5)*6.6743e-11**4*x0**2*x1**2*(x0+x1)/(299792458**5*x2**5)"
full50,sonnet,bare+exact,0,i.29.16,1,0,solved,False,sqrt(x0**2+x1**2+2*x0*x1*cos(x2-x3))
full50,sonnet,bare+exact,0,bonus.4,0,0,undecidable,True,sqrt(2*(x1-x2)/x0)
full50,sonnet,bare+exact,0,i.30.3,1,0,solved,False,x0*sin(x1*x2/2)**2/sin(x2/2)**2
full50,sonnet,bare+exact,0,i.15.3t,1,0,solved,False,(x0 - x1*x2/299792458**2)/sqrt(1 - x1**2/299792458**2)
full50,sonnet,bare+exact,0,i.34.14,0,6.4e-10,undecidable,False,x0 + sqrt(x0**2 + x1**2)
full50,sonnet,bare+exact,0,i.15.3x,1,0,solved,False,(x0 - x1*x2)/sqrt(1 - x1**2/299792458**2)
full50,sonnet,bare+exact,0,i.39.22,1,0,solved,False,1.380649e-23*x0*x1/x2
full50,sonnet,bare+exact,0,i.40.1,1,0,solved,False,x0*exp(-9.80665/1.380649e-23*x1*x2/x3)
full50,sonnet,bare+exact,0,i.37.4,1,0,solved,False,x0 + x1 + 2*sqrt(x0*x1)*cos(x2)
full50,sonnet,bare+exact,0,i.44.4,1,0,solved,False,1.380649e-23*x0*x1*log(x2/x3)
full50,sonnet,bare+exact,0,i.6.20a,1,0,solved,False,exp(-x0**2/2)/sqrt(2*pi)
full50,sonnet,bare+exact,0,i.32.17,1,1.3e-16,solved,True,0.01111856731796839*x0**2*x1**2*x2**4/(x2**2 - x3**2)**2
full50,sonnet,bare+exact,0,i.50.26,1,0,solved,True,x0*(cos(x1*x2) + x3*cos(x1*x2)**2)
full50,sonnet,bare+exact,0,i.6.20,1,1.3e-16,solved,False,exp(-x0**2/(2*x1**2))/(sqrt(2*pi)*x1)
full50,sonnet,bare+exact,0,i.6.20b,1,1.4e-16,solved,False,exp(-(x0-x1)**2/(2*x2**2))/(sqrt(2*pi)*x2)
full50,sonnet,bare+exact,0,ii.11.27,0,3.2e-09,undecidable,False,8.854e-12*x0*x1*x2
full50,sonnet,bare+exact,0,i.9.18,1,0,solved,False,6.6743e-11*x0*x1/((x2-x3)**2+(x4-x5)**2+(x6-x7)**2)
full50,sonnet,bare+exact,0,ii.11.20,1,1.2e-16,solved,False,x0*x1**2*x2/(3*1.380649e-23*x3)
full50,sonnet,bare+exact,0,ii.13.23,1,0,solved,False,x0/sqrt(1-x1**2/299792458**2)
full50,sonnet,bare+exact,0,ii.13.34,1,0,solved,False,x0*x1/sqrt(1-(x1/299792458)**2)
full50,sonnet,bare+exact,0,ii.11.28,0,0,undecidable,True,1 + x0*x1
full50,sonnet,bare+exact,0,ii.35.21,0,2e-11,undecidable,False,x0*x1**2*x2/(x3*1.380649e-23)
full50,sonnet,bare+exact,0,ii.24.17,1,0,solved,False,sqrt(x0**2/299792458**2 - pi**2/x1**2)
full50,sonnet,bare+exact,0,ii.35.18,1,0,solved,False,x0/(2*cosh(x1*x2/(1.380649e-23*x3)))
full50,sonnet,bare+exact,0,ii.36.38,0,1.2e-16,undecidable,False,9.101978259167069e16*x0*x3*x4/x2
full50,sonnet,bare+exact,0,ii.6.15b,1,0,solved,False,13481613656.982327*x0*sin(2*x1)/x2**3
full50,sonnet,bare+exact,0,iii.10.19,1,0,solved,False,x0*sqrt(x1**2+x2**2+x3**2)
full50,sonnet,bare+exact,0,ii.6.15a,1,1.3e-16,solved,False,"3*x0*x1*sqrt(x3**2+x4**2)/(4*pi*Rational(8854,10**15)*x2**5)"
full50,sonnet,bare+exact,0,iii.21.20,1,0,solved,False,-x0*x1*x2/x3
full50,sonnet,bare+exact,0,ii.11.17,1,0,solved,True,x0*(1 + x1*x2*cos(x3)/(1.380649e-23*x4))
full50,sonnet,bare+exact,0,iii.4.33,1,4.9e-10,solved,True,1.054571817e-34*x0/(exp(1.054571817e-34*x0/(1.380649e-23*x1))-1)
full50,sonnet,bare+exact,0,iii.9.52,0,2.1e-16,undecidable,False,"4*pi**2*x0**2*x1**2*x2**2/Rational(6626,10**37)**2"
full50,sonnet,bare+exact,0,i.41.16,0,0.00062,data_artifact,True,1.380649e-23*x0**2*x1/(pi**2*299792458**2)
full50,haiku,bare+exact,0,bonus.11,0,0,undecidable,False,x0*x2**2
full50,haiku,bare+exact,0,bonus.1,0,1,placeholder,True,0
full50,haiku,bare+exact,0,bonus.10,0,0.0059,approx,False,cos(x0 + atan(3*x1/10**9))
full50,haiku,bare+exact,0,bonus.12,0,0.99,wrong_structure,False,-x0**2*exp(-5)/(x1*x2*x4)
full50,haiku,bare+exact,0,bonus.13,0,0.92,wrong_structure,False,sin(x1)*sin(x4)*cos(x2)*cos(x3)/(4*pi*x0)
full50,haiku,bare+exact,0,bonus.14,0,1,wrong_structure,True,x0*x3**3*x4**2*sin(x1)*sin(x2)
full50,haiku,bare+exact,0,bonus.15,0,0.0017,approx,True,x1 + sqrt(3)*x0*sin(x2)
full50,haiku,bare+exact,0,bonus.17,0,1.9e+08,wrong_structure,False,x1*x2*x3/x0
full50,haiku,bare+exact,0,bonus.19,0,1,wrong_structure,False,x0*x1*x2*x3
full50,haiku,bare+exact,0,bonus.16,0,0.68,wrong_structure,False,300807551.27*Abs(x0*x1*x2) + 265080575.25*Abs(x0) - 5617131234.7*Abs(x1) - 266033.73589*Abs(x0*x2)
full50,haiku,bare+exact,0,bonus.2,0,1.3e+02,wrong_structure,True,x1*x2*sin(x4)*cos(x5)
full50,haiku,bare+exact,0,bonus.20,0,,wrong_structure,False,
full50,haiku,bare+exact,0,bonus.3,0,1,wrong_structure,False,x0*x1*sin(2*x2)*sin(2*x3)
full50,haiku,bare+exact,0,bonus.5,0,3.5e-06,approx,False,244808*pi*x0**(3/2)/sqrt(x1 + x2)
full50,haiku,bare+exact,0,bonus.6,0,5.4e-16,undecidable,True,sqrt(2)*sqrt(x0)*sqrt(x1)*x2/(sqrt(x3)*x4*x5*x6**2)
full50,haiku,bare+exact,0,i.15.3t,0,2e-05,approx,True,2*x0*atan(sqrt(x1**2 + x2**2))/pi
full50,haiku,bare+exact,0,bonus.4,0,3.1e+13,wrong_structure,False,sqrt(x1**3/(x0*x2))
full50,haiku,bare+exact,0,bonus.7,0,5.1e+13,wrong_structure,True,x0*x2*sin(pi*x1/2)/(4*pi)
full50,haiku,bare+exact,0,bonus.9,0,5.8e+21,wrong_structure,False,(x0 - x1) * sin(x2) / x2
full50,haiku,bare+exact,0,i.15.3x,0,0.94,wrong_structure,False,x1*x2*cos(2*x0)
full50,haiku,bare+exact,0,i.34.14,0,5.9e-07,undecidable,False,x0 + x1
full50,haiku,bare+exact,0,i.29.16,0,0.12,wrong_structure,False,sqrt(x0**2 + x1**2 + exp(-x2 - x3))
full50,haiku,bare+exact,0,i.39.22,1,0,solved,True,1380649*x0*x1/(100000000000000000000000000000*x2)
full50,opus,tools,0,bonus.11,0,0,undecidable,False,x0*x2**2
full50,opus,tools,0,bonus.1,1,1.3e-06,solved,False,3.32662479361e-57*x0**2*x1**2/(x2**2*sin(x3/2)**4)
full50,opus,tools,0,bonus.10,1,0,solved,False,(cos(x0) - x1/299792458)/(1 - x1/299792458*cos(x0))
full50,opus,tools,0,bonus.13,0,1.3e-16,undecidable,False,x1/(4*pi*8.854e-12*sqrt(x2**2+x3**2-2*x2*x3*cos(x4)))
full50,opus,tools,0,bonus.17,0,0,undecidable,False,x1**2/(2*x0)
full50,opus,tools,0,bonus.15,1,0,solved,False,x1*sqrt(1 - (x0/299792458)**2)/(1 + x0*cos(x2)/299792458)
full50,opus,tools,0,bonus.16,0,1.4e-11,undecidable,False,299792458*Abs(x0 - x1*x2)
full50,opus,tools,0,bonus.12,1,1.4e-16,solved,True,-x0**2*x2*x4/(4*pi*x1*(x2**2-x4**2)**2) + x0*x3*x4/x2**2
full50,opus,tools,0,bonus.3,1,0,solved,False,x0*(1-x1**2)/(1+x1*cos(x3-x2))
full50,opus,tools,0,bonus.2,1,0,solved,True,x0*x1/x2**2*(1+cos(x4-x5)*sqrt(1+2*x3*x2**2/(x0*x1**2)))
full50,opus,tools,0,bonus.19,1,2.5e-09,solved,False,1.071583010026e26*(x2**2*(x3 - 0.5) - 4.49377589368409e16*x0/x1**2)
full50,opus,tools,0,bonus.14,1,0,solved,False,x0*cos(x1)*(x3**3/x2**2*(x4-1)/(x4+2) - x2)
full50,opus,tools,0,bonus.5,1,1.1e-16,solved,False,2*pi*sqrt(x0**3/(6.6743e-11*(x1+x2)))
full50,opus,tools,0,bonus.9,1,5.4e-07,solved,False,-5.24444e-83*x0**2*x1**2*(x0 + x1)/x2**5
full50,opus,tools,0,bonus.20,1,1.5e-16,solved,False,2.494619280328376e-29*x0*(x0**2 + x1**2 - x0*x1*sin(x2)**2)/x1**3
full50,opus,tools,0,bonus.6,0,5.3e-16,undecidable,False,sqrt(2*x0*x1/x3)*x2/(x4*x5*x6**2)
full50,opus,tools,0,i.29.16,1,0,solved,False,sqrt(x0**2 + x1**2 + 2*x0*x1*cos(x2 - x3))
full50,opus,tools,0,i.30.3,1,0,solved,False,x0*(sin(x1*x2/2)/sin(x2/2))**2
full50,opus,tools,0,i.15.3x,1,0,solved,False,(x0 - x1*x2)/sqrt(1 - (x1/299792458)**2)
full50,opus,tools,0,bonus.7,1,1.6e-11,solved,False,sqrt(8*pi*6.6743e-11*x0/3 - 8.98755179e16*x1/x2**2)
full50,opus,tools,0,i.32.17,1,1.3e-16,solved,False,0.01111856731796839*x0**2*x1**2*x2**4/(x2**2 - x3**2)**2
full50,opus,tools,0,i.34.14,0,0,undecidable,True,x1*sqrt((x1+x0)/(x1-x0))
full50,opus,tools,0,i.39.22,1,0,solved,False,1.380649e-23*x0*x1/x2
full50,opus,tools,0,i.37.4,1,0,solved,False,x0 + x1 + 2*sqrt(x0*x1)*cos(x2)
full50,opus,tools,0,i.40.1,1,0,solved,False,x0*exp(-x1*9.80665*x2/(1.380649e-23*x3))
full50,opus,tools,0,i.44.4,1,0,solved,False,1.380649e-23*x0*x1*log(x2/x3)
full50,opus,tools,0,i.6.20,1,1.3e-16,solved,False,exp(-x0**2/(2*x1**2))/(sqrt(2*pi)*x1)
full50,opus,tools,0,i.6.20a,1,0,solved,False,exp(-x0**2/2)/sqrt(2*pi)
full50,opus,tools,0,bonus.4,0,0,undecidable,False,sqrt(2*(x1 - x2)/x0)
full50,opus,tools,0,i.6.20b,1,1.4e-16,solved,False,exp(-(x0-x1)**2/(2*x2**2))/(sqrt(2*pi)*x2)
full50,opus,tools,0,i.9.18,1,0,solved,False,6.6743e-11*x0*x1/((x3-x2)**2+(x5-x4)**2+(x7-x6)**2)
full50,opus,tools,0,i.50.26,1,0,solved,False,x0*cos(x1*x2)*(1 + x3*cos(x1*x2))
full50,opus,tools,0,ii.11.27,0,3.2e-09,undecidable,False,8.854e-12*x0*x1*x2
full50,opus,tools,0,ii.11.20,1,1.2e-16,solved,False,x0*x1**2*x2/(3*1.380649e-23*x3)
full50,opus,tools,0,ii.11.28,1,0,solved,True,(3 + 2*x0*x1)/(3 - x0*x1)
full50,opus,tools,0,ii.13.23,1,0,solved,False,x0/sqrt(1 - x1**2/299792458.0**2)
full50,opus,tools,0,ii.13.34,1,0,solved,False,x0*x1/sqrt(1 - x1**2/8.987551787368176e16)
full50,opus,tools,0,ii.11.17,1,0,solved,True,x0*(1 + x1*x2*cos(x3)/(1.380649e-23*x4))
full50,opus,tools,0,ii.35.21,0,2e-11,undecidable,False,x0*x1**2*x2/(1.380649e-23*x3)
full50,opus,tools,0,ii.36.38,0,1.2e-16,undecidable,False,9.101978259167069e16*x0*x3*x4/x2
full50,opus,tools,0,ii.35.18,1,0,solved,True,x0/(2*cosh(x1*x2/(1.380649e-23*x3)))
full50,opus,tools,0,ii.24.17,1,0,solved,True,sqrt((x0/299792458)**2 - (pi/x1)**2)
full50,opus,tools,0,i.41.16,1,7.6e-16,solved,True,(6.626e-34/(2*pi))*x0**3/(pi**2*299792458.0**2)/(exp((6.626e-34/(2*pi))*x0/(1.380649e-23*x1))-1)
full50,opus,tools,0,iii.10.19,1,0,solved,False,x0*sqrt(x1**2+x2**2+x3**2)
full50,opus,tools,0,ii.6.15b,1,1.3e-16,solved,False,3/(4*pi*8.854e-12)*x0*sin(x1)*cos(x1)/x2**3
full50,opus,tools,0,iii.21.20,1,0,solved,False,-x0*x1*x2/x3
full50,opus,tools,0,ii.6.15a,1,1.3e-16,solved,False,3/(4*pi*8.854e-12)*x0*x1*sqrt(x3**2+x4**2)/x2**5
full50,opus,tools,0,i.15.3t,1,0,solved,True,(x0 - x1*x2/299792458**2)/sqrt(1 - x1**2/299792458**2)
full50,opus,tools,0,iii.4.33,1,4.9e-10,solved,False,1.0545718176461565e-34*x0/(exp(1.0545718176461565e-34*x0/(1.380649e-23*x1))-1)
full50,opus,tools,0,iii.9.52,0,5.7e-16,undecidable,False,(2*pi*x0*x1*x2/6.626e-34)**2
full50,opus,tools+exact,0,bonus.11,0,0,undecidable,False,x0*x2**2
full50,opus,tools+exact,0,bonus.1,1,1.2e-09,solved,False,(x0*x1*(1.602176634e-19)**2/(4*pi*8.8541878128e-12)/(4*x2*sin(x3/2)**2))**2
full50,opus,tools+exact,0,bonus.10,1,0,solved,False,(cos(x0) - x1/299792458)/(1 - x1*cos(x0)/299792458)
full50,opus,tools+exact,0,bonus.13,0,1.3e-16,undecidable,False,x1/(4*pi*8.854e-12*sqrt(x2**2+x3**2-2*x2*x3*cos(x4)))
full50,opus,tools+exact,0,bonus.15,1,0,solved,False,x1*sqrt(1 - (x0/299792458)**2)/(1 + x0*cos(x2)/299792458)
full50,opus,tools+exact,0,bonus.17,0,0,undecidable,False,x1**2/(2*x0)
full50,opus,tools+exact,0,bonus.16,0,1.4e-11,undecidable,False,299792458*Abs(x0 - x1*x2)
full50,opus,tools+exact,0,bonus.12,1,1.4e-16,solved,False,-x0**2*x2*x4/(4*pi*x1*(x2**2-x4**2)**2) + x0*x3*x4/x2**2
full50,opus,tools+exact,0,bonus.3,1,0,solved,False,x0*(1 - x1**2)/(1 + x1*cos(x2 - x3))
full50,opus,tools+exact,0,bonus.4,0,1.2e-16,undecidable,False,sqrt(2*Abs(x1-x2)/x0)
full50,opus,tools+exact,0,bonus.5,1,1.1e-16,solved,False,2*pi*sqrt(x0**3/(6.6743e-11*(x1+x2)))
full50,opus,tools+exact,0,bonus.6,0,5.3e-16,undecidable,False,sqrt(2*x0*x1/x3)*x2/(x4*x5*x6**2)
full50,opus,tools+exact,0,bonus.20,1,1.5e-16,solved,False,2.494619280328376e-29*(x0/x1)**2*(x0/x1+x1/x0-sin(x2)**2)
full50,opus,tools+exact,0,bonus.9,1,1.5e-16,solved,False,-32/5*(6.6743e-11)**4/(299792458)**5*(x0*x1)**2*(x0+x1)/x2**5
full50,opus,tools+exact,0,bonus.7,1,8.4e-16,solved,False,sqrt(8*pi*6.6743e-11*x0/3 - 299792458**2*x1/x2**2)
full50,opus,tools+exact,0,i.15.3x,1,0,solved,False,(x0 - x1*x2)/sqrt(1 - x1**2/299792458**2)
full50,opus,tools+exact,0,i.29.16,1,0,solved,False,sqrt(x0**2 + x1**2 + 2*x0*x1*cos(x2 - x3))
full50,opus,tools+exact,0,i.30.3,1,0,solved,False,x0*(sin(x1*x2/2)/sin(x2/2))**2
full50,opus,tools+exact,0,i.15.3t,1,0,solved,True,(x0 - x1*x2/299792458**2)/sqrt(1 - x1**2/299792458**2)
full50,opus,tools+exact,0,bonus.14,1,0,solved,False,-x0*cos(x1)*(x2 - (x4-1)/(x4+2)*x3**3/x2**2)
full50,opus,tools+exact,0,i.37.4,1,0,solved,False,x0 + x1 + 2*sqrt(x0*x1)*cos(x2)
full50,opus,tools+exact,0,i.34.14,0,0,undecidable,False,x1*sqrt((x1+x0)/(x1-x0))
full50,opus,tools+exact,0,i.39.22,1,0,solved,False,1.380649e-23*x0*x1/x2
full50,opus,tools+exact,0,i.40.1,1,0,solved,False,x0*exp(-x1*9.80665*x2/(1.380649e-23*x3))
full50,opus,tools+exact,0,i.32.17,1,9.2e-16,solved,False,(4*pi/3)*8.854e-12*299792458*x0**2*x1**2*x2**4/(x2**2-x3**2)**2
full50,opus,tools+exact,0,i.44.4,1,0,solved,False,1.380649e-23*x0*x1*log(x2/x3)
full50,opus,tools+exact,0,bonus.19,1,2.3e-15,solved,False,299792458**2/(8*pi*6.6743e-11)*(x2**2*(2*x3 - 1) - 299792458**2*x0/x1**2)
full50,opus,tools+exact,0,i.6.20a,1,0,solved,False,exp(-x0**2/2)/sqrt(2*pi)
full50,opus,tools+exact,0,i.6.20,1,1.3e-16,solved,False,exp(-x0**2/(2*x1**2))/(sqrt(2*pi)*x1)
full50,opus,tools+exact,0,i.6.20b,1,1.4e-16,solved,False,exp(-(x0-x1)**2/(2*x2**2))/(sqrt(2*pi)*x2)
full50,opus,tools+exact,0,i.9.18,1,0,solved,False,6.6743e-11*x0*x1/((x3-x2)**2+(x5-x4)**2+(x7-x6)**2)
full50,opus,tools+exact,0,ii.11.20,1,1.2e-16,solved,False,x0*x1**2*x2/(3*1.380649e-23*x3)
full50,opus,tools+exact,0,ii.11.27,0,3.2e-09,undecidable,True,8.854e-12*x0*x1*x2
full50,opus,tools+exact,0,ii.11.17,1,0,solved,False,x0*(1 + x1*x2*cos(x3)/(1.380649e-23*x4))
full50,opus,tools+exact,0,ii.13.23,1,0,solved,False,x0/sqrt(1 - x1**2/299792458**2)
full50,opus,tools+exact,0,bonus.2,0,0.1,wrong_structure,True,x0*x1*(1 + cos(x4 - x5))/x2**2 + 2.52*sqrt(x0*x3/(x1*x2))*cos(x4 - x5)
full50,opus,tools+exact,0,ii.13.34,1,0,solved,False,x0*x1/sqrt(1-x1**2/299792458**2)
full50,opus,tools+exact,0,ii.11.28,0,2.2e-16,undecidable,True,(1 + x0*x1/3)**3
full50,opus,tools+exact,0,ii.35.21,0,2e-11,undecidable,False,x0*x1**2*x2/(1.380649e-23*x3)
full50,opus,tools+exact,0,ii.35.18,1,0,solved,True,x0/(2*cosh(x1*x2/(1.380649e-23*x3)))
full50,opus,tools+exact,0,i.41.16,1,7.6e-16,solved,True,(6.626e-34/(2*pi))*x0**3/(pi**2*299792458**2*(exp((6.626e-34/(2*pi))*x0/(1.380649e-23*x1))-1))
full50,opus,tools+exact,0,ii.6.15a,1,1.3e-16,solved,False,3*x0*x1*sqrt(x3**2+x4**2)/(4*pi*8.854e-12*x2**5)
full50,opus,tools+exact,0,ii.36.38,0,1.8e-11,undecidable,False,9.101978259e16*x0*x3*x4/x2
full50,opus,tools+exact,0,iii.10.19,1,0,solved,False,x0*sqrt(x1**2+x2**2+x3**2)
full50,opus,tools+exact,0,i.50.26,1,0,solved,False,x0*cos(x1*x2)*(1 + x3*cos(x1*x2))
full50,opus,tools+exact,0,iii.21.20,1,0,solved,False,-x0*x1*x2/x3
full50,opus,tools+exact,0,ii.6.15b,1,1.3e-16,solved,False,3*x0*sin(x1)*cos(x1)/(4*pi*8.854e-12*x2**3)
full50,opus,tools+exact,0,ii.24.17,1,0,solved,False,sqrt((x0/299792458)**2 - (pi/x1)**2)
full50,opus,tools+exact,0,iii.4.33,1,4.9e-10,solved,False,1.054571817e-34*x0/(exp(1.054571817e-34*x0/(1.380649e-23*x1)) - 1)
full50,opus,tools+exact,0,iii.9.52,0,5.7e-16,undecidable,False,(2*pi*x0*x1*x2/6.626e-34)**2
full50,sonnet,tools+exact,0,bonus.11,0,0,undecidable,False,x0*x2**2
full50,sonnet,tools+exact,0,bonus.1,1,2.2e-07,solved,False,3.32663e-57*x0**2*x1**2/(x2**2*sin(x3/2)**4)
full50,sonnet,tools+exact,0,bonus.10,1,0,solved,False,(cos(x0)-x1/299792458)/(1-x1*cos(x0)/299792458)
full50,sonnet,tools+exact,0,bonus.15,1,0,solved,False,x1*sqrt(1-(x0/299792458)**2)/(1+x0*cos(x2)/299792458)
full50,sonnet,tools+exact,0,bonus.17,0,0,undecidable,False,x1**2/(2*x0)
full50,sonnet,tools+exact,0,bonus.16,0,1.4e-11,undecidable,False,299792458*abs(x0 - x1*x2)
full50,sonnet,tools+exact,0,bonus.14,1,0,solved,False,-x0*cos(x1)*(x2 + x3**3*(1-x4)/((2+x4)*x2**2))
full50,sonnet,tools+exact,0,bonus.19,1,3.4e-14,solved,False,1.0715830073971e26*(x2**2*(x3-0.5) - 4.493775893684088e16*x0/x1**2)
full50,sonnet,tools+exact,0,bonus.3,1,0,solved,False,x0*(1-x1**2)/(1+x1*cos(x2-x3))
full50,sonnet,tools+exact,0,bonus.20,1,2.9e-07,solved,False,2.49462e-29*(x0/x1)*(1+(x0/x1)**2-(x0/x1)*sin(x2)**2)
full50,sonnet,tools+exact,0,bonus.5,1,0,solved,False,2*pi*x0**1.5/sqrt(6.6743e-11*(x1+x2))
full50,sonnet,tools+exact,0,bonus.6,0,5.3e-16,undecidable,False,sqrt(2)*sqrt(x0*x1/x3)*x2/(x4*x5*x6**2)
full50,sonnet,tools+exact,0,bonus.2,1,0,solved,False,x0*x1/x2**2*(1+cos(x4-x5)*sqrt(1+2*x3*x2**2/(x0*x1**2)))
full50,sonnet,tools+exact,0,bonus.13,0,1.3e-16,undecidable,False,x1/(4*pi*8.854e-12*sqrt(x2**2+x3**2-2*x2*x3*cos(x4)))
full50,sonnet,tools+exact,0,bonus.12,0,7.3e-09,near_exact_approx,False,-x0**2*x2*x4/(4*pi*x1*(x2**2-x4**2)**2)
full50,sonnet,tools+exact,0,bonus.9,1,1.1e-16,solved,False,-5.244442811564131e-83*x0**2*x1**2*(x0+x1)/x2**5
full50,sonnet,tools+exact,0,bonus.7,1,0,solved,False,sqrt(5.59144849276116e-10*x0 - 299792458**2*x1/x2**2)
full50,sonnet,tools+exact,0,i.15.3t,1,0,solved,False,(x0 - x1*x2/299792458**2)/sqrt(1 - x1**2/299792458**2)
full50,sonnet,tools+exact,0,i.15.3x,1,0,solved,False,(x0 - x1*x2)/sqrt(1-x1**2/299792458**2)
full50,sonnet,tools+exact,0,i.30.3,1,0,solved,False,x0*sin(x1*x2/2)**2/sin(x2/2)**2
full50,sonnet,tools+exact,0,i.34.14,0,4.3e-10,undecidable,False,x1*exp(x0/x1)
full50,sonnet,tools+exact,0,i.39.22,1,0,solved,False,1.380649e-23*x0*x1/x2
full50,sonnet,tools+exact,0,i.32.17,1,1.3e-16,solved,False,0.01111856731796839*x0**2*x1**2*x2**4/(x2**2-x3**2)**2
full50,sonnet,tools+exact,0,bonus.4,0,0,undecidable,False,sqrt(2*(x1-x2)/x0)
full50,sonnet,tools+exact,0,i.40.1,1,0,solved,False,x0*exp(-9.80665*x1*x2/(1.380649e-23*x3))
full50,sonnet,tools+exact,0,i.44.4,1,0,solved,False,1.380649e-23*x0*x1*log(x2/x3)
full50,sonnet,tools+exact,0,i.50.26,1,0,solved,False,x0*(cos(x1*x2) + x3*cos(x1*x2)**2)
full50,sonnet,tools+exact,0,i.6.20a,1,0,solved,False,exp(-x0**2/2)/sqrt(2*pi)
full50,sonnet,tools+exact,0,i.6.20,1,1.3e-16,solved,False,exp(-x0**2/(2*x1**2))/(sqrt(2*pi)*x1)
full50,sonnet,tools+exact,0,i.9.18,1,0,solved,False,6.6743e-11*x0*x1/((x2-x3)**2+(x4-x5)**2+(x6-x7)**2)
full50,sonnet,tools+exact,0,i.6.20b,1,1.4e-16,solved,True,exp(-(x0-x1)**2/(2*x2**2))/(sqrt(2*pi)*x2)
full50,sonnet,tools+exact,0,i.37.4,1,0,solved,False,x0+x1+2*sqrt(x0*x1)*cos(x2)
full50,sonnet,tools+exact,0,ii.11.17,1,0,solved,False,x0*(1+x1*x2*cos(x3)/(1.380649e-23*x4))
full50,sonnet,tools+exact,0,i.29.16,1,0,solved,False,sqrt(x0**2+x1**2+2*x0*x1*cos(x2-x3))
full50,sonnet,tools+exact,0,ii.11.20,1,1.2e-16,solved,False,x0*x1**2*x2/(3*1.380649e-23*x3)
full50,sonnet,tools+exact,0,ii.11.27,0,3.2e-09,undecidable,False,8.854e-12*x0*x1*x2
full50,sonnet,tools+exact,0,ii.13.34,1,0,solved,False,x0*x1/sqrt(1-x1**2/299792458**2)
full50,sonnet,tools+exact,0,ii.13.23,1,0,solved,False,x0/sqrt(1-x1**2/299792458**2)
full50,sonnet,tools+exact,0,ii.11.28,0,0,undecidable,True,1+x0*x1+(x0*x1)**2/3
full50,sonnet,tools+exact,0,ii.35.21,0,2e-11,undecidable,False,x0*x1**2*x2/(1.380649e-23*x3)
full50,sonnet,tools+exact,0,ii.36.38,0,7.6e-15,undecidable,False,9.101978259167e16*x0*x3*x4/x2
full50,sonnet,tools+exact,0,ii.35.18,1,0,solved,False,x0/(2*cosh(x1*x2/(1.380649e-23*x3)))
full50,sonnet,tools+exact,0,ii.24.17,1,0,solved,True,sqrt((x0/299792458)**2 - pi**2/x1**2)
full50,sonnet,tools+exact,0,iii.10.19,1,0,solved,False,x0*sqrt(x1**2+x2**2+x3**2)
full50,sonnet,tools+exact,0,iii.21.20,1,0,solved,False,-x0*x1*x2/x3
full50,sonnet,tools+exact,0,ii.6.15b,1,1.3e-12,solved,False,13481613657*x0*sin(2*x1)/x2**3
full50,sonnet,tools+exact,0,ii.6.15a,1,1.3e-16,solved,False,3/(4*pi*8.854e-12)*x0*x1*sqrt(x3**2+x4**2)/x2**5
full50,sonnet,tools+exact,0,iii.4.33,1,4.9e-10,solved,False,1.054571817e-34*x0/(exp(1.054571817e-34*x0/(1.380649e-23*x1))-1)
full50,sonnet,tools+exact,0,iii.9.52,0,5.7e-16,undecidable,False,(x0*x1*x2)**2/(6.626e-34/(2*pi))**2
full50,sonnet,tools+exact,0,i.41.16,0,0.00026,data_artifact,True,1.5565054e-41*x0**2*x1*(1+(x1/x0)*(9.0646e-6*sin(216132.315*x0/x1)+4.148e-7*cos(216132.315*x0/x1)))
full50,opus,bare,0,bonus.11,0,0,undecidable,False,x0*x2**2
full50,opus,bare,0,bonus.1,1,1.2e-09,solved,False,(x0*x1*(1.602176634e-19)**2/(16*pi*8.8541878128e-12*x2))**2/sin(x3/2)**4
full50,opus,bare,0,bonus.13,0,1.3e-16,undecidable,True,x1/(4*pi*8.854e-12*sqrt(x2**2 + x3**2 - 2*x2*x3*cos(x4)))
full50,opus,bare,0,bonus.15,1,0,solved,True,x1*sqrt(1 - (x0/299792458)**2)/(1 + x0*cos(x2)/299792458)
full50,opus,bare,0,bonus.14,1,0,solved,False,x0*cos(x1)*(-x2 + x3**3*(x4 - 1)/(x2**2*(x4 + 2)))
full50,opus,bare,0,bonus.17,0,0,undecidable,False,x1**2/(2*x0)
full50,opus,bare,0,bonus.12,1,1.4e-16,solved,True,-x0**2*x2*x4/(4*pi*x1*(x2**2 - x4**2)**2) + x0*x3*x4/x2**2
full50,opus,bare,0,bonus.10,1,0,solved,True,(cos(x0) - x1/299792458)/(1 - x1*cos(x0)/299792458)
full50,opus,bare,0,bonus.3,1,0,solved,False,x0*(1 - x1**2)/(1 + x1*cos(x2 - x3))
full50,opus,bare,0,bonus.20,1,1.5e-16,solved,True,2.494619280328376e-29*x0*(x0**2 + x1**2 - x0*x1*sin(x2)**2)/x1**3
full50,opus,bare,0,bonus.4,0,0,undecidable,False,sqrt(2*(x1 - x2)/x0)
full50,opus,bare,0,bonus.16,0,1.4e-11,undecidable,True,299792458*Abs(x0 - x1*x2)
full50,opus,bare,0,bonus.5,1,1.1e-16,solved,False,2*pi*sqrt(x0**3/(6.6743e-11*(x1 + x2)))
full50,opus,bare,0,bonus.19,1,2.3e-15,solved,True,299792458**2/(8*pi*6.6743e-11)*(x2**2*(2*x3 - 1) - 299792458**2*x0/x1**2)
full50,opus,bare,0,bonus.6,0,5.3e-16,undecidable,False,sqrt(2*x0*x1/x3)*x2/(x4*x5*x6**2)
full50,opus,bare,0,bonus.7,1,8.4e-16,solved,False,sqrt(8*pi*6.6743e-11*x0/3 - x1*299792458.0**2/x2**2)
full50,opus,bare,0,bonus.9,1,1.5e-16,solved,True,-32/5*(6.6743e-11)**4/(299792458.0)**5*(x0*x1)**2*(x0+x1)/x2**5
full50,opus,bare,0,i.29.16,1,0,solved,False,sqrt(x0**2 + x1**2 + 2*x0*x1*cos(x2 - x3))
full50,opus,bare,0,i.15.3x,1,0,solved,False,(x0 - x1*x2)/sqrt(1 - x1**2/299792458**2)
full50,opus,bare,0,i.15.3t,1,0,solved,True,(x0 - x1*x2/299792458**2)/sqrt(1 - x1**2/299792458**2)
full50,opus,bare,0,i.37.4,1,0,solved,False,x0 + x1 + 2*sqrt(x0*x1)*cos(x2)
full50,opus,bare,0,i.30.3,1,0,solved,False,x0*sin(x1*x2/2)**2/sin(x2/2)**2
full50,opus,bare,0,i.39.22,1,0,solved,False,1.380649e-23*x0*x1/x2
full50,opus,bare,0,i.34.14,0,0,undecidable,True,x1*sqrt((x1 + x0)/(x1 - x0))
full50,opus,bare,0,i.40.1,1,0,solved,False,x0*exp(-9.80665*x1*x2/(1.380649e-23*x3))
full50,opus,bare,0,i.32.17,1,8.1e-16,solved,True,x0**2*x1**2*x2**4/(89.9396452260472*(x2**2 - x3**2)**2)
full50,opus,bare,0,i.44.4,1,0,solved,True,1.380649e-23*x0*x1*log(x2/x3)
full50,opus,bare,0,i.6.20a,1,0,solved,False,exp(-x0**2/2)/sqrt(2*pi)
full50,opus,bare,0,i.6.20,1,1.3e-16,solved,True,exp(-x0**2/(2*x1**2))/(sqrt(2*pi)*x1)
full50,opus,bare,0,i.6.20b,1,1.4e-16,solved,False,exp(-(x0 - x1)**2/(2*x2**2))/(sqrt(2*pi)*x2)
full50,opus,bare,0,i.41.16,0,0.00062,data_artifact,False,1.380649e-23*x0**2*x1/(pi**2*2.99792458e8**2)
full50,opus,bare,0,i.9.18,1,0,solved,True,6.6743e-11*x0*x1/((x2 - x3)**2 + (x4 - x5)**2 + (x6 - x7)**2)
full50,opus,bare,0,i.50.26,1,0,solved,False,x0*cos(x1*x2)*(1 + x3*cos(x1*x2))
full50,opus,bare,0,ii.11.27,0,3.2e-09,undecidable,False,8.854e-12*x0*x1*x2
full50,opus,bare,0,ii.11.20,1,1.2e-16,solved,False,x0*x1**2*x2/(3*1.380649e-23*x3)
full50,opus,bare,0,ii.11.17,1,0,solved,False,x0*(1 + x1*x2*cos(x3)/(1.380649e-23*x4))
full50,opus,bare,0,ii.13.23,1,0,solved,False,x0/sqrt(1 - x1**2/299792458**2)
full50,opus,bare,0,ii.13.34,1,0,solved,True,x0*x1/sqrt(1 - x1**2/299792458**2)
full50,opus,bare,0,ii.11.28,0,0,undecidable,True,1 + x0*x1 + (x0*x1)**2/3
full50,opus,bare,0,ii.35.21,0,2e-11,undecidable,False,x0*x1**2*x2/(1.380649e-23*x3)
full50,opus,bare,0,ii.35.18,1,0,solved,True,x0/(exp(x1*x2/(1.380649e-23*x3)) + exp(-x1*x2/(1.380649e-23*x3)))
full50,opus,bare,0,ii.24.17,1,0,solved,False,sqrt((x0/299792458)**2 - (pi/x1)**2)
full50,opus,bare,0,ii.36.38,0,1.2e-16,undecidable,False,91019782591670690*x0*x3*x4/x2
full50,opus,bare,0,iii.10.19,1,0,solved,False,x0*sqrt(x1**2 + x2**2 + x3**2)
full50,opus,bare,0,bonus.2,1,1.3e-16,solved,True,x0*x1/x2**2 + cos(x4 - x5)*sqrt((x0*x1/x2**2)**2 + 2*x0*x3/x2**2)
full50,opus,bare,0,ii.6.15a,1,1.3e-16,solved,True,3*x0*x1*sqrt(x3**2 + x4**2)/(4*pi*8.854e-12*x2**5)
full50,opus,bare,0,ii.6.15b,1,1.3e-16,solved,False,3*x0*sin(x1)*cos(x1)/(4*pi*8.854e-12*x2**3)
full50,opus,bare,0,iii.21.20,1,0,solved,False,-x0*x1*x2/x3
full50,opus,bare,0,iii.9.52,0,2.1e-16,undecidable,False,8.992011913562583e+67*(x0*x1*x2)**2
full50,opus,bare,0,iii.4.33,1,4.9e-10,solved,True,1.0545718176461565e-34*x0/(exp(1.0545718176461565e-34*x0/(1.380649e-23*x1)) - 1)
full50,haiku,bare,0,bonus.10,0,0.021,wrong_structure,False,cos(x0)
full50,haiku,bare,0,bonus.1,0,1,placeholder,True,0
full50,haiku,bare,0,bonus.11,0,0,undecidable,True,x0*x2**2
full50,haiku,bare,0,bonus.15,0,0.0029,approx,False,10*x0/pi + x1 - 10667472
full50,haiku,bare,0,bonus.14,0,1.8e+02,regression_dump,False,4627.46561452691*x1*x3 + 1760.10298232667*x3*x4 - 1822.51289980502*x1*x2 + 4862.26373651997*x3 + 771.460201086451*x1*x4 + 518.906932112442*x2*x3 - 657.270827918737*x2*x4 - 1829.79713307921*x1 - 812.574556755146*x2 - 800.131746406812*x4 + 21.7566332698944*x0 + 17.5304243108974*x0*x3 - 15.3010430629853*x0*x1 - 8.48961186057717*x0*x2 + 0.980343430465585*x0*x4 - 1252.42844243276
full50,haiku,bare,0,bonus.17,0,19,regression_dump,False,6.07031230399182e-63*x2**7 + 2.31271795986635e-53*x2**6 - 1.12483771321604e-40*x2**5 - 1.34422641414191e-30*x2**4 + 5.97326160715069e-19*x2**3 + 8.02517366150123e-9*x2**2 - 924.54441763255*x2 + 117375948705517.0
full50,haiku,bare,0,bonus.16,0,0.78,regression_dump,False,-8.48e-8*Abs(x2)**3 - 1.7402e-6*Abs(x2)**2*Abs(x4) + 0.0001337147*Abs(x2)**2 - 0.0003827596*Abs(x2)*Abs(x4)**2 + 0.0047339267*Abs(x2)*Abs(x4) + 0.0001788964*Abs(x2) + 0.0008620922*Abs(x4)**3 + 0.0001506573*Abs(x4)**2 + 2.71919e-5*Abs(x4) + 7.8486275736
full50,haiku,bare,0,bonus.12,0,1.3e+05,wrong_structure,False,-12114721943412.6*x0 + 122.36254119873*x1 + 1489935083753.02*x2 - 51109808972.164*x3 + 1500249178261.86*x4 - 1134966428791.0
full50,haiku,bare,0,bonus.19,0,0.01,wrong_structure,False,5.35847860414068e+25*x2**2*(2*x3 - 1)
full50,haiku,bare,0,bonus.13,0,1.2,regression_dump,False,-37632100000*x1*x2 - 7798873000*x1*x2/x3 - 60864020000*x1*x3 - 512852600*x1*x4 + 48076365000*x1 + 16431325000*x1/(x3 + x4) - 194292600*x1/x4 - 1598578000*x1*x4/x3 + 6652349000*x1/x3 + 9519833000*x2*x3 + 780022700*x2*x4 - 1871577000*x2 + 23088270*x2/x4 + 678795300*x3*x4 - 1640656000*x3 - 515554500*x4 + 1144993000 + (4617426*x1 - 4617426*x3)/x4
full50,haiku,bare,0,bonus.3,0,0.31,wrong_structure,False,-1.30721479*x0*x1**3 + 0.86038532*x0*x1**2 - 0.39107052*x0*x1 + 1.02305672*x0
full50,haiku,bare,0,bonus.20,0,6.3,wrong_structure,True,4.570988501095681e-28*exp(x0/10000000000 - x1/10000000000)
full50,haiku,bare,0,bonus.2,0,16,regression_dump,False,-9.83094400583544e-9*x0*x4 + 2.27290298154912e-9*x0*x5 + 2.2031458268814e-7*x0 - 0.0077261617872498*x1*x2 - 1145742.10496412*x1*x4 - 822224.403642085*x1*x5 + 22358199.4777391*x1 + 6368795.55066444*x2*x4 + 7128055.24870192*x2*x5 + 121405870.935747*x2 + 7.22095987804784e-11*x3*x4 - 8.86827493562639e-12*x3*x5 - 1.15316953626009e-11*x3 + 435916769816.112*x4*x5 - 4879119724.85963*x4 - 17123855722.1847*x5 - 3.86153625039237e+17
full50,haiku,bare,0,bonus.6,0,1,wrong_structure,True,12234090472/(x4**2*x5**2)
full50,haiku,bare,0,i.15.3t,0,2e-05,approx,True,x0
full50,haiku,bare,0,bonus.7,0,1,wrong_structure,True,x0*x1/x2
full50,haiku,bare,0,bonus.5,0,0.58,wrong_structure,False,90910636504.3414*x0/(sqrt(x1) + sqrt(x2)) - 23769348.0080372
full50,haiku,bare,0,i.15.3x,0,0.00052,approx,False,x0 - x1*x2
full50,haiku,bare,0,i.29.16,0,0.46,wrong_structure,False,0.5886573728*sqrt(x0**2 + x1**2 + x2**2 + x3**2)
full50,haiku,bare,0,i.34.14,0,5.9e-07,undecidable,False,x0 + x1
full50,haiku,bare,0,i.37.4,0,0.11,wrong_structure,False,(x0 + x1)*(cos(x2) + 1)
full50,haiku,bare,0,bonus.9,0,3.4e+06,wrong_structure,True,-2.427736254891716e+19/(x0 - x1) - 0.307432681740729
full50,haiku,bare,0,i.32.17,0,2.9e+05,wrong_structure,False,2.05e-13*Abs(x0)**(9/10)*x1**(4/7)*Abs(x2)**(41/50)*Abs(x3)**(81/100)
full50,haiku,bare,0,bonus.4,0,0.16,regression_dump,True,"Piecewise((Piecewise((Piecewise((Piecewise((Piecewise((Piecewise((4.89547441302169, x1 <= 2.20309729644259e+25), (8.92218478838985, True)), x1 <= 3.18682261268591e+25), (Piecewise((15.1148859381653, x2 <= 2.94203477999639e+25), (9.60893519591074, True)), True)), x1 <= 5.87735125580114e+25), (Piecewise((Piecewise((27.6301387925189, x2 <= 5.04723439859475e+25), (16.2564842897547, True)), x0 <= 2.50605647539996e+23), (Piecewise((18.9677658408741, x2 <= 4.16638207765664e+25), (12.5618129475205, True)), True)), True)), x1 <= 1.17705846970811e+26), (Piecewise((Piecewise((Piecewise((40.9237098354048, x1 <= 2.05967665133954e+26), (56.1750055783866, True)), x2 <= 9.29858586880372e+25), (Piecewise((34.6752264897528, x2 <= 1.38219894594431e+26), (20.6518880030244, True)), True)), x0 <= 2.08221136539706e+23), (Piecewise((Piecewise((28.0978118041262, x1 <= 2.42576805944849e+26), (38.6095429639096, True)), x2 <= 9.83956477004996e+25), (Piecewise((12.3410090594802, x1 <= 1.936302705599e+26), (22.3212825781977, True)), True)), True)), True)), x1 <= 3.38254090710101e+26), (Piecewise((Piecewise((Piecewise((Piecewise((80.8953216417261, x0 <= 1.44220139961572e+23), (65.3415517365028, True)), x1 <= 6.22048043358829e+26), (Piecewise((105.645291461177, x0 <= 1.68621876728963e+23), (85.6921462726253, True)), True)), x2 <= 2.1213162621944e+26), (Piecewise((Piecewise((46.6135063819255, x2 <= 3.87003301273693e+26), (26.6769218605272, True)), x1 <= 6.45915068030693e+26), (Piecewise((76.646711794717, x2 <= 5.74787909317099e+26), (42.5088196342705, True)), True)), True)), x0 <= 2.35556419025174e+23), (Piecewise((Piecewise((Piecewise((54.2214229945759, x0 <= 3.05844728913494e+23), (43.365108739867, True)), x1 <= 6.01968375052971e+26), (Piecewise((69.6420053276739, x0 <= 3.61952374511126e+23), (56.1509597961473, True)), True)), x2 <= 2.12150764716417e+26), (Piecewise((Piecewise((34.70640971908, x2 <= 3.73646567292242e+26), (20.4640156406889, True)), x1 <= 6.66617443076248e+26), (Piecewise((48.5915661130712, x2 <= 6.09225305724824e+26), (26.6790166455747, True)), True)), True)), True)), True)), x0 <= 5.51139227369736e+23), (Piecewise((Piecewise((Piecewise((Piecewise((Piecewise((3.22288989737292, x1 <= 2.7518759422518e+25), (5.24033507918999, True)), x1 <= 4.44859028362119e+25), (Piecewise((10.5338705746037, x2 <= 3.16924148207786e+25), (6.79414794301998, True)), True)), x0 <= 2.02048304732048e+24), (Piecewise((Piecewise((1.63552411299675, x1 <= 3.22883322763938e+25), (2.86375999766324, True)), x1 <= 5.03244241569065e+25), (Piecewise((5.63921129186516, x0 <= 3.83328299414154e+24), (3.91195982276672, True)), True)), True)), x1 <= 1.27277115377524e+26), (Piecewise((Piecewise((Piecewise((17.4213235415096, x1 <= 2.02867514548299e+26), (21.9294295179301, True)), x2 <= 7.43135801095964e+25), (Piecewise((11.4146251739552, x1 <= 2.5266161325983e+26), (17.2216107422783, True)), True)), x0 <= 1.37766503312828e+24), (Piecewise((Piecewise((12.0960026898326, x2 <= 1.06955573363371e+26), (7.36954344113804, True)), x0 <= 3.18134839726685e+24), (Piecewise((7.46775930681857, x2 <= 1.0699838364468e+26), (4.29562988931406, True)), True)), True)), True)), x1 <= 2.97474353201697e+26), (Piecewise((Piecewise((Piecewise((Piecewise((30.4265019638178, x0 <= 9.78772855451171e+23), (22.8950636474009, True)), x2 <= 1.76833403276143e+26), (Piecewise((18.7394771327697, x2 <= 2.72124791378745e+26), (12.459757879048, True)), True)), x1 <= 5.42379267375857e+26), (Piecewise((Piecewise((41.8333168762151, x0 <= 1.02939796297763e+24), (31.2036716691446, True)), x2 <= 3.06102190552876e+26), (Piecewise((24.2216557328486, x2 <= 6.24172886915192e+26), (13.0099855241692, True)), True)), True)), x0 <= 1.83039850095535e+24), (Piecewise((Piecewise((Piecewise((16.1364104993431, x1 <= 5.78640474923405e+26), (23.0786200434225, True)), x2 <= 2.59817271306719e+26), (Piecewise((8.83635704333505, x1 <= 7.03011836116009e+26), (13.5032213599213, True)), True)), x0 <= 3.78992709273043e+24), (Piecewise((Piecewise((10.8666853721184, x2 <= 2.05467749146185e+26), (6.39695187264893, True)), x1 <= 5.69902694977547e+26), (Piecewise((14.8029061153577, x2 <= 3.23506103290611e+26), (9.03251033511023, True)), True)), True)), True)), True)), True))"
full50,haiku,bare,0,i.30.3,0,9.1e+02,wrong_structure,False,x0*x1*cos(x2) + 97527.4450278183
full50,haiku,bare,0,i.41.16,0,0.55,wrong_structure,False,1.73091413715053e-41*exp(-0.16667014421299*x0**2 + 3.86784488112528e-5*x0*x1 + 2.23077546165212*x0 - 8.4349283857605e-6*x1**2 + 0.0111948235508669*x1)
full50,haiku,bare,0,i.39.22,1,0,solved,False,1.380649e-23*x0*x1/x2
full50,haiku,bare,0,i.40.1,0,0.066,wrong_structure,False,1.06478227453683*x0 - 0.439847794821173*x0*x2 - 0.000127366557403537*x0*x3
full50,haiku,bare,0,i.6.20a,1,0,solved,False,sqrt(2)*exp(-x0**2/2)/(2*sqrt(pi))
full50,haiku,bare,0,i.6.20b,0,1,wrong_structure,False,exp(-x0**2 - x1**2 - x2**2)
full50,opus,harness,0,bonus.11,0,0,undecidable,True,x0*x2**2
full50,opus,harness,0,bonus.10,1,0,solved,False,(cos(x0) - x1/299792458)/(1 - x1*cos(x0)/299792458)
full50,opus,harness,0,bonus.1,1,1.2e-09,solved,False,(x0*x1*(1.602176634e-19)**2/(16*pi*8.8541878128e-12*x2*sin(x3/2)**2))**2
full50,opus,harness,0,bonus.15,1,0,solved,False,x1*sqrt(1 - (x0/299792458)**2)/(1 + x0*cos(x2)/299792458)
full50,opus,harness,0,bonus.13,0,1.3e-16,undecidable,False,x1/(4*pi*8.854e-12*sqrt(x2**2 + x3**2 - 2*x2*x3*cos(x4)))
full50,opus,harness,0,bonus.17,0,0,undecidable,False,x1**2/(2*x0)
full50,opus,harness,0,bonus.16,0,1.4e-11,undecidable,False,299792458*Abs(x0 - x1*x2)
full50,opus,harness,0,bonus.20,1,1.1e-11,solved,True,2.4946192803e-29*(x0/x1)**2*(x0/x1 + x1/x0 - sin(x2)**2)
full50,opus,harness,0,bonus.3,1,0,solved,False,x0*(1 - x1**2)/(1 + x1*cos(x2 - x3))
full50,opus,harness,0,bonus.4,0,0,undecidable,False,sqrt(2*(x1-x2)/x0)
full50,opus,harness,0,bonus.5,1,1.1e-16,solved,True,2*pi*sqrt(x0**3/(6.6743e-11*(x1+x2)))
full50,opus,harness,0,bonus.6,0,5.3e-16,undecidable,False,sqrt(2*x0*x1/x3)*x2/(x4*x5*x6**2)
full50,opus,harness,0,bonus.12,1,1.4e-16,solved,False,x0*x3*x4/x2**2 - x0**2*x2*x4/(4*pi*x1*(x2**2 - x4**2)**2)
full50,opus,harness,0,bonus.9,1,1.5e-16,solved,False,-32/5*6.6743e-11**4/299792458**5*x0**2*x1**2*(x0+x1)/x2**5
full50,opus,harness,0,i.15.3t,1,0,solved,True,(x0 - x1*x2/299792458**2)/sqrt(1-x1**2/299792458**2)
full50,opus,harness,0,bonus.14,1,0,solved,True,-x0*cos(x1)*(x2 - (x4 - 1)/(x4 + 2)*x3**3/x2**2)
full50,opus,harness,0,i.15.3x,1,0,solved,False,(x0 - x1*x2)/sqrt(1 - x1**2/299792458**2)
full50,opus,harness,0,i.30.3,1,0,solved,False,x0*(sin(x1*x2/2)/sin(x2/2))**2
full50,opus,harness,0,bonus.2,1,1.3e-16,solved,False,x0*x1/x2**2 + cos(x4 - x5)*sqrt((x0*x1/x2**2)**2 + 2*x0*x3/x2**2)
full50,opus,harness,0,bonus.19,1,1.4e-15,solved,True,(299792458**2*x2**2*(2*x3 - 1) - 299792458**4*x0/x1**2)/(8*pi*6.6743e-11)
full50,opus,harness,0,i.34.14,0,0,undecidable,False,x1*sqrt((x1+x0)/(x1-x0))
full50,opus,harness,0,i.29.16,1,0,solved,False,sqrt(x0**2 + x1**2 + 2*x0*x1*cos(x2 - x3))
full50,opus,harness,0,i.39.22,1,0,solved,False,1.380649e-23*x0*x1/x2
full50,opus,harness,0,i.32.17,1,9.2e-16,solved,False,(4*pi*8.854e-12*299792458/3)*x0**2*x1**2*x2**4/(x3**2-x2**2)**2
full50,opus,harness,0,i.37.4,1,0,solved,False,x0 + x1 + 2*sqrt(x0*x1)*cos(x2)
full50,opus,harness,0,i.40.1,1,0,solved,False,x0*exp(-9.80665*x1*x2/(1.380649e-23*x3))
full50,opus,harness,0,i.44.4,1,0,solved,False,1.380649e-23*x0*x1*log(x2/x3)
full50,opus,harness,0,i.6.20a,1,0,solved,False,exp(-x0**2/2)/sqrt(2*pi)
full50,opus,harness,0,i.6.20,1,1.3e-16,solved,False,exp(-x0**2/(2*x1**2))/(sqrt(2*pi)*x1)
full50,opus,harness,0,i.6.20b,1,1.4e-16,solved,False,exp(-(x0-x1)**2/(2*x2**2))/(sqrt(2*pi)*x2)
full50,opus,harness,0,i.9.18,1,0,solved,False,6.6743e-11*x0*x1/((x3-x2)**2+(x5-x4)**2+(x7-x6)**2)
full50,opus,harness,0,i.50.26,1,0,solved,False,x0*cos(x1*x2)*(1 + x3*cos(x1*x2))
full50,opus,harness,0,ii.11.27,0,3.2e-09,undecidable,False,8.854e-12*x0*x1*x2
full50,opus,harness,0,ii.11.20,1,1.2e-16,solved,False,x0*x1**2*x2/(3*1.380649e-23*x3)
full50,opus,harness,0,ii.11.17,1,0,solved,False,x0*(1 + x1*x2*cos(x3)/(1.380649e-23*x4))
full50,opus,harness,0,bonus.7,1,8.4e-16,solved,False,sqrt(8*pi*6.6743e-11/3*x0 - x1*2.99792458e8**2/x2**2)
full50,opus,harness,0,ii.13.23,1,0,solved,False,x0/sqrt(1-x1**2/299792458**2)
full50,opus,harness,0,ii.13.34,1,0,solved,False,x0*x1/sqrt(1 - x1**2/299792458**2)
full50,opus,harness,0,ii.35.21,0,2e-11,undecidable,False,x0*x1**2*x2/(1.380649e-23*x3)
full50,opus,harness,0,ii.11.28,1,0,solved,True,(3 + 2*x0*x1)/(3 - x0*x1)
full50,opus,harness,0,ii.35.18,1,0,solved,True,x0/(2*cosh(x1*x2/(1.380649e-23*x3)))
full50,opus,harness,0,ii.24.17,1,0,solved,False,sqrt((x0/299792458)**2 - (pi/x1)**2)
full50,opus,harness,0,iii.10.19,1,0,solved,False,x0*sqrt(x1**2+x2**2+x3**2)
full50,opus,harness,0,i.41.16,1,7.6e-16,solved,True,(6.626e-34/(2*pi))*x0**3/(pi**2*299792458**2*(exp((6.626e-34/(2*pi))*x0/(1.380649e-23*x1)) - 1))
full50,opus,harness,0,iii.21.20,1,0,solved,False,-x0*x1*x2/x3
full50,opus,harness,0,ii.6.15b,1,1.3e-16,solved,False,3*x0*sin(x1)*cos(x1)/(4*pi*8.854e-12*x2**3)
full50,opus,harness,0,ii.6.15a,1,1.3e-16,solved,False,3*x0*x1*sqrt(x3**2+x4**2)/(4*pi*8.854e-12*x2**5)
full50,opus,harness,0,iii.4.33,1,4.9e-10,solved,False,1.054571817e-34*x0/(exp(1.054571817e-34*x0/(1.380649e-23*x1))-1)
full50,opus,harness,0,iii.9.52,0,5.7e-16,undecidable,False,(2*pi*x0*x1*x2/6.626e-34)**2
full50,opus,harness,0,ii.36.38,0,1.2e-16,undecidable,False,9.101978259167069e16*x0*x3*x4/x2
full50,haiku,tools,0,bonus.11,0,0,undecidable,True,x0 * x2 * x2
full50,haiku,tools,0,bonus.10,0,0.00046,approx,False,cos(x0 + 3.40235e-9*x1*sin(x0))
full50,haiku,tools,0,bonus.15,0,0.0011,approx,False,x1 - 6.64418*x0*cos(x2)
full50,haiku,tools,0,bonus.12,0,1.8,wrong_structure,False,-x0**2*(-1.1102*x2**2 + 2.06*x2*x4 + 0.013234*x2 - 0.94723*x4**2 - 0.0133834*x4 + 0.0198905)/(x1*(x2 - x4)**2)
full50,haiku,tools,0,bonus.1,0,0.84,wrong_structure,False,5.32298e-56*x0**2*x1**2/(x2**2*x3**4)
full50,haiku,tools,0,bonus.13,0,1.7,regression_dump,False,x1*(289407000000.0*x2**2 + 772874000000.0*x2*x3 + 203443000000.0*x2*x4 - 837380000000.0*x2 + 287264000000.0*x3**2 + 178213000000.0*x3*x4 - 751771000000.0*x3 - 146988000000.0*x4 + 341277000000.0 + 2460710000.0/x3 + 2174840000.0/x2)
full50,haiku,tools,0,bonus.17,0,0,undecidable,True,0.5*x1**2/x0
full50,haiku,tools,0,bonus.14,0,0.99,wrong_structure,False,-0.754927791156776*x0*x3**3*(x1 - 1.64883)*(x4 - 1.06374)/(x2**2*(x4 + 1.99384))
full50,haiku,tools,0,bonus.19,0,0.76,wrong_structure,True,-5.50805e+21*x0*x3**3 + 9.56737e+21*x2**4*x3 + 6.85822e+23*x2**2*x3**3
full50,haiku,tools,0,bonus.2,0,1.9,wrong_structure,True,6.85521e-9*x0*x1/x2*(1+cos(x4-x5))
full50,haiku,tools,0,bonus.16,0,0.7,wrong_structure,False,sqrt(5.79034e+16*x0*x0 + 2.50603e+21*x1*x1 + 0.00233324*x2*x2 - 0.850605)
full50,haiku,tools,0,bonus.20,0,0.24,wrong_structure,False,1.8743e-32*exp((x0/x1)**(1/4)*(-0.0127213*x0/x1 + 7.81874))
full50,haiku,tools,0,bonus.4,0,0,undecidable,True,sqrt(2)*sqrt((x1 - x2)/x0)
full50,haiku,tools+exact,0,bonus.11,0,0,undecidable,True,x0 * x2**2
full50,haiku,tools+exact,0,bonus.1,0,0.52,wrong_structure,False,1.14057e-56*x0**2*x1**2*x3**x3/(x2**2*x3**(22/5))
full50,haiku,tools+exact,0,bonus.14,0,0.19,regression_dump,False,x0*((0.0057303156**x4/(0.042082235*((x2/x3))))**1.7495497)**(0.042082235**(x2/x3)/(cos(sin(x4))*cos(sin(sin(x4/0.6872625)))))/((1.1272781/(x2*(x1 - 1.5707284))))
full50,haiku,tools+exact,0,bonus.13,0,0.88,wrong_structure,False,57657600*x1/(x3*x4*sin(x2))
full50,haiku,tools+exact,0,bonus.12,0,0.99,wrong_structure,False,-3.16395e-7*x0**2/(x1*x2**2*x4**2)
full50,haiku,tools+exact,0,bonus.10,0,0.00019,approx,False,cos(x0 + 3.35303e-9*x1*sin(x0 + 3.15067e-9*x1*sin(x0 + 6.42468e-9*x1*sin(x0 + 6.00975e-10*x1*sin(x0)))))
full50,haiku,tools+exact,0,bonus.17,0,0,undecidable,True,x1*x1/(2*x0)
full50,haiku,tools+exact,0,bonus.15,0,2.8e-06,approx,False,x1 - x0*x1*cos(x2)/299792458
full50,haiku,tools+exact,0,bonus.19,0,0.96,wrong_structure,False,x1*x2*x3*(1.33587e+18 + 8859230000000*x0)
full50,haiku,tools+exact,0,bonus.2,0,5.9,wrong_structure,False,x0 * x1 / (1.46e8 * x2) + 1.26e-8 * x0 * sin(x4) + 3.98e-8 * x0 * sin(x5) - 6.0e-8 * x0 * cos(x4) - 3.27e-8 * x0 * cos(x5)
full50,haiku,tools+exact,0,bonus.4,0,0,undecidable,True,sqrt(2*(x1 - x2)/x0)
full50,haiku,tools+exact,0,bonus.20,0,0.35,wrong_structure,False,2.66211e-29*x0**3/x1**3
full50,sonnet,bare,0,bonus.11,0,0,undecidable,False,x0*x2**2
full50,sonnet,bare,0,bonus.1,1,2e-11,solved,False,3.3266292662e-57*x0**2*x1**2/(x2**2*sin(x3/2)**4)
full50,sonnet,bare,0,bonus.15,1,0,solved,False,x1*sqrt(1-(x0/299792458.0)**2)/(1+(x0/299792458.0)*cos(x2))
full50,sonnet,bare,0,bonus.12,0,7.3e-09,near_exact_approx,True,-x0**2*x2*x4/(4*pi*x1*(x2**2-x4**2)**2)
full50,sonnet,bare,0,bonus.13,0,1.3e-12,undecidable,False,8987742438.0*x1/sqrt(x2**2 + x3**2 - 2*x2*x3*cos(x4))
full50,sonnet,bare,0,bonus.10,1,0,solved,True,(cos(x0) - x1/299792458)/(1 - (x1/299792458)*cos(x0))
full50,sonnet,bare,0,bonus.17,0,0,undecidable,False,x1**2/(2*x0)
full50,sonnet,bare,0,bonus.19,1,2.4e-09,solved,True,1.07158301e26*x2**2*(x3-0.5) - 4.81545389e42*x0/x1**2
full50,sonnet,bare,0,bonus.20,1,1.3e-10,solved,False,2.49461928e-29*(x0/x1)**2*(x0/x1 + x1/x0 - sin(x2)**2)
full50,sonnet,bare,0,bonus.3,1,0,solved,False,x0*(1-x1**2)/(1+x1*cos(x2-x3))
full50,sonnet,bare,0,bonus.14,1,0,solved,True,x0*cos(x1)*(x3**3/x2**2*(x4-1)/(x4+2) - x2)
full50,sonnet,bare,0,bonus.16,0,1.4e-11,undecidable,True,299792458*Abs(x0 - x1*x2)
full50,sonnet,bare,0,bonus.5,1,1.1e-16,solved,False,2*pi*sqrt(x0**3/(6.6743e-11*(x1+x2)))
full50,sonnet,bare,0,bonus.4,0,0,undecidable,False,sqrt(2*(x1 - x2)/x0)
full50,sonnet,bare,0,bonus.6,0,5.3e-16,undecidable,True,sqrt(2)*sqrt(x0*x1/x3)*x2/(x4*x5*x6**2)
full50,sonnet,bare,0,bonus.9,1,2.2e-09,solved,False,-5.2444428e-83*x0**2*x1**2*(x0+x1)/x2**5
full50,sonnet,bare,0,bonus.2,1,0,solved,True,x0*x1/x2**2*(1+cos(x4-x5)*sqrt(1+2*x3*x2**2/(x0*x1**2)))
full50,sonnet,bare,0,bonus.7,1,2.2e-12,solved,False,sqrt(5.59144849276e-10*x0 - 8.987551787e16*x1/x2**2)
full50,sonnet,bare,0,i.30.3,1,0,solved,False,x0*sin(x1*x2/2)**2/sin(x2/2)**2
full50,sonnet,bare,0,i.29.16,1,0,solved,False,sqrt(x0**2 + x1**2 + 2*x0*x1*cos(x2 - x3))
full50,sonnet,bare,0,i.15.3t,1,7e-14,solved,True,(x0 - 1.11265006e-17*x1*x2)/sqrt(1 - 1.11265006e-17*x1**2)
full50,sonnet,bare,0,i.39.22,1,0,solved,False,1.380649e-23*x0*x1/x2
full50,sonnet,bare,0,i.15.3x,1,0,solved,True,(x0 - x1*x2)/sqrt(1 - (x1/299792458)**2)
full50,sonnet,bare,0,i.34.14,0,0,undecidable,False,x1*sqrt((x1+x0)/(x1-x0))
full50,sonnet,bare,0,i.41.16,0,0.00064,data_artifact,False,1.5565e-41*x0**2*x1
full50,sonnet,bare,0,i.40.1,1,0,solved,False,x0*exp(-7.102927681112288e+23*x1*x2/x3)
full50,sonnet,bare,0,i.37.4,1,0,solved,True,x0 + x1 + 2*sqrt(x0*x1)*cos(x2)
full50,sonnet,bare,0,i.6.20a,1,0,solved,False,exp(-x0**2/2)/sqrt(2*pi)
full50,sonnet,bare,0,i.44.4,1,3.7e-16,solved,False,1.380649e-23*x0*x1*(log(x2)-log(x3))
full50,sonnet,bare,0,i.6.20,1,1.3e-16,solved,True,exp(-x0**2/(2*x1**2))/(sqrt(2*pi)*x1)
full50,sonnet,bare,0,i.32.17,1,1.3e-16,solved,True,0.01111856731796839*x0**2*x1**2*x2**4/(x2**2-x3**2)**2
full50,sonnet,bare,0,i.6.20b,1,1.4e-16,solved,True,exp(-(x0-x1)**2/(2*x2**2))/(sqrt(2*pi)*x2)
full50,sonnet,bare,0,ii.11.20,1,1.7e-14,solved,False,2.4143235053466e22*x0*x1**2*x2/x3
full50,sonnet,bare,0,ii.11.27,0,3.2e-09,undecidable,False,8.854e-12*x0*x1*x2
full50,sonnet,bare,0,ii.11.17,0,0.025,wrong_structure,True,x0*x1*x2*cos(x3)/(1.380649e-23*x4)
full50,sonnet,bare,0,i.50.26,1,0,solved,True,x0*cos(x1*x2)*(1 + x3*cos(x1*x2))
full50,sonnet,bare,0,ii.11.28,0,0,undecidable,True,1 + x0*x1 + (x0*x1)**2/3
full50,sonnet,bare,0,ii.13.23,1,0,solved,False,x0/sqrt(1 - x1**2/299792458.0**2)
full50,sonnet,bare,0,ii.35.18,0,3e-11,near_exact_approx,False,x0/2
full50,sonnet,bare,0,ii.13.34,1,0,solved,True,x0*x1/sqrt(1 - x1**2/299792458.0**2)
full50,sonnet,bare,0,ii.35.21,0,2e-11,undecidable,False,x0*x1**2*x2/(1.380649e-23*x3)
full50,sonnet,bare,0,ii.36.38,0,1.8e-11,undecidable,True,9.101978259e16*x0*x3*x4/x2
full50,sonnet,bare,0,ii.6.15a,1,5.2e-10,solved,False,2.69632273e10*x0*x1*sqrt(x3**2+x4**2)/x2**5
full50,sonnet,bare,0,ii.6.15b,1,1.7e-13,solved,False,13481613656.98*x0*sin(2*x1)/x2**3
full50,sonnet,bare,0,i.9.18,1,0,solved,False,6.6743e-11*x0*x1/((x2-x3)**2+(x4-x5)**2+(x6-x7)**2)
full50,sonnet,bare,0,iii.21.20,1,0,solved,False,-x0*x1*x2/x3
full50,sonnet,bare,0,ii.24.17,1,0,solved,False,sqrt(x0**2/299792458**2 - pi**2/x1**2)
full50,sonnet,bare,0,iii.9.52,0,2.1e-16,undecidable,False,8.992011913562583e67*x0**2*x1**2*x2**2
full50,sonnet,bare,0,iii.10.19,1,0,solved,False,x0*sqrt(x1**2+x2**2+x3**2)
full50,sonnet,bare,0,iii.4.33,1,4.9e-10,solved,True,1.054571817e-34*x0/(exp(1.054571817e-34*x0/(1.380649e-23*x1)) - 1)
full50,sonnet,tools,0,bonus.11,0,0,undecidable,False,x0*x2**2
full50,sonnet,tools,0,bonus.1,1,2.2e-07,solved,False,3.32663e-57*x0**2*x1**2/(x2**2*sin(x3/2)**4)
full50,sonnet,tools,0,bonus.10,1,0,solved,False,(cos(x0)-x1/299792458)/(1-x1*cos(x0)/299792458)
full50,sonnet,tools,0,bonus.15,1,0,solved,True,x1*sqrt(1-(x0/299792458)**2)/(1+x0*cos(x2)/299792458)
full50,sonnet,tools,0,bonus.13,0,2.7e-07,undecidable,False,8987740000.0*x1/sqrt(x2**2 + x3**2 - 2*x2*x3*cos(x4))
full50,sonnet,tools,0,bonus.17,0,0,undecidable,True,0.5*x1**2/x0
full50,sonnet,tools,0,bonus.16,0,1.4e-11,undecidable,True,2.99792458e8*abs(x0 - x1*x2)
full50,sonnet,tools,0,bonus.19,0,2.8e-06,approx,False,1.07158e26*x2**2*(x3-0.5) - 4.8154447724e42*x0/x1**2
full50,sonnet,tools,0,bonus.20,1,2.9e-07,solved,False,2.49462e-29*x0**2*(x0/x1 - sin(x2)**2 + x1/x0)/x1**2
full50,sonnet,tools,0,bonus.3,1,0,solved,False,x0*(1-x1**2)/(1+x1*cos(x2-x3))
full50,sonnet,tools,0,bonus.5,1,3.6e-07,solved,True,769090.0*x0**1.5/(x1+x2)**0.5
full50,sonnet,tools,0,bonus.6,0,5.3e-16,undecidable,False,sqrt(2)*sqrt(x0*x1/x3)*x2/(x4*x5*x6**2)
full50,sonnet,tools,0,bonus.12,0,7.3e-09,near_exact_approx,False,-x0**2*x2*x4/(4*pi*x1*(x2**2-x4**2)**2)
full50,sonnet,tools,0,bonus.7,0,1.9e-06,approx,False,2.36462e-5*sqrt(x0 - 1.60737e+26*x1/x2**2)
full50,sonnet,tools,0,bonus.9,1,5.4e-07,solved,False,-5.24444e-83*x0**2*x1**2*(x0 + x1)/x2**5
full50,sonnet,tools,0,bonus.14,1,1.3e-16,solved,True,-x0*x2*(1 - x3**3*(x4 - 1)/(x2**3*(x4 + 2)))*cos(x1)
full50,sonnet,tools,0,i.15.3t,0,1.1e-08,near_exact_approx,True,x0 + 5.5666e-18*x1*(x0*x1 - 2*x2)
full50,sonnet,tools,0,i.29.16,1,0,solved,False,sqrt(x0**2 + x1**2 + 2*x0*x1*cos(x2 - x3))
full50,sonnet,tools,0,i.15.3x,1,2.6e-11,solved,False,(x0 - x1*x2)/sqrt(1 - 1.11265e-17*x1**2)
full50,sonnet,tools,0,bonus.4,0,0,undecidable,False,sqrt(2*(x1 - x2)/x0)
full50,sonnet,tools,0,i.32.17,1,2.9e-06,solved,False,0.0111186*x0**2*x1**2*x2**4/(x2**2 - x3**2)**2
full50,sonnet,tools,0,i.34.14,0,4.3e-10,undecidable,False,x1*exp(x0/x1)
full50,sonnet,tools,0,bonus.2,1,1.3e-16,solved,True,x0*x1/x2**2 + sqrt((x0*x1/x2**2)**2 + 2*x0*x3/x2**2)*cos(x4-x5)
full50,sonnet,tools,0,i.39.22,1,0,solved,False,1.380649e-23*x0*x1/x2
full50,sonnet,tools,0,i.40.1,1,2.3e-09,solved,False,x0*exp(-7.10293e+23*x1*x2/x3)
full50,sonnet,tools,0,i.37.4,1,0,solved,False,x0+x1+2*sqrt(x0*x1)*cos(x2)
full50,sonnet,tools,0,i.6.20,1,1.3e-16,solved,False,exp(-x0**2/(2*x1**2))/(x1*sqrt(2*pi))
full50,sonnet,tools,0,i.44.4,1,0,solved,False,1.380649e-23*x0*x1*log(x2/x3)
full50,sonnet,tools,0,i.6.20a,1,3.6e-12,solved,False,0.3989422804*exp(-x0**2/2)
full50,sonnet,tools,0,i.50.26,1,0,solved,True,x0*cos(x1*x2)*(1+x3*cos(x1*x2))
full50,sonnet,tools,0,i.30.3,1,0,solved,True,x0*sin(x1*x2/2)**2/sin(x2/2)**2
full50,sonnet,tools,0,ii.11.20,1,2.2e-09,solved,False,2.4143235e22*x0*x1**2*x2/x3
full50,sonnet,tools,0,ii.11.27,0,3.2e-09,undecidable,False,8.854e-12*x0*x1*x2
full50,sonnet,tools,0,ii.11.17,1,0,solved,True,x0*(1 + x1*x2*cos(x3)/(1.380649e-23*x4))
full50,sonnet,tools,0,i.41.16,0,1.1e-16,near_exact_approx,True,5.354145714735625e-37*x0**3/floor(34400*x0/x1+0.5)
full50,sonnet,tools,0,i.9.18,1,0,solved,True,6.6743e-11*x0*x1/((x2-x3)**2+(x4-x5)**2+(x6-x7)**2)
full50,sonnet,tools,0,ii.11.28,0,0,undecidable,True,1 + x0*x1 + (x0*x1)**2/3
full50,sonnet,tools,0,i.6.20b,1,1.4e-16,solved,True,exp(-(x0-x1)**2/(2*x2**2))/(sqrt(2*pi)*x2)
full50,sonnet,tools,0,ii.13.34,1,0,solved,False,x0*x1/sqrt(1-(x1/299792458)**2)
full50,sonnet,tools,0,ii.35.21,0,7.1e-08,undecidable,False,7.24297e+22*x0*x1**2*x2/x3
full50,sonnet,tools,0,ii.13.23,1,0,solved,False,x0/sqrt(1-x1**2/299792458.0**2)
full50,sonnet,tools,0,ii.35.18,0,3e-11,near_exact_approx,False,0.5*x0
full50,sonnet,tools,0,ii.24.17,0,3.2e-07,near_exact_approx,False,3.33564*sqrt(1.0e-18*x0**2 - 0.887036/x1**2)
full50,sonnet,tools,0,ii.36.38,0,1.9e-07,undecidable,False,9.10198e+16*x0*x3*x4/x2
full50,sonnet,tools,0,ii.6.15b,1,1e-07,solved,False,2.696323e10*x0*sin(x1)*cos(x1)/x2**3
full50,sonnet,tools,0,iii.21.20,1,0,solved,False,-x0*x1*x2/x3
full50,sonnet,tools,0,iii.10.19,1,0,solved,False,x0*sqrt(x1**2+x2**2+x3**2)
full50,haiku,harness,0,bonus.11,0,0,undecidable,True,x0*x2**2
full50,haiku,harness,0,bonus.1,0,0.52,wrong_structure,False,6.88588e-56*x0**2*x1**2/(x2**2*x3**3)
full50,haiku,harness,0,bonus.14,0,1.1,wrong_structure,False,3*x0*x3**(7/3)*x4*cos(x1)/(32*x2**2)
full50,haiku,harness,0,bonus.12,0,0.87,wrong_structure,False,-exp(0.339712**(abs(x2-x4)**(abs(x0)**0.28124222))/0.034396447)
full50,haiku,harness,0,bonus.10,0,0.00044,approx,False,cos(x0 + 34*x1*sin(x0)/(1e10))
full50,haiku,harness,0,bonus.15,0,0.0034,approx,False,x1*(1 - cos(x2)/135)
full50,haiku,harness,0,bonus.17,0,0,undecidable,True,x1**2/(2*x0)
full50,sonnet,harness,0,bonus.11,0,0,undecidable,False,x0*x2**2
full50,sonnet,harness,0,bonus.1,1,9.6e-12,solved,False,3.3266292663e-57*x0**2*x1**2/(x2**2*sin(x3/2)**4)
full50,sonnet,harness,0,bonus.10,1,0,solved,False,(cos(x0)-x1/299792458)/(1-x1*cos(x0)/299792458)
full50,sonnet,harness,0,bonus.15,1,0,solved,False,x1*sqrt(1-(x0/299792458)**2)/(1+x0*cos(x2)/299792458)
full50,sonnet,harness,0,bonus.17,0,0,undecidable,False,0.5*x1**2/x0
full50,sonnet,harness,0,bonus.12,0,7.3e-09,near_exact_approx,True,-x0**2*x2*x4/(4*pi*x1*(x4**2-x2**2)**2)
full50,sonnet,harness,0,bonus.16,0,1.4e-11,undecidable,True,299792458*abs(x0-x1*x2)
full50,sonnet,harness,0,bonus.14,1,0,solved,True,x0*cos(x1)*(x3**3*(x4-1)/((x4+2)*x2**2) - x2)
full50,sonnet,harness,0,bonus.13,0,1.3e-16,undecidable,True,x1/(4*pi*8.854e-12*sqrt(x2**2+x3**2-2*x2*x3*cos(x4)))
full50,sonnet,harness,0,bonus.20,1,3.8e-07,solved,True,pi*(2.81791e-15)**2*(x0/x1)**2*(x0/x1+x1/x0-sin(x2)**2)
full50,sonnet,harness,0,bonus.4,0,0,undecidable,False,sqrt(2*(x1 - x2)/x0)
full50,sonnet,harness,0,bonus.5,1,0,solved,False,2*pi*x0**1.5/sqrt(6.6743e-11*(x1+x2))
full50,sonnet,harness,0,bonus.19,1,2.4e-09,solved,False,1.07158301e26*(x2**2*(x3-0.5) - 299792458.0**2/2*x0/x1**2)
full50,sonnet,harness,0,bonus.6,0,5.3e-16,undecidable,False,sqrt(2)*sqrt(x0*x1/x3)*x2/(x4*x5*x6**2)
full50,sonnet,harness,0,bonus.2,1,0,solved,True,x0*x1/x2**2*(1+sqrt(1+2*x2**2*x3/(x0*x1**2))*cos(x4-x5))
full50,sonnet,harness,0,bonus.9,1,1.5e-16,solved,False,-32/5*6.6743e-11**4/299792458**5*(x0*x1)**2*(x0+x1)/x2**5
full50,sonnet,harness,0,i.15.3x,1,0,solved,False,(x0-x1*x2)/sqrt(1-x1**2/299792458**2)
full50,sonnet,harness,0,bonus.3,1,0,solved,True,x0*(1-x1**2)/(1+x1*cos(x2-x3))
full50,sonnet,harness,0,bonus.7,1,1.1e-15,solved,True,sqrt(5.591448492761161e-10*x0 - 8.987551787368e16*x1/x2**2)
full50,sonnet,harness,0,i.29.16,1,0,solved,False,sqrt(x0**2+x1**2+2*x0*x1*cos(x2-x3))
full50,sonnet,harness,0,i.15.3t,1,0,solved,True,(x0 - x1*x2/299792458**2)/sqrt(1 - x1**2/299792458**2)
full50,sonnet,harness,0,i.34.14,0,4.3e-10,undecidable,False,x1*exp(x0/x1)
full50,sonnet,harness,0,i.39.22,1,0,solved,False,1.380649e-23*x0*x1/x2
full50,sonnet,harness,0,i.30.3,1,0,solved,False,x0*(sin(x1*x2/2)/sin(x2/2))**2
full50,sonnet,harness,0,i.40.1,1,0,solved,True,x0*exp(-9.80665*x1*x2/(1.380649e-23*x3))
full50,sonnet,harness,0,i.37.4,1,0,solved,False,x0+x1+2*sqrt(x0*x1)*cos(x2)
full50,sonnet,harness,0,i.32.17,1,1.3e-16,solved,True,0.01111856731796839*x0**2*x1**2*x2**4/(x2**2-x3**2)**2
full50,sonnet,harness,0,i.6.20a,1,0,solved,False,exp(-x0**2/2)/sqrt(2*pi)
full50,sonnet,harness,0,i.6.20,1,1.3e-16,solved,False,exp(-x0**2/(2*x1**2))/(x1*sqrt(2*pi))
full50,sonnet,harness,0,i.6.20b,1,1.4e-16,solved,False,exp(-(x0-x1)**2/(2*x2**2))/(x2*sqrt(2*pi))
full50,sonnet,harness,0,i.50.26,1,0,solved,False,x0*cos(x1*x2)*(1+x3*cos(x1*x2))
full50,sonnet,harness,0,i.44.4,1,0,solved,False,1.380649e-23*x0*x1*log(x2/x3)
full50,sonnet,harness,0,ii.11.17,1,0,solved,True,x0*(1 + x1*x2*cos(x3)/(1.380649e-23*x4))
full50,sonnet,harness,0,ii.11.20,1,1.2e-16,solved,False,x0*x1**2*x2/x3/(3*1.380649e-23)
full50,sonnet,harness,0,ii.11.27,0,3.2e-09,undecidable,False,8.854e-12*x0*x1*x2
full50,sonnet,harness,0,ii.13.23,1,0,solved,False,x0/sqrt(1-(x1/299792458)**2)
full50,sonnet,harness,0,i.9.18,1,0,solved,False,6.6743e-11*x0*x1/((x2-x3)**2+(x4-x5)**2+(x6-x7)**2)
full50,sonnet,harness,0,ii.13.34,1,0,solved,False,x0*x1/sqrt(1-x1**2/299792458**2)
full50,sonnet,harness,0,ii.35.18,0,3e-11,near_exact_approx,False,x0/2
full50,sonnet,harness,0,ii.11.28,0,0,undecidable,False,1+x0*x1+(x0*x1)**2/3
full50,sonnet,harness,0,ii.35.21,0,2e-11,undecidable,False,x0*x1**2*x2/(1.380649e-23*x3)
