b,s,temp,pH,db
1.02052,3.12134,19.2269,4.63147,-1.89048e-05
1.88399,2.01034,26.3271,6.85677,0.0183398
4.33826,4.26476,37.2483,2.19844,4.96902e-05
4.14418,4.48882,39.9136,4.2381,0.0114336
3.51465,4.46295,31.9964,7.61292,0.532492
2.62296,2.77404,11.3981,6.28453,-0.00028793
3.97353,3.89883,28.5016,9.28494,0.00918737
3.91918,4.89666,11.4241,5.85864,-0.000294214
3.78287,2.08904,35.1983,3.61932,0.0103245
2.12167,4.3252,34.6524,4.79353,0.0561202
1.28853,3.42082,21.7286,9.32088,0.000104442
1.22754,2.03841,6.78683,11.3725,-6.28882e-08
1.34195,2.36177,21.4656,10.9881,2.66684e-06
4.3032,4.68191,31.2446,11.1535,0.000964307
4.22163,3.18744,3.45036,7.74043,-0.00014643
4.1401,2.22681,37.6546,11.4151,0.000462066
1.62369,4.78903,25.2545,7.123,0.0124841
3.58889,3.45958,6.23968,7.96792,-0.000140677
1.36394,4.3017,26.3132,8.25708,0.00449274
3.42112,2.38039,33.997,6.34397,0.595833
3.37238,1.62722,10.4519,7.84438,-0.000229892
3.41542,2.10128,22.3331,9.26063,0.000391509
2.58127,1.34788,37.0385,8.41858,0.134419
1.7585,4.87045,39.2446,6.66594,0.196948
2.20094,4.63495,17.7981,11.2,-1.35232e-06
4.95794,2.90302,19.9517,11.5853,-2.38058e-08
2.85922,2.58277,16.0024,9.23894,-9.02525e-05
1.98424,2.52188,38.2415,4.83967,0.0319742
4.55445,1.88128,35.1371,5.2813,0.196135
3.18761,1.74393,37.5721,4.77913,0.0529604
2.68143,3.73797,38.1894,7.82119,0.286695
2.66491,4.69879,22.1845,11.4004,2.44689e-06
3.48013,1.05055,1.82972,3.0001,-2.57625e-07
1.59459,1.8204,20.7179,3.39917,3.40179e-06
2.53372,3.81785,20.4136,9.15789,5.07636e-05
4.27133,2.55587,3.4615,8.69272,-4.2411e-05
1.79051,2.78648,15.8273,6.17978,-0.000373418
4.68679,4.18699,10.4271,7.20992,-0.000836239
1.08321,4.09301,3.76983,9.0327,-7.72613e-06
4.23201,3.32623,12.0946,8.6075,-0.000180645
4.16597,4.46778,39.9608,2.86521,0.000487499
2.77092,4.40871,24.4692,7.27538,0.0128765
3.06544,2.37356,1.1802,8.42693,-3.21351e-05
4.43288,2.97922,10.4526,10.697,-3.58546e-06
4.74955,3.66807,9.70391,9.19297,-6.05406e-05
4.69715,4.54806,32.1717,10.4419,0.0103191
2.1088,4.88003,38.669,5.88918,0.133506
1.82104,1.97553,19.3038,6.32157,-0.000261256
4.27837,1.34615,16.9128,4.6577,-0.000102034
3.61515,4.19239,34.8183,4.99762,0.128825
4.93072,3.25324,18.9616,8.36685,-0.000470622
3.48382,1.4528,19.7424,7.66438,-0.000191869
1.17177,1.15737,17.613,8.05788,-0.000157981
2.5795,4.44318,9.0546,6.67017,-0.000330288
3.54591,3.18725,35.2015,5.57604,0.264108
3.43283,2.81308,8.9015,5.05362,-5.22208e-05
2.64267,1.58877,16.668,7.38422,-0.000836914
4.73289,2.91552,17.98,11.8379,-5.74693e-08
2.88708,4.68342,34.1234,4.83596,0.0823842
3.12025,3.74468,22.6963,6.80553,0.00692613
3.74842,2.12605,18.6796,9.55385,-6.51625e-05
2.63791,2.93975,32.745,6.37686,0.449629
4.08773,3.52746,15.6828,6.20596,-0.000910027
3.68001,2.15882,26.3236,3.74002,0.000439061
2.65577,3.58801,16.3355,11.3306,-8.80647e-07
3.44449,1.91039,28.8566,4.80125,0.00915828
1.50478,1.86509,8.50774,4.27686,-5.61371e-06
4.58185,1.72738,7.47853,11.5625,-9.90447e-08
1.36347,4.69928,4.4386,7.02239,-0.000125984
3.529,4.66358,1.86896,9.84575,-5.49436e-06
1.82239,1.06463,37.3539,11.6294,5.36582e-05
3.88283,3.43161,39.6485,7.61127,0.235727
4.39942,2.62147,17.4802,3.30635,-1.02184e-05
4.80302,2.43664,22.0526,8.80191,0.000955479
3.3375,3.43614,9.15927,11.7845,-2.21607e-08
4.25617,2.01703,8.07011,10.739,-1.91434e-06
2.09936,4.40341,25.1721,5.42875,0.00280215
4.94394,2.54105,21.4513,3.8392,6.92298e-05
4.73228,1.29972,16.9452,6.0679,-0.000761835
2.97458,1.68241,2.23892,6.38915,-8.47116e-05
3.08785,3.13167,4.04355,7.52728,-0.000146298
1.23505,4.67911,30.9032,8.44064,0.0404411
4.97144,3.21934,25.9438,4.443,0.00201215
4.38222,2.20927,9.04944,10.9934,-1.18508e-06
4.9413,1.60041,7.60303,4.93095,-4.31873e-05
3.14845,1.45611,9.08801,4.67868,-2.25767e-05
2.77684,3.11529,37.8768,10.8886,0.00187583
2.02318,1.05661,38.67,4.06891,0.00532347
2.45786,1.54022,3.19212,11.0818,-1.9881e-07
3.96535,4.87004,9.27928,3.25247,-2.60288e-06
4.5612,3.9655,33.3784,7.15121,1.50991
3.41667,2.53432,12.8928,8.35394,-0.000218092
4.14447,1.52889,4.62792,8.5776,-4.70343e-05
1.39426,3.85846,16.1897,5.21576,-9.67377e-05
1.78472,3.49268,33.6393,9.45656,0.0300321
2.97001,2.22295,21.8109,5.23492,0.000515535
2.64866,3.38714,38.131,11.16,0.000733466
1.49557,1.6695,26.4255,4.34337,0.000521856
3.79889,2.76402,5.86254,11.4259,-1.48934e-07
1.13194,3.05943,6.81195,6.37058,-6.92045e-05
4.78353,1.04495,1.65363,8.63207,-2.93454e-05
4.1501,1.84457,34.8088,6.78523,1.08055
2.63229,4.33553,35.418,7.70924,0.500423
1.42958,4.25777,28.6196,11.8619,9.04563e-07
2.33922,2.66484,2.16795,8.07528,-4.44529e-05
2.37811,3.77309,1.30017,5.18929,-1.69173e-05
4.00557,2.08671,33.2683,4.83766,0.0902287
4.6126,1.41101,30.9445,8.79713,0.0678601
1.12789,4.59751,31.9117,5.52868,0.0585618
3.09399,1.87088,13.6404,5.28963,-0.000127543
1.79678,1.52999,26.2996,5.41389,0.00285709
4.66344,4.60548,23.2796,6.69593,0.0127021
1.86075,3.42551,3.94102,4.59025,-7.34474e-06
3.36103,2.67446,4.39464,7.19582,-0.000228315
3.34465,2.64125,10.234,2.80453,-6.06669e-07
4.68217,4.13985,1.66887,7.57474,-0.000166405
2.91535,1.35384,37.5671,11.0318,0.00109618
2.86297,4.41351,17.4128,7.87905,-0.000725925
1.28306,1.10246,38.0972,10.8362,0.000635465
1.86861,3.44896,11.1813,9.11454,-3.35934e-05
4.39298,1.9343,38.6823,2.56674,0.000281025
4.26188,3.53182,38.1273,2.27168,7.21806e-05
4.40418,4.10474,3.003,10.1482,-4.37859e-06
3.59166,2.01373,19.9373,11.9013,-8.32129e-10
1.03799,3.74843,28.7355,6.77797,0.0374601
4.25248,4.80056,13.4529,4.1789,-3.84199e-05
3.58506,1.85425,15.4829,6.41638,-0.000819125
4.63089,2.29868,17.9938,3.46977,-1.48931e-05
4.91878,1.36694,14.9032,10.9343,-3.55047e-06
2.72374,3.29837,10.3564,4.23778,-1.49374e-05
2.51057,4.32993,9.48379,10.0946,-6.91249e-06
4.16114,4.13026,22.7854,7.96488,0.00417028
4.12629,1.03662,4.74097,11.6508,-2.86782e-08
1.83054,4.39552,23.5788,2.22953,3.39938e-07
4.87882,2.30032,32.3184,11.8306,3.05012e-05
2.57841,4.09703,34.2848,11.8651,1.43239e-05
1.32543,2.53084,36.0432,8.21454,0.120741
3.69545,2.47075,37.5129,10.8149,0.00319869
1.47503,1.04983,26.5505,7.46611,0.00866544
3.274,4.01576,14.2604,2.8221,-1.38696e-06
2.97225,4.25877,1.33609,8.73003,-2.43367e-05
2.42271,2.99815,12.586,9.06078,-5.79705e-05
4.76381,1.4943,16.056,9.12194,-0.000150326
4.01066,4.60014,23.8951,4.32367,0.000598822
1.41238,3.10963,39.7718,10.1707,0.00184481
3.78232,3.82104,31.3695,5.03581,0.0748255
1.91045,4.40148,23.6003,4.81429,0.000547353
3.78527,4.5204,8.0692,11.8513,-1.00403e-08
1.69445,4.76524,15.5908,8.72702,-0.00012118
3.69856,4.90225,15.2497,4.35795,-6.25331e-05
2.26781,4.44072,27.7549,10.0131,0.00104696
1.90582,3.60764,11.0073,9.23583,-2.79876e-05
1.78816,4.42969,19.0131,2.06167,-2.24834e-09
2.16413,1.80538,12.0943,5.8539,-0.000140252
2.93615,1.52849,20.3309,11.4151,2.02812e-07
3.33952,2.19813,4.95972,6.03738,-9.80647e-05
2.14802,1.99848,23.5231,6.1242,0.00279248
1.31716,1.49034,34.0485,2.69073,0.000244589
3.72247,2.87893,34.1147,3.65321,0.0119408
4.02343,4.46453,10.5,3.06164,-1.90177e-06
2.19541,3.50635,11.389,10.6728,-2.28381e-06
3.29224,4.74688,1.38668,6.02855,-7.3344e-05
1.90676,4.06947,32.902,5.2424,0.0872164
4.14956,3.96547,14.0973,11.8186,-4.46627e-08
1.00786,1.11334,16.1936,9.25511,-2.32966e-05
1.55411,3.11589,18.3582,5.71377,-0.000205918
1.69001,4.68909,34.7561,5.99387,0.230037
3.56705,3.75047,11.7139,2.08954,-5.56545e-09
4.40081,1.84019,37.0472,6.47882,0.757565
2.15652,1.40486,12.9297,3.0799,-1.15749e-06
2.52672,4.29868,10.7015,10.1682,-7.31566e-06
3.96873,2.31879,1.10639,2.73617,-1.55286e-07
2.60785,3.60545,25.0803,7.42633,0.0127999
4.49778,3.34759,36.7983,9.70944,0.0475884
3.66012,3.26548,13.8305,4.85273,-9.78751e-05
1.32812,1.98106,18.9243,4.90895,-4.14015e-05
1.61577,3.63813,5.32772,7.4687,-0.00010009
4.44824,1.18615,16.0178,3.88216,-2.34962e-05
2.74223,3.76032,8.53773,9.79029,-1.10958e-05
3.92111,1.2857,10.9668,4.94309,-5.37658e-05
2.42888,1.54123,6.88542,4.48897,-9.50083e-06
1.73239,4.34862,8.55976,11.5856,-4.95103e-08
1.97789,4.93865,33.6219,8.13142,0.229022
1.39958,2.24873,35.4345,6.74445,0.372669
1.37443,2.47106,31.3006,5.72492,0.0598433
1.89683,3.33759,34.0813,5.30934,0.0996851
4.80943,2.17811,1.87048,5.19539,-3.20301e-05
3.34678,1.22113,32.8192,6.2766,0.380566
2.8623,2.95132,14.5316,7.50086,-0.000701296
3.70165,4.86346,6.68792,7.14291,-0.00041324
4.02752,2.91735,39.2274,11.9852,8.55773e-08
4.77219,2.77345,14.2232,10.6527,-8.0627e-06
3.37123,2.29882,1.12522,8.58863,-2.80829e-05
3.06775,2.41036,19.9908,8.55364,-2.58778e-06
1.694,1.56562,35.3108,11.3657,0.000257286
1.80682,1.05519,11.5649,2.9393,-4.47045e-07
1.72899,4.57908,24.3933,9.68202,0.000315196
1.16651,4.31372,35.6316,7.35033,0.329264
1.84214,3.52226,27.7987,5.7681,0.0123753
1.86684,4.16993,22.5055,5.3078,0.000639231
4.11221,3.2234,22.5042,7.38181,0.00654883
2.41912,4.16663,28.9258,10.0097,0.00210737
3.91164,3.98829,31.7433,4.57175,0.0461137
3.84589,3.15951,35.417,3.0604,0.00303835
1.79746,4.74471,13.4176,4.33191,-2.09979e-05
2.78841,4.96069,37.7129,7.11739,0.810785
1.24128,4.97115,25.7041,4.66279,0.00070261
4.21898,1.83114,29.5672,6.01338,0.0860631
1.30073,1.28957,1.90808,7.94036,-2.18301e-05
3.81385,4.56923,20.408,8.93592,0.000108013
2.25148,3.82044,36.6093,8.99059,0.077519
1.59815,3.75637,26.0175,4.48173,0.000737271
4.60123,2.89015,18.186,2.08383,-1.34464e-08
1.29704,4.46485,29.2658,4.24635,0.00221348
2.01422,3.89134,27.6719,8.70327,0.00697144
4.97052,3.86743,15.9164,3.87538,-3.73875e-05
2.34274,2.92974,10.7727,2.41384,-8.66836e-08
2.3215,3.9504,14.6318,6.7742,-0.000830531
1.35659,3.42334,24.6767,8.12542,0.00247436
2.00761,4.01943,34.516,4.34804,0.0256308
3.79705,2.41094,31.6243,7.08757,0.744728
3.44807,4.01926,24.0531,7.75282,0.0078073
2.37803,3.37973,38.488,9.42924,0.0242609
3.98638,3.60068,29.6709,5.62685,0.0647357
2.60453,4.67773,6.34382,4.16969,-7.44987e-06
1.71535,4.30743,32.485,4.13046,0.0126646
2.80063,1.9254,32.8745,4.69078,0.0465021
4.73629,1.31251,24.4511,2.7169,1.38905e-05
4.83608,4.79898,10.5028,5.79857,-0.00028839
4.87584,4.71335,18.7987,11.853,-4.32555e-08
3.78819,4.45616,9.84849,11.4055,-3.25088e-07
1.03537,2.46729,1.03857,8.05799,-1.7177e-05
3.96087,3.86644,29.8544,4.29669,0.0101994
2.74212,1.50159,30.8676,8.8316,0.0377314
2.44326,4.93773,27.4868,8.18646,0.015809
4.11759,2.54028,12.5008,4.96274,-9.61595e-05
1.68962,1.47065,7.97962,10.2895,-1.84163e-06
2.75798,2.23642,21.4573,11.5635,5.75806e-07
4.52261,2.64072,33.407,4.40553,0.0558159
1.42473,3.55535,8.74531,8.77705,-2.84562e-05
2.43543,2.17938,20.5192,11.4277,2.95509e-07
2.29801,1.36498,7.81714,10.8577,-6.32445e-07
4.29821,3.10861,8.75494,4.59875,-3.29555e-05
4.44503,1.32735,21.2275,7.77729,0.00137978
3.18315,3.25928,34.7978,9.7075,0.0353375
4.28675,1.14699,32.3789,10.5184,0.00553249
1.99289,4.38051,3.54241,8.91189,-1.6663e-05
3.54631,4.8928,1.37929,4.80071,-1.5174e-05
4.72026,3.95598,9.02087,6.75011,-0.00063983
4.84733,3.00147,12.1591,2.47511,-3.18662e-07
4.95745,3.50161,15.52,2.76686,-2.08915e-06
1.9957,1.38033,8.40741,2.25382,-1.27446e-08
1.951,2.83192,3.46944,4.55934,-6.58877e-06
3.3036,4.6677,9.73818,6.86127,-0.000579829
1.32003,4.40021,37.9205,2.32091,3.71011e-05
1.25296,4.5133,2.06863,9.3561,-4.50585e-06
2.57886,1.8791,31.6061,6.4505,0.283372
1.98775,3.21155,24.2021,6.2485,0.00457081
4.76852,4.50549,3.56417,3.83696,-5.03027e-06
3.19872,2.75099,8.82298,7.50687,-0.000293191
3.89682,4.46199,14.9863,7.33909,-0.00134616
4.41825,1.54903,24.7247,3.51455,0.000145322
1.30117,1.08211,22.3882,4.17498,4.65284e-05
3.52853,4.62024,34.0176,6.52971,0.882443
3.91285,1.47247,28.1884,11.6048,1.51492e-05
1.82809,2.71826,15.9454,10.2357,-1.02009e-05
1.81172,1.02675,29.7914,2.27374,6.40407e-06
1.87472,1.6969,5.0362,5.59808,-2.94622e-05
1.43916,1.39586,18.4116,3.47758,-3.6717e-06
3.2605,3.79106,31.9539,6.04007,0.314807
2.3725,1.594,33.8453,3.69923,0.00689425
4.06187,3.47328,33.54,3.09072,0.00349077
3.03297,3.7751,26.605,5.78418,0.0117271
1.99722,3.13705,34.9587,7.23768,0.59371
3.64956,2.04383,16.2254,10.7801,-5.69843e-06
3.81737,2.83256,2.14169,2.08289,-1.2011e-09
1.65818,1.44357,31.8776,9.5086,0.0134348
4.4808,4.46203,7.82713,9.41635,-3.15194e-05
2.15127,3.14794,34.4999,3.60008,0.00632182
1.89644,4.7727,14.9867,8.2445,-0.00023181
4.6632,4.9953,2.48741,10.5995,-1.72426e-06
2.93698,1.19888,4.3182,7.65622,-8.97984e-05
3.71369,1.45803,30.8375,10.3596,0.00371569
1.19387,4.9148,36.2985,7.0936,0.444973
1.85899,2.09124,37.3762,9.168,0.0374497
4.55855,4.56388,12.877,9.49845,-6.37476e-05
4.76695,4.32076,18.0688,9.82332,-7.2243e-05
1.43431,4.34959,25.3494,3.08568,2.85401e-05
4.19169,4.97816,38.1394,2.62657,0.000566488
4.91579,1.26176,30.635,9.44761,0.0217499
4.10837,4.26029,29.3409,6.47925,0.156823
3.08295,2.17882,7.51875,9.28761,-2.12964e-05
2.72547,3.77728,14.284,9.50291,-4.67681e-05
2.53668,2.42878,26.2758,7.55674,0.0164433
1.09669,1.72993,11.0962,11.8384,-4.32884e-09
2.75209,4.71572,36.2351,7.9448,0.398954
3.01069,2.3598,3.45676,3.49598,-1.31727e-06
3.66853,4.21373,5.46626,5.27994,-5.12967e-05
1.05264,4.74036,29.0988,8.26638,0.0147196
2.60742,1.72443,34.0143,4.3914,0.0281768
3.06787,4.96949,13.0782,6.47195,-0.000628893
3.40142,1.86365,31.4398,4.50713,0.0254797
2.39621,4.4492,13.9673,2.69328,-6.18501e-07
1.65313,2.64416,13.9249,10.7755,-1.93107e-06
1.95422,3.99336,18.373,4.33249,-3.62548e-05
2.26868,2.28474,13.3273,5.69624,-0.000161689
3.48457,3.37807,20.8045,7.39037,0.00136668
4.89046,3.73246,25.6306,7.38366,0.0320422
1.3816,2.89406,1.10325,2.45434,-1.67006e-08
3.24951,3.86656,23.8839,5.71188,0.00355641
3.39031,3.69362,37.2698,3.58692,0.00886902
4.31319,3.33975,8.65026,9.54412,-2.62739e-05
4.04608,4.89488,3.52239,10.446,-2.39888e-06
4.62141,3.19442,31.7926,3.01866,0.00212494
4.55141,4.79497,27.0348,9.71615,0.00252983
3.46853,2.91714,10.5188,4.61978,-3.57154e-05
2.07998,3.99056,12.0074,3.71964,-5.89774e-06
1.17932,1.49038,7.5706,2.4317,-2.36383e-08
2.87692,3.91985,15.6933,9.41613,-7.26155e-05
1.22151,1.78815,7.97706,5.58299,-2.89979e-05
3.63006,3.8729,36.1718,7.08536,1.31121
2.52521,4.09049,9.55653,5.47929,-8.33714e-05
2.01938,4.73553,8.93428,3.87777,-4.92113e-06
2.32002,3.53889,17.5064,10.4781,-9.57761e-06
1.24018,3.75497,21.0603,5.35014,0.000149725
1.70793,1.4904,12.8937,5.3237,-5.93825e-05
2.56218,3.61404,19.2684,4.48024,-3.69349e-05
1.31322,1.29647,10.1304,5.42879,-3.11909e-05
1.62716,1.037,32.4904,10.5848,0.0017734
2.991,1.20426,14.5224,5.63647,-0.000191594
1.78288,4.85175,10.8512,9.51163,-1.7471e-05
3.28178,1.10903,16.1962,11.6896,-1.09099e-07
1.0808,3.11142,35.9955,2.61205,0.000184675
1.29643,1.01438,38.962,7.41902,0.0945276
4.59145,1.3824,11.8736,9.83348,-2.16101e-05
3.14984,2.15322,39.371,3.3856,0.00182304
3.93889,4.37896,9.4398,4.14589,-1.6849e-05
1.29825,4.0201,15.1242,2.77219,-5.37713e-07
2.59181,1.77822,33.9312,11.1184,0.00100232
2.92758,4.98381,1.91896,8.17989,-5.43494e-05
2.9996,2.7378,15.4379,5.87345,-0.000405676
4.61174,1.51089,9.57268,4.08092,-1.32417e-05
2.97317,4.60358,13.088,6.19652,-0.000440942
3.15649,2.62179,33.4379,9.70995,0.032055
3.37373,3.84891,14.6713,2.41835,-2.67744e-07
3.89224,3.10514,27.1661,10.2552,0.000772504
4.27301,1.63166,18.8667,9.58533,-5.90484e-05
2.59302,3.45575,14.3387,3.90752,-1.55781e-05
2.04378,1.79543,8.14432,2.54749,-8.60691e-08
3.86814,3.7505,21.6168,10.2191,6.06914e-05
3.55771,2.43198,37.5193,10.1802,0.0127711
2.66736,2.67794,36.4079,3.43079,0.00506656
3.89142,4.28086,33.262,6.01369,0.510245
3.01728,4.08678,21.5067,9.10998,0.000295109
2.7692,4.94084,14.339,7.17788,-0.00103096
3.3286,4.87316,35.0252,10.3339,0.0123014
3.66331,4.58545,23.1835,10.8512,3.45872e-05
4.77147,4.86955,39.2653,6.77421,0.591869
1.89523,1.1999,9.02512,2.17757,-5.67665e-09
1.10315,4.29434,2.91254,2.70486,-5.55055e-08
1.76804,3.26756,37.1518,2.95026,0.000921611
4.82888,4.6232,16.0831,6.97599,-0.00276957
2.86018,1.47827,31.0729,7.13988,0.338037
3.14172,2.70214,32.8494,5.5392,0.193172
3.07475,3.80084,30.0525,7.98247,0.103449
4.11464,4.97116,32.8259,3.08127,0.00339781
2.82989,3.30554,23.259,9.33583,0.000520641
3.72049,1.12091,7.29702,10.9069,-7.60475e-07
3.96489,4.0475,24.9644,10.5932,0.000148984
2.9232,2.1526,17.1146,11.9724,-8.31644e-10
1.83201,1.85949,31.2896,3.57078,0.00222375
2.97152,1.32336,8.63423,6.07596,-0.000127548
4.05327,2.59759,11.5423,4.67551,-5.23281e-05
1.27609,4.99359,19.0837,3.93918,-8.89079e-06
2.24795,1.55374,37.3934,2.85788,0.000661741
3.79113,1.10703,4.28419,7.94604,-7.94159e-05
1.11325,2.19037,1.91719,3.5751,-4.68319e-07
2.81136,1.38106,38.2372,4.41552,0.0187979
4.12777,2.9376,26.1058,10.2782,0.000469508
3.65979,1.01323,20.4171,10.1325,8.95818e-06
3.61967,3.65223,12.3106,8.40324,-0.000214483
4.29612,2.17311,31.1207,7.3008,0.506002
3.03118,1.85278,20.5654,3.62358,8.1753e-06
4.88345,1.16055,8.33554,11.2433,-4.13029e-07
2.31479,3.81463,26.6615,5.60602,0.00734064
3.35997,2.3293,21.8689,9.44915,0.00022179
4.26049,3.45923,39.7255,11.6082,7.10931e-05
2.87324,3.42591,37.6132,11.2844,0.000617701
1.80559,1.33448,26.6747,4.64443,0.00105653
4.75305,3.50796,5.8866,8.24929,-0.000125979
1.52961,1.88922,6.32131,8.14973,-4.09682e-05
3.91975,4.7267,31.8888,11.8476,1.98029e-05
2.07096,3.9609,17.9359,2.88236,-1.60891e-06
2.09174,3.50673,33.1398,9.76782,0.0200703
1.39382,1.7646,8.57886,4.95324,-1.5092e-05
4.38745,2.23192,28.3086,6.12526,0.0529441
4.68708,4.52415,19.6595,5.15984,-0.000104122
3.47974,4.97734,36.8454,6.62314,0.926302
4.37914,4.9673,1.77598,6.1222,-0.000115126
4.43508,1.57346,8.60595,4.56008,-2.52554e-05
1.78184,1.92703,21.4037,3.56248,1.24099e-05
1.52183,2.35792,14.3275,3.86864,-7.66356e-06
2.3968,2.03695,22.2587,8.1646,0.00118279
4.4477,3.38738,4.67504,11.5683,-7.70193e-08
2.06969,1.58728,15.4939,10.5681,-4.42391e-06
4.33173,2.85732,38.0674,3.21961,0.00354594
2.49953,2.56953,26.1081,10.7289,9.97521e-05
2.70273,3.59531,9.47806,8.52733,-8.50713e-05
4.12968,3.61468,16.964,3.97399,-4.18902e-05
2.03452,1.84295,10.1716,4.25086,-9.35994e-06
1.58821,4.52576,10.257,4.96323,-2.90928e-05
1.03893,4.47498,14.4945,3.83794,-5.90605e-06
3.57127,4.92813,36.2304,7.91949,0.537679
3.22458,3.64063,26.2388,10.7312,0.000147871
2.94095,1.20822,15.7707,8.02275,-0.000355481
3.34796,2.07573,2.81624,6.73099,-0.000159749
4.38261,1.74953,23.5643,4.39406,0.000494766
4.50212,3.89371,25.748,8.42752,0.00908562
1.63316,4.47165,22.811,2.39569,7.46001e-07
4.92641,1.63533,25.6393,3.94145,0.000584878
4.59466,2.14392,30.2652,4.62055,0.0221983
4.52196,1.42749,14.2022,8.33585,-0.000305353
2.33979,3.86425,23.9625,3.93923,0.000174302
2.25106,2.99461,25.3543,2.90108,2.3993e-05
3.03553,2.47995,3.34743,2.39851,-3.37191e-08
1.8769,3.96677,29.2742,5.04288,0.01107
2.34808,2.73906,10.8057,6.66213,-0.000353388
2.36846,4.62279,11.6181,7.20065,-0.000529269
2.43618,3.63137,35.5011,6.38669,0.498102
1.02969,3.80482,25.2691,5.55186,0.00163777
3.68481,3.95989,16.833,8.63785,-0.000338729
1.42813,4.98453,34.8401,5.1703,0.0672238
3.00228,1.81112,27.7535,4.18498,0.00156739
1.10908,1.92997,12.8425,10.8145,-8.78506e-07
3.60058,3.17142,21.3155,2.29841,2.97974e-07
1.98462,1.39658,30.7805,3.18581,0.000653409
3.94479,1.18299,16.3801,4.08003,-3.16865e-05
4.93001,3.47462,33.2877,11.9292,6.56262e-06
2.46882,3.69596,38.1697,2.01911,1.59763e-07
2.67724,2.14697,23.0669,5.07596,0.000742113
3.654,2.50755,12.7031,10.1528,-1.34886e-05
3.86419,1.49765,12.9796,11.2292,-8.1865e-07
2.71337,3.77945,36.4555,9.98175,0.0186715
4.04068,3.5559,27.0582,6.71035,0.0556407
2.29635,3.39172,7.78315,10.2356,-3.52048e-06
2.56994,3.51738,5.10786,11.0444,-3.83924e-07
2.34415,2.98204,22.2437,10.7891,1.46725e-05
1.51201,1.05648,5.55453,8.90204,-1.05382e-05
3.9872,4.26211,8.08069,9.40675,-2.93152e-05
4.07185,3.10308,23.7071,4.80917,0.00112538
2.5052,3.37786,28.1093,7.78463,0.0336912
3.29162,1.403,36.4721,9.65194,0.0299462
1.15569,2.16214,16.3679,2.70956,-3.92799e-07
4.62612,1.00265,11.9523,10.6418,-3.67026e-06
1.03486,2.88527,1.59411,3.83351,-7.71594e-07
3.24855,4.46942,26.2917,7.76747,0.0192733
4.97356,1.97813,16.9424,8.14624,-0.000725606
3.95549,3.00008,35.0343,4.34414,0.0469992
3.48912,1.41456,27.0774,10.8127,0.000143815
1.42808,1.37366,26.4586,11.6931,1.25535e-06
2.74259,3.3667,30.6974,7.91329,0.143746
3.25889,4.14814,5.21768,9.28968,-1.91272e-05
1.84825,2.80015,23.0587,3.29693,2.15805e-05
4.39546,1.22223,26.3534,11.6724,4.06988e-06
1.93637,2.25747,18.3964,6.07802,-0.000364026
1.97843,1.8489,13.6588,7.97583,-0.000209196
1.30388,3.11686,35.0146,2.91024,0.000657555
1.08492,4.69521,26.522,8.89886,0.00168969
1.80878,4.68222,32.6261,2.47762,0.000156105
4.8075,4.59801,17.0765,2.62537,-1.51004e-06
1.67272,2.11885,5.73701,11.9254,-6.17057e-10
1.66223,2.50934,3.0923,8.7668,-1.415e-05
4.82117,1.72427,18.9593,5.12751,-0.000192533
3.21695,1.02859,27.274,3.86805,0.000576529
3.7735,1.39838,18.2961,7.25209,-0.00128993
3.17247,3.41434,33.5372,5.04229,0.112959
1.28892,3.51722,1.70431,6.55636,-5.13806e-05
4.49145,2.78567,1.7808,8.88304,-2.84428e-05
2.78639,1.50279,2.27216,10.763,-4.85938e-07
1.58643,1.17019,33.7114,9.63283,0.0138973
2.03791,2.97854,2.76872,4.51977,-5.9904e-06
2.80795,2.11879,7.65757,10.7547,-1.16099e-06
2.90137,1.81922,4.7063,2.86449,-2.55815e-07
4.69426,4.24977,15.6071,5.64887,-0.000543552
4.02998,2.99118,34.6226,10.5705,0.00800947
1.98487,1.03378,22.7975,5.77382,0.000917345
2.96507,4.74113,10.8265,5.97934,-0.000232294
2.92371,2.50339,5.57932,9.64678,-8.96945e-06
1.76788,1.18455,27.2134,6.98837,0.0242929
4.59637,4.30954,19.6153,9.91926,-2.022e-05
3.73957,2.09767,9.67812,11.5613,-1.21371e-07
3.54498,2.30814,34.1534,3.89455,0.0173728
3.87138,4.50697,7.32545,11.2072,-4.88353e-07
4.96602,4.96424,28.6138,5.36362,0.0326771
3.96784,3.10372,18.6393,7.1155,-0.00184413
3.46799,3.34198,39.3744,4.55768,0.0212424
3.31792,1.65272,22.1159,8.52778,0.000876393
3.29536,3.4983,32.5963,10.1492,0.0142057
2.1312,1.00516,21.4334,7.77667,0.000703148
2.26028,2.87019,25.5756,3.23916,6.78583e-05
2.63164,3.1519,13.0204,2.99649,-1.46941e-06
1.85952,4.21028,24.3999,4.88139,0.000821154
2.92998,1.9293,5.91946,3.92472,-4.02555e-06
3.99585,1.29833,8.97427,11.7749,-2.07097e-08
1.43909,2.20155,4.99324,4.71048,-6.9969e-06
1.52926,1.61227,27.6468,9.84675,0.00068425
3.40082,3.48545,2.89114,7.03079,-0.000241013
2.99102,1.32402,33.1579,5.98981,0.264787
1.33274,4.03724,26.3258,8.72947,0.00233866
3.31225,2.87384,4.71426,4.58645,-1.37759e-05
4.11098,4.68789,13.3447,2.6886,-9.4215e-07
2.98077,1.45763,14.052,4.52616,-3.86063e-05
3.07898,4.6505,14.6225,8.81563,-0.000164714
4.42189,3.50485,9.54833,10.191,-9.75934e-06
3.11491,1.47392,17.7293,8.40159,-0.000302038
3.48602,2.80134,4.27902,11.4381,-1.05113e-07
3.52338,3.49223,20.2477,9.47403,2.43467e-05
3.03723,3.50672,20.7517,2.10563,1.37321e-08
2.63152,3.17343,32.5625,8.72657,0.110957
4.15511,3.29578,9.33163,6.14921,-0.000291501
2.34149,3.23742,8.31592,7.43377,-0.000224316
3.72018,3.13901,38.0947,2.72444,0.000684585
1.36819,3.74433,36.5172,7.98589,0.17801
2.58738,2.48889,21.5927,4.32933,9.87429e-05
1.23049,3.29056,2.47039,8.34327,-1.83027e-05
1.54017,2.04871,18.4101,5.42283,-0.000122465
4.09371,1.38278,30.9425,2.90729,0.000665489
2.88442,2.53367,10.8349,9.18067,-4.10063e-05
2.21979,1.58261,2.63127,9.11875,-9.21113e-06
3.46104,3.25516,13.0053,10.422,-8.2878e-06
2.87054,3.30928,16.2173,7.13771,-0.00139567
2.79141,3.49452,15.8537,10.4416,-1.06189e-05
3.18048,4.62478,21.7826,6.26538,0.00237051
1.07945,4.43017,34.4102,6.74102,0.337409
4.08656,2.19271,23.5138,7.82053,0.00581664
4.83513,2.6109,25.6083,9.91829,0.000856489
2.15134,2.96337,26.7602,3.06245,6.936e-05
3.93761,1.21127,29.8933,5.39469,0.0376986
3.35105,3.96953,27.8804,2.65065,5.12475e-05
4.61969,1.66741,8.06716,2.0644,-1.61308e-09
2.55875,1.4168,16.7425,10.6165,-5.53908e-06
3.86015,1.61369,9.32458,11.6183,-7.74036e-08
4.08275,4.74514,21.0948,7.5846,0.00199095
2.125,2.04858,15.3007,11.745,-5.03268e-08
1.55433,2.96245,6.66437,8.40459,-3.61645e-05
1.11426,1.87368,22.5758,8.61665,0.00035482
2.19937,1.67381,26.7329,5.1413,0.00303875
3.24646,2.57983,24.1552,5.32199,0.00216398
3.63996,2.77411,13.5291,5.13436,-0.000133614
4.28868,1.74075,36.4718,6.27475,0.611463
1.17047,2.84016,5.94303,10.9822,-2.23657e-07
2.19127,4.57595,10.2342,7.97363,-0.000163963
1.86723,4.89314,29.7294,10.6704,0.000668033
2.31117,3.03006,13.6378,6.53332,-0.000505328
3.32935,2.15332,10.7477,7.83416,-0.000265742
2.08363,2.24941,22.1695,8.77066,0.000454194
2.3572,3.48409,32.4113,2.91588,0.00101396
2.76745,3.05794,14.3742,6.47436,-0.000647528
2.67818,3.12647,10.6155,3.37381,-2.66884e-06
2.24922,3.70955,12.491,5.97991,-0.000222877
1.64092,2.11857,20.8475,11.4687,2.85663e-07
4.42343,2.07909,37.0096,4.34627,0.0439092
1.08667,2.29785,18.7649,5.42026,-7.91919e-05
1.14714,3.70501,19.5322,8.40976,-5.79854e-05
2.07944,4.98738,23.9753,8.14001,0.00298608
3.09399,1.19298,22.8068,10.5991,3.02881e-05
1.8998,1.96319,4.21568,3.63308,-1.16447e-06
4.17482,4.45667,26.9163,7.61288,0.0395006
2.69541,4.97711,38.77,8.74983,0.07055
3.37085,1.58723,13.0873,6.16569,-0.000360099
2.35483,2.38015,10.5908,5.16983,-5.26764e-05
3.77233,3.72661,16.6039,2.78283,-1.98426e-06
3.29396,3.52895,31.2972,8.14786,0.183737
1.72157,4.95494,25.0074,9.98195,0.000241582
4.58408,4.45089,4.13305,11.5108,-1.06185e-07
2.2046,4.79892,30.9604,7.00817,0.387955
2.69738,1.81958,38.957,11.3394,0.000216524
3.47134,1.52073,38.7332,4.6851,0.02928
3.75164,1.70863,12.9565,11.0024,-1.72671e-06
3.54828,4.95563,17.2265,11.0747,-3.3143e-06
3.86467,2.15645,11.2739,11.5343,-1.89606e-07
1.10621,3.6063,9.02135,6.84285,-0.000161975
1.88159,1.23686,32.3581,6.58403,0.271246
4.93115,3.27715,15.8687,3.37388,-1.21908e-05
1.18097,2.34831,30.3639,7.70558,0.0587726
3.88755,2.63158,38.6617,8.30289,0.169644
2.03833,1.10063,17.4185,6.58738,-0.000562585
1.13074,1.94485,2.54396,5.09886,-6.87307e-06
4.11946,1.29196,6.26302,3.09863,-7.87639e-07
2.97971,1.99996,9.23165,4.67648,-2.44813e-05
1.24774,3.17308,21.1838,6.89474,0.00102687
3.72035,1.5616,7.13932,3.26923,-1.35984e-06
4.0158,4.57096,4.86945,3.11754,-9.73843e-07
1.10886,1.80333,21.6564,6.23118,0.000566839
1.26443,1.21869,5.09711,2.08882,-4.9782e-10
3.53487,1.98894,31.9361,10.1165,0.0112534
4.89988,3.57528,3.71237,5.8037,-0.000104497
2.84878,2.74828,26.805,2.75936,3.53462e-05
2.55242,1.99792,30.7968,7.15994,0.282244
3.47513,1.58385,22.891,8.15953,0.00220381
1.6543,4.35578,10.5821,4.86446,-2.73953e-05
4.20527,4.92553,2.91276,9.38957,-1.6159e-05
1.60421,1.76904,7.46332,7.17285,-0.000149446
4.66134,2.41995,38.5144,10.7798,0.00298742
4.22887,1.86711,19.7432,6.06537,-0.000186491
4.21925,3.40585,8.68939,6.09581,-0.000253755
2.46262,3.68267,1.90007,3.88204,-2.2178e-06
1.70552,1.80869,8.10289,11.9861,-2.74114e-11
1.1143,3.05031,16.5257,4.15707,-1.45439e-05
4.94823,3.96059,29.4781,10.5226,0.00206677
2.99698,3.05469,36.6787,4.74211,0.0653749
1.77854,3.97505,39.9388,11.4934,5.02195e-05
4.44537,4.77571,38.2178,9.13883,0.086322
2.80021,4.98062,29.1994,5.38852,0.0266901
4.14594,1.483,22.5486,5.6566,0.00170766
1.38009,2.529,2.03516,7.57195,-4.57547e-05
3.38805,1.82518,12.463,2.04833,-1.37556e-09
4.51765,3.64568,28.099,11.4799,4.29449e-05
3.85498,1.15482,33.6837,6.60108,0.672237
3.15189,3.81259,39.92,10.2354,0.00346356
2.16638,3.29092,6.53886,8.64813,-3.67733e-05
4.97007,1.42091,8.82662,11.6648,-6.46447e-08
3.39432,1.65224,37.4158,4.71782,0.0523907
4.75368,2.77369,5.41676,5.00491,-4.06864e-05
4.56307,2.29329,39.9503,6.8598,0.34434
1.32892,3.34976,29.1921,3.63356,0.000635563
3.15586,3.63004,6.23143,8.86598,-3.87775e-05
3.66921,1.31839,5.58052,2.15088,-4.8987e-09
1.60349,2.75636,7.16005,5.4461,-3.22884e-05
3.93161,1.98351,8.06232,5.00869,-4.45073e-05
2.56919,2.93654,13.9409,10.7576,-3.23763e-06
2.2248,3.63418,20.2706,8.71738,5.25926e-05
4.23389,2.60129,13.5541,2.86213,-1.63086e-06
3.46464,1.95366,19.4892,7.74628,-0.000356646
2.77036,1.78236,17.1205,6.90037,-0.0012826
2.6237,4.51248,39.0732,4.43902,0.0167823
2.69141,3.14942,22.799,2.79404,6.70166e-06
1.97828,4.60584,11.5369,3.72102,-5.33607e-06
2.37729,2.49694,12.8927,11.7832,-2.73283e-08
4.20453,1.23522,25.4215,4.67303,0.00142077
1.81669,1.01438,15.4601,7.69132,-0.000283905
4.21964,1.91049,8.14963,2.88611,-6.57359e-07
3.13155,3.23763,38.628,10.8805,0.00157032
3.60116,2.50906,2.81491,2.00973,-1.52443e-11
3.18425,2.31664,39.5299,10.7438,0.00125265
3.89101,3.03861,15.8917,6.81357,-0.00168278
1.58038,4.22373,20.545,4.77492,3.95885e-05
4.39556,3.1558,26.6075,4.38221,0.00216302
1.19795,3.50545,28.6007,11.1836,4.86079e-05
4.77228,2.41276,34.4631,9.3577,0.0869146
2.2323,1.04884,25.0929,5.56391,0.00216377
2.82742,2.72006,38.6813,8.28676,0.12579
1.23011,3.26083,35.4201,3.42456,0.00246806
1.99853,2.47479,33.7935,11.4155,0.000283782
4.10906,2.92375,33.9027,8.68921,0.208771
1.81157,2.72265,35.9687,9.90109,0.013606
2.71044,2.53919,28.3102,5.58205,0.0173672
4.75943,3.94502,7.17286,2.15012,-1.10147e-08
3.326,2.74812,27.5386,2.77597,6.27356e-05
2.64183,4.16733,29.7675,2.34833,2.5524e-05
1.7322,2.31858,20.1659,7.80861,6.88252e-05
1.22643,2.57775,27.8522,7.3399,0.0220449
2.91747,2.3724,1.30557,10.0735,-2.38395e-06
3.4337,4.34238,25.8596,7.98699,0.0128984
2.82182,2.61026,7.28716,8.29722,-7.96486e-05
2.67505,3.88689,2.8252,8.9741,-1.82567e-05
3.70386,1.087,39.1394,8.47866,0.0712081
2.21828,1.34515,2.23005,3.66546,-9.81369e-07
2.03292,1.30807,23.9888,4.62741,0.000358534
1.89337,1.7416,34.144,3.05848,0.00124106
3.94249,3.62306,38.8684,10.4759,0.00478604
1.3154,3.5222,27.2677,6.38434,0.0140388
3.39802,2.45872,20.8258,7.27856,0.00142587
4.9547,4.35472,31.6834,4.35534,0.0405262
2.21143,2.92913,13.3176,5.66882,-0.000162835
2.22863,3.6582,17.7033,9.84303,-3.23979e-05
2.26541,3.81229,14.8137,6.79337,-0.000847147
1.80384,4.65093,3.11712,4.3179,-4.35314e-06
1.98934,3.06089,10.7211,6.17394,-0.000176162
2.67049,2.64304,33.9573,4.18742,0.023272
3.5798,3.43939,4.18384,6.61706,-0.00020663
1.46046,2.41063,22.6031,8.11265,0.000978705
2.49425,2.33886,23.479,10.2051,0.000100358
3.55634,3.74758,28.8241,4.55562,0.00760512
2.34924,4.31251,31.5266,11.4889,0.000158405
4.01008,4.21276,17.2668,2.60661,-1.15743e-06
3.47592,2.38739,32.4137,8.81647,0.115252
4.40345,3.89506,12.0376,9.82509,-2.96667e-05
3.89432,3.25968,5.22025,7.78831,-0.000161866
3.15641,4.69646,14.5741,6.75109,-0.00112734
3.44608,2.42431,5.62894,9.58207,-1.17529e-05
4.51508,4.5486,16.01,2.78712,-2.32146e-06
1.07682,1.64822,25.7675,8.15283,0.00242999
2.69133,2.30687,30.8128,11.7903,1.33164e-05
4.09725,1.83691,16.8204,9.80035,-5.11418e-05
1.75528,1.25247,29.1118,2.95802,0.000107297
2.56221,1.68114,20.943,2.13804,2.14418e-08
4.34907,1.30007,16.0695,2.34074,-1.89604e-07
3.10432,1.34057,4.66574,6.06024,-7.50837e-05
4.33293,2.67553,13.6907,7.51417,-0.000878838
2.62412,4.8714,24.0321,8.29594,0.00316251
3.56834,4.00691,26.0233,3.48129,0.000250552
1.69983,1.17603,1.25612,9.76445,-1.86286e-06
1.33059,1.59527,4.53363,9.24837,-5.79859e-06
4.66924,2.54627,15.6008,5.52793,-0.00040944
2.72606,4.86902,20.6529,11.8641,1.90831e-08
1.72388,4.54018,1.91735,4.38803,-4.02288e-06
2.21088,3.44511,6.96242,5.11792,-2.90925e-05
1.70734,3.42238,8.45149,4.371,-8.81286e-06
2.365,3.12944,22.8649,9.10194,0.000509691
4.4256,4.23438,5.6224,7.41492,-0.000311968
3.04681,2.72708,26.7754,10.9977,8.14624e-05
2.2529,3.38466,24.6998,6.01151,0.00488869
1.14365,4.02114,25.6646,11.6861,1.02781e-06
2.72344,2.77593,12.1639,6.54259,-0.000454358
1.15435,4.20795,13.0996,2.80259,-3.76033e-07
3.27651,4.58869,35.2452,8.65905,0.192527
4.08431,1.67752,27.6141,4.80781,0.00533939
4.76591,3.74092,31.5583,4.19037,0.0268395
3.77532,2.64944,24.7011,9.11047,0.00171983
3.1021,3.06134,28.3652,7.22417,0.0867637
3.0714,3.94916,31.1512,5.59728,0.117524
1.02108,2.85678,30.8721,8.51827,0.0266614
4.37304,3.49016,39.1667,4.63244,0.0344028
3.10446,2.67416,15.9902,6.01247,-0.000538177
3.47141,3.85198,30.2614,7.10149,0.353044
4.1262,4.42024,37.2809,4.38877,0.0506195
2.51692,2.33895,21.5708,11.7958,1.01911e-07
4.94999,1.86614,14.7362,5.54106,-0.000346529
2.81788,1.48323,1.60416,5.30198,-1.83612e-05
1.70336,2.40948,36.5878,5.56588,0.112663
4.66016,3.32637,29.0674,4.98758,0.0216331
4.58151,3.26484,9.94701,4.12056,-1.90757e-05
3.80977,4.88035,21.4843,9.79925,0.000124102
2.7945,1.78045,30.1436,9.00625,0.0207577
4.23324,3.03302,35.1367,7.62568,0.818966
2.38428,2.09677,38.8513,11.4021,0.000164235
3.34856,3.4424,31.6643,3.8753,0.0108718
1.62149,2.90832,1.58802,11.1355,-1.11431e-07
4.51518,1.75725,3.30681,7.06927,-0.000265946
2.30977,2.94535,20.0513,6.62474,4.78185e-05
2.78525,3.803,8.32635,8.39312,-8.86931e-05
3.9398,1.51943,37.0169,5.94338,0.340919
4.99221,4.66909,5.10451,4.31302,-1.54652e-05
3.66466,1.81002,12.0548,7.6897,-0.000405818
2.19955,4.42006,20.4209,7.42129,0.000425137
3.69372,3.26761,28.1879,2.53967,3.94347e-05
1.2241,1.19345,33.0923,8.3136,0.0704597
4.52404,4.08971,13.2542,10.8909,-3.83261e-06
2.99085,1.41168,20.3469,7.75308,0.000231986
1.32825,3.6168,26.3372,9.57841,0.000635721
3.66648,3.72051,3.07116,8.23687,-6.91174e-05
1.71986,1.63979,27.8575,3.07043,8.12725e-05
3.80128,3.06663,22.4689,5.57264,0.00169936
3.23503,4.24756,37.3867,7.81189,0.468345
2.98825,3.47516,2.47914,11.0478,-3.14586e-07
4.18404,2.00491,23.5814,2.07262,5.46072e-08
1.76926,2.88341,18.299,5.65651,-0.000216425
1.47209,1.61057,14.2384,3.14175,-1.24492e-06
3.79123,1.06337,7.91969,3.46719,-2.09928e-06
2.82084,1.56286,24.0033,9.16394,0.000743205
4.78948,2.67232,23.8742,2.18963,5.92324e-07
2.85698,4.58875,19.7392,5.52205,-8.16772e-05
4.71051,4.66145,4.24458,7.42127,-0.000279441
4.38861,2.94963,7.20312,7.26676,-0.000417321
2.23169,2.40975,3.52134,6.3778,-8.29489e-05
2.3265,4.67479,5.16321,5.24172,-3.01944e-05
1.86884,3.32072,6.78164,3.49852,-1.40473e-06
4.02438,3.20158,28.9239,8.59804,0.0304506
4.2761,3.40886,3.81067,2.75895,-2.80437e-07
2.22711,1.86545,22.422,2.05515,9.18895e-09
4.58849,2.65501,23.7408,6.86849,0.0162175
1.12048,2.73032,35.6248,5.42446,0.0656455
4.35036,4.7028,7.43711,3.1247,-1.5435e-06
2.43846,4.69324,7.28023,11.0236,-5.55153e-07
4.31093,4.11386,24.7946,2.08753,1.67142e-07
1.15717,3.04674,2.90194,5.79452,-2.12207e-05
1.8689,1.0911,24.5757,3.25528,2.69208e-05
3.74604,3.71179,24.617,11.6646,2.47563e-06
3.93734,2.48542,9.43844,4.60516,-3.1936e-05
4.93796,3.76853,39.8158,6.21529,0.226937
1.23381,4.95125,35.9347,11.7762,2.12703e-05
3.38326,2.91312,31.9043,6.83074,0.726475
4.12806,4.38845,11.8016,9.48295,-4.88086e-05
3.83403,3.40658,20.5338,4.3617,4.62475e-05
1.92393,4.33359,6.90409,4.52319,-1.06873e-05
2.18349,3.13792,9.0511,3.22822,-1.18942e-06
4.93151,4.4371,13.8313,11.0257,-3.19845e-06
1.00601,3.34878,8.33287,9.15429,-1.07921e-05
3.06882,4.92258,36.2615,6.53605,0.775185
2.36293,4.92937,17.8102,11.4982,-4.33748e-07
2.19083,3.03126,2.72352,8.65863,-2.17347e-05
1.74183,3.66677,11.6139,5.51494,-8.24072e-05
4.8077,2.14058,13.5299,8.80065,-0.000179351
1.94421,4.21308,16.8757,4.85139,-8.7648e-05
2.95631,4.74491,3.85776,8.83951,-2.89333e-05
2.00849,1.39091,29.4067,4.59936,0.0047685
4.54723,2.97715,12.9293,2.87388,-1.68897e-06
4.37091,3.31465,14.0519,9.60787,-5.8818e-05
3.34834,4.57212,19.5431,9.65514,-2.7503e-05
4.89173,1.33604,2.02697,10.8072,-7.04088e-07
2.39457,4.87014,15.5954,4.93803,-0.000106695
2.86605,3.56731,34.2483,2.17302,2.64208e-05
1.98618,3.29763,2.0996,3.06272,-2.72345e-07
1.82863,3.26479,4.26163,11.1171,-1.91531e-07
4.16337,4.60438,15.14,7.11207,-0.00188194
2.93675,1.96583,30.5742,11.3468,0.000179237
3.69266,3.66532,37.828,5.87169,0.31279
3.37355,4.16681,24.1446,4.1759,0.000425289
3.90802,3.921,26.9652,6.01578,0.0239933
2.6998,1.00973,5.0251,6.80812,-0.000138147
3.67541,3.53533,11.4523,9.95982,-1.72192e-05
1.3457,1.32342,36.4672,8.59651,0.0583471
2.53035,4.53825,32.3366,6.60632,0.550212
1.47942,1.86234,25.215,11.1821,9.82532e-06
2.45679,4.16652,17.3561,5.35738,-0.000234329
1.42945,2.09308,35.592,7.7042,0.227513
3.4507,1.40518,28.0546,11.841,1.56591e-06
3.03874,2.88803,31.1544,7.27641,0.405723
4.987,1.5146,14.6313,5.48269,-0.000293661
4.79302,2.06979,30.4695,9.59329,0.0182994
1.3396,3.3243,37.7691,9.27084,0.0234847
3.73457,2.40834,10.1185,9.09676,-5.28278e-05
3.19055,3.59766,30.6013,8.349,0.0936823
4.99718,4.44023,36.5864,3.73546,0.0203155
4.60753,1.9427,29.5008,4.86712,0.0198467
1.13468,2.05644,28.6157,11.9261,1.60019e-07
4.51407,1.45758,17.3038,7.41358,-0.00140408
2.0517,4.74123,1.13686,10.8899,-3.07639e-07
2.60014,4.04829,33.7536,9.52681,0.0404654
2.6373,2.48368,6.94502,2.53698,-9.85897e-08
2.50317,1.05579,10.0129,4.08217,-6.59165e-06
3.22501,4.46792,13.8471,3.49744,-8.01955e-06
2.20182,3.58313,8.10804,7.27649,-0.000247628
4.70127,1.97872,33.0544,7.11903,1.29171
4.62867,1.76918,3.58827,3.34825,-1.33105e-06
1.28791,2.4973,35.589,4.24007,0.0121791
4.70233,3.60849,1.35912,10.328,-2.5921e-06
2.51809,1.0573,19.0929,9.01126,-6.1046e-05
2.38102,2.21221,38.983,4.97011,0.0307832
1.10353,4.37185,31.3284,5.50724,0.0420671
2.54874,2.66206,24.8287,9.35599,0.000842119
2.68289,1.50909,16.8315,10.1566,-1.60802e-05
4.22159,1.80803,29.1069,4.60349,0.00935797
4.81057,1.53056,33.015,9.69972,0.0396945
3.58339,3.87346,8.99174,11.6783,-5.88587e-08
1.73987,3.61078,10.5714,7.68901,-0.000182937
3.14542,4.92353,30.7179,8.82373,0.0555517
3.15606,3.32744,30.0437,6.28684,0.140634
2.65825,3.74652,21.9815,9.13353,0.000348118
4.18552,3.28866,38.267,11.6203,0.000142625
4.36888,3.251,37.3337,6.98562,1.43401
3.48732,4.41514,28.0635,8.241,0.0278732
4.47488,1.50279,4.67532,5.74844,-7.75303e-05
1.93623,1.30511,17.5989,7.58001,-0.000480964
3.74029,2.8518,29.7338,10.8925,0.00067685
2.01408,3.58969,10.4524,3.17523,-1.23112e-06
3.53042,2.11547,2.3753,4.28692,-6.08025e-06
3.87067,3.9246,35.3235,6.08224,0.566187
1.42953,2.99635,36.6021,5.7803,0.131801
1.02361,4.43451,27.0816,6.84673,0.0171842
1.43037,1.91387,27.2676,3.60059,0.000191868
1.59495,4.70459,5.10645,7.85862,-6.48241e-05
4.87259,1.5218,21.1164,4.41828,0.000118361
2.71813,1.03704,6.28483,10.5547,-1.11909e-06
3.98378,4.89371,27.6122,7.25333,0.0798939
2.68982,3.48113,34.9462,11.1452,0.0011651
3.3941,3.24247,33.678,7.07458,1.18502
3.46625,3.89082,14.6207,3.8545,-2.0253e-05
3.34801,3.0088,38.3032,5.70427,0.181778
1.56505,1.36272,25.3607,3.32948,4.16523e-05
1.95581,1.8046,27.8297,9.21241,0.00284619
4.7322,3.87003,13.7701,3.46404,-1.04712e-05
4.41927,2.70113,26.0607,2.18424,1.3069e-06
4.94322,1.29965,23.6896,4.26702,0.000421839
1.947,4.25758,31.4045,10.6224,0.00201802
2.66053,1.17255,9.33877,6.359,-0.000167315
1.13346,4.36577,21.1232,8.76399,0.00012913
4.20767,3.86536,18.1213,11.3799,-1.22653e-06
2.20518,3.13589,39.1781,11.3038,0.000210826
1.02671,3.66627,34.5592,5.90592,0.119696
2.01476,3.36082,37.4687,3.33766,0.00279794
4.48455,1.14447,5.21368,10.8902,-7.25105e-07
4.24475,4.04612,37.905,6.88443,1.11647
2.84677,2.33864,8.93369,9.49776,-1.77801e-05
1.80013,4.03467,1.76645,8.58581,-1.86845e-05
1.73956,3.32249,6.41772,6.71597,-0.000149562
3.78184,1.7956,39.1716,4.62359,0.0241747
3.38241,4.03979,15.739,7.68413,-0.000886641
1.8679,2.88656,11.4874,2.32873,-4.50244e-08
4.82122,2.22232,31.7499,3.65055,0.0092
1.47202,1.9946,23.8797,2.36467,7.33491e-07
3.16262,3.23482,15.3328,11.6873,-1.36261e-07
1.07918,4.79091,26.1725,2.49701,3.7584e-06
1.75436,3.1155,29.3692,2.34699,1.24189e-05
2.15041,3.82103,23.6417,9.75942,0.000240756
4.60636,1.4904,23.8894,3.21132,5.09838e-05
3.18568,2.05968,33.0548,10.3356,0.00888185
3.42613,1.50292,25.761,11.9755,1.10021e-08
2.72629,3.60166,33.1546,10.6409,0.00453559
4.28043,4.23596,30.8216,11.783,2.66261e-05
2.37199,4.24555,2.5974,8.55325,-2.87405e-05
1.76886,4.0583,39.3991,7.82415,0.101244
2.53351,4.86692,26.4221,8.09937,0.0109109
4.99243,4.55072,5.9397,7.82509,-0.000234891
1.86252,2.39824,31.2499,9.33114,0.0177531
2.46131,1.34414,33.7355,6.04366,0.244302
4.40772,4.13904,14.6334,9.11878,-0.000149088
1.6199,4.04314,11.6367,7.57528,-0.000236531
2.19142,3.63109,39.5858,9.89313,0.00559883
2.99734,2.47239,35.767,10.7721,0.00346942
1.54744,1.40693,13.2921,8.2068,-0.000104092
2.61236,1.22169,37.162,4.68048,0.0354342
3.27378,3.69321,1.17764,11.4016,-8.42519e-08
3.8173,3.70007,1.21477,3.94702,-3.59067e-06
4.17137,3.55193,23.2238,9.50703,0.000583825
4.53558,1.93196,6.38393,11.8629,-6.38196e-09
3.84588,4.7732,14.2278,5.95885,-0.000529581
4.44848,3.10187,18.9016,2.22613,-8.78046e-08
2.87132,3.62653,9.74226,7.71191,-0.000257754
1.01323,2.7642,18.5034,4.60501,-2.61012e-05
2.51406,3.9074,15.3926,4.68401,-7.07821e-05
1.55532,2.61995,18.1562,7.5246,-0.000504204
3.2189,4.2321,34.4536,5.99894,0.432433
1.91528,3.44935,3.10872,7.55308,-8.00795e-05
2.22838,4.39627,7.9664,8.38756,-6.97041e-05
2.1046,3.50818,12.9712,8.07493,-0.000209625
2.60122,2.23682,2.47107,2.4229,-2.89692e-08
2.08231,4.0029,21.6912,2.84889,3.40048e-06
1.91415,3.98684,36.6894,10.251,0.00776629
1.00752,2.7197,11.0714,9.89663,-4.66262e-06
1.44062,2.46999,37.4774,5.82962,0.116565
3.96144,4.80973,33.1504,7.98303,0.526073
2.8095,3.14208,19.176,4.42425,-3.90657e-05
1.7142,2.16068,8.55684,10.2178,-2.70554e-06
3.97648,1.6526,7.75562,2.39574,-6.9177e-08
4.14585,2.75168,38.415,6.45338,0.508586
1.0342,1.67115,33.0812,6.22205,0.131014
2.50364,4.27011,8.08741,3.99632,-6.60254e-06
2.23582,1.5888,4.444,9.82885,-3.695e-06
3.51262,2.78507,18.4239,8.77477,-0.000232704
2.43618,4.22523,11.0092,10.7469,-2.05975e-06
1.55659,2.21244,11.0896,3.82833,-4.05109e-06
2.26524,3.72168,27.4723,9.80878,0.00126701
4.99751,2.27227,31.0887,2.21827,3.1452e-05
2.89844,2.25829,23.3738,8.63907,0.00139788
2.48891,3.16896,8.70516,4.33425,-1.23228e-05
1.92158,4.60416,10.6828,11.5892,-7.58606e-08
4.12527,1.06661,26.3099,3.04481,7.08844e-05
2.97172,4.00564,35.1067,7.24352,0.926575
2.69455,3.91887,29.2278,9.61623,0.00554344
1.38896,1.86956,6.61612,5.02739,-1.28463e-05
3.09507,2.36668,2.19527,5.78016,-4.77101e-05
3.82142,3.2512,29.4927,6.0041,0.0871766
3.60655,2.65225,6.30476,3.17296,-1.091e-06
4.29578,4.31031,4.62546,6.49811,-0.000241812
4.97458,3.7689,12.2785,4.07034,-2.87472e-05
2.82866,3.9937,16.471,8.29268,-0.00039412
1.19327,1.55199,35.3084,11.1679,0.000375307
3.90256,4.05365,3.21294,6.36836,-0.000156665
1.36551,3.88473,24.8441,8.64724,0.00139809
4.67904,4.71293,16.5925,5.83543,-0.00080104
2.60228,4.48537,21.9237,10.1767,5.72931e-05
4.49488,2.88802,1.3716,11.2711,-1.87854e-07
1.90331,1.95524,37.1916,11.7815,2.22708e-05
2.57134,2.26645,13.4259,8.44012,-0.00015604
4.40219,1.60903,38.1705,2.94976,0.00135745
4.40288,2.67944,8.46832,2.12614,-7.7584e-09
4.38608,4.0288,13.3894,8.36773,-0.000335394
2.17779,4.44084,32.989,9.86508,0.0180828
4.29697,1.18136,16.0077,10.7453,-5.73362e-06
3.31829,3.82887,23.698,10.8035,4.31304e-05
1.46883,4.1176,33.7718,6.45502,0.32894
3.05094,4.20328,32.673,10.8463,0.00288526
1.64757,2.95866,11.6519,3.1457,-1.08568e-06
1.75622,4.40784,30.5758,10.6854,0.000991523
1.41257,4.46897,24.3886,8.42622,0.00164742
4.75663,1.12385,34.6312,8.35556,0.269047
2.53534,2.82253,22.2601,8.94419,0.000486486
4.09771,4.23929,3.95808,8.27322,-8.47808e-05
2.01266,3.68118,6.40912,6.69353,-0.000172669
4.66636,3.69436,4.77322,2.19154,-1.29799e-08
3.7957,4.23885,15.6563,2.16819,-4.57822e-08
2.52283,4.42148,17.4667,4.49907,-6.82988e-05
4.27406,3.09552,3.47518,5.87342,-9.3266e-05
2.34309,2.20827,23.7321,7.458,0.00553359
4.10577,1.25471,21.7428,2.57448,1.70753e-06
1.12244,1.44284,25.3726,6.46703,0.00418746
2.23342,3.8333,2.59583,9.97292,-2.90542e-06
3.96736,4.56302,26.1541,6.4053,0.0270195
4.45107,4.84842,14.0901,3.64083,-1.60041e-05
3.47683,2.15109,35.3211,4.05885,0.0227571
2.44319,1.75819,31.0969,4.47995,0.014313
1.00852,1.90548,29.7772,11.071,9.88786e-05
4.116,3.58821,13.3755,11.6485,-1.69327e-07
4.17879,3.61222,16.5181,9.40468,-0.000118415
4.35357,2.97409,29.1966,11.9233,1.03101e-06
4.9657,1.54868,20.6378,4.23421,4.62373e-05
3.15813,1.61465,11.91,4.04235,-1.27171e-05
2.6145,1.60984,35.0862,10.1459,0.0104991
2.15896,1.75063,36.9586,7.7937,0.271742
3.41585,4.64869,8.29353,2.80556,-5.22105e-07
4.23446,3.50268,4.36113,5.58707,-7.41936e-05
3.41229,1.96302,3.47859,3.76592,-2.50264e-06
4.02677,1.0202,4.86161,3.98422,-4.11531e-06
2.27419,3.68756,5.82021,11.1555,-2.65877e-07
4.00885,4.80682,34.8414,3.31783,0.00675799
4.09563,3.35984,22.6067,2.52301,3.14295e-06
1.64857,1.42952,25.6383,9.40666,0.000574324
3.20469,1.80888,2.67778,11.6467,-2.22525e-08
4.46272,2.31991,1.828,5.58304,-5.08565e-05
4.01066,4.51094,6.21184,6.58254,-0.000309362
1.22513,1.56566,37.8568,3.60876,0.00221308
1.72349,2.80353,5.35486,8.25969,-3.97237e-05
1.16042,3.05395,11.5979,6.95886,-0.000278805
1.45805,4.16256,18.0977,11.2514,-7.13074e-07
2.10751,4.52759,11.3338,8.15405,-0.000151317
2.37394,2.00848,19.9045,2.71777,-8.01813e-08
1.6533,3.18714,13.0498,4.27041,-1.50135e-05
4.75626,4.94203,39.7044,5.19854,0.0674388
2.49956,2.62584,33.0421,7.482,0.508804
4.57576,2.99735,29.6669,7.23684,0.266634
4.7439,4.51725,31.5272,11.549,0.00023714
4.21405,3.20716,39.5953,3.86305,0.00658979
4.20065,3.6604,14.7862,9.89593,-3.98506e-05
2.54325,3.16507,16.8598,8.13219,-0.000428883
2.54069,3.75816,20.6179,11.2871,7.66847e-07
2.79709,4.11006,33.4623,3.43224,0.00584083
4.03979,3.64018,37.1089,9.63918,0.0469962
1.8371,1.58235,12.2878,2.66073,-2.3325e-07
2.53582,1.00242,30.0404,9.43007,0.00724087
1.03453,4.23351,15.6224,10.9583,-1.10112e-06
4.5558,4.95175,20.677,10.6918,9.42882e-06
2.53019,3.69535,26.4052,8.71817,0.00459193
4.7713,2.50661,11.9032,6.62954,-0.000813216
2.70252,2.74796,33.0888,7.94983,0.328183
4.85694,4.90321,18.0998,7.98859,-0.00106695
3.03771,1.54287,32.1996,5.3298,0.0993525
4.76441,2.57377,2.26483,11.0793,-4.11216e-07
3.96276,4.52947,21.4547,5.28007,0.000661521
1.98391,3.17848,29.714,6.80101,0.12551
1.54282,2.70237,15.7506,4.12406,-1.65368e-05
2.90924,2.9984,9.71577,3.03562,-1.03408e-06
1.37597,2.36417,26.7259,9.27323,0.00115282
2.68673,4.04376,20.5632,8.15044,0.000302824
4.9341,3.77979,27.0008,7.98449,0.0305751
2.83405,2.77372,2.64558,11.0645,-2.73867e-07
4.90655,3.93445,10.2445,3.17789,-2.97734e-06
3.19436,2.6706,30.3872,4.1073,0.00745379
1.81312,1.88967,6.34477,6.52949,-0.000107434
1.75179,4.01559,38.4312,10.2627,0.00427311
2.50416,4.09613,23.6234,9.38081,0.000528474
2.53799,2.88628,21.986,4.88641,0.000323137
3.06609,3.00365,36.3165,8.3444,0.245764
4.6642,1.92934,30.1299,9.8027,0.00990065
4.49741,3.0252,6.534,10.6404,-2.31752e-06
1.91383,1.50563,6.10239,11.842,-3.20231e-09
2.41122,4.52337,30.443,3.48489,0.00188124
2.58634,3.37308,25.1101,6.26472,0.00897219
1.89344,4.93182,6.73895,2.28527,-1.7711e-08
1.02376,3.31396,12.8768,10.7605,-1.09284e-06
3.28406,3.912,22.9946,2.54882,3.5667e-06
1.5615,1.26981,36.9092,5.36401,0.0604877
4.41022,4.18015,10.4988,8.19,-0.000259958
2.04464,1.48748,4.09298,3.63573,-1.11957e-06
3.67536,1.80747,20.2074,7.77291,0.000177191
2.99963,3.77441,23.2749,7.5099,0.0062801
4.90309,1.38315,33.3874,2.94635,0.00205019
3.18075,1.1774,29.8246,9.96884,0.00341412
4.2199,2.03274,32.0311,10.9054,0.00233051
4.74694,4.89024,20.8488,5.82264,0.00085656
3.55324,1.32112,10.8966,10.906,-1.36621e-06
3.83811,1.53315,5.65576,3.86099,-4.13334e-06
2.40831,2.78574,31.1293,2.65129,0.000222683
2.07456,1.95233,24.7162,3.64435,9.7948e-05
1.08363,1.55938,12.0888,3.30617,-9.44544e-07
2.82161,2.79366,6.35326,5.73899,-7.43872e-05
4.63413,4.97882,24.1342,10.002,0.00043471
2.36771,4.48569,18.712,2.81966,-1.28956e-06
1.4659,1.41208,31.2397,7.14165,0.185824
2.05068,4.95272,11.3257,8.34357,-0.000117627
2.9036,1.62992,9.86063,3.45646,-2.53924e-06
1.9969,4.72978,37.2933,7.33907,0.510008
3.85788,2.63642,34.0717,4.73379,0.082819
4.30002,4.82123,30.6226,11.9452,1.32639e-06
1.45535,1.35936,22.4012,4.99258,0.000215398
3.16945,4.09225,31.8076,3.51239,0.00536199
3.86569,4.64166,22.5971,3.00622,1.84547e-05
3.54412,2.6559,8.92784,4.66766,-2.98657e-05
1.65847,3.24349,4.6658,10.5072,-9.16683e-07
4.01192,4.61685,34.0839,7.77507,0.71289
3.6363,3.47274,7.42232,9.16363,-3.39128e-05
4.11737,3.64748,20.6641,11.0063,3.39325e-06
3.39192,3.90235,34.0727,10.2999,0.0128571
2.86831,4.3728,12.937,3.54431,-6.71017e-06
1.47763,3.0107,13.6085,2.16044,-1.04998e-08
1.61325,2.89111,5.99006,10.3779,-1.37375e-06
3.69236,4.83953,2.97486,7.91474,-0.000107163
4.3287,4.8828,1.59963,9.03423,-2.43202e-05
2.26277,2.99206,31.3276,4.91583,0.0347525
1.40533,4.1842,21.7806,8.33214,0.000497616
1.00095,2.51523,8.44433,11.6647,-1.49918e-08
2.40313,3.49515,13.2969,8.23596,-0.000207485
3.22746,4.97706,29.7749,2.68141,0.000170732
4.75051,4.01719,26.4887,5.53417,0.0127935
2.60397,3.12677,31.4147,9.15557,0.0379968
2.10523,2.85652,24.2041,6.50399,0.00627303
1.10846,3.78116,16.5523,7.30391,-0.000486621
3.5674,3.37297,23.3228,2.67345,7.41393e-06
2.91858,1.89993,11.6057,8.40659,-0.000127392
2.43678,1.42031,20.633,8.15692,0.000227526
4.92478,3.5682,23.4977,7.12845,0.0168867
1.53599,2.66759,20.7889,6.22286,0.000360411
1.29238,3.38952,37.436,11.5656,8.16948e-05
3.40601,2.25324,5.97056,4.87823,-2.45788e-05
3.16346,4.85458,26.9028,3.76816,0.000635172
1.23726,1.68893,17.9994,8.23688,-0.000153254
4.12625,3.21629,14.3095,9.43512,-7.65641e-05
4.1186,1.56276,4.75578,11.7638,-1.40686e-08
4.61876,4.83046,35.0054,7.8083,0.798775
2.71287,4.32288,7.0992,9.7825,-9.25957e-06
3.77299,1.65414,25.0091,6.53038,0.0136476
3.74962,3.94971,4.81049,10.1779,-4.40295e-06
2.33994,4.55295,18.9837,2.56213,-4.08836e-07
1.78676,1.33543,8.72787,8.97853,-1.95852e-05
4.44336,3.31851,36.3417,4.78046,0.107274
1.70271,4.62778,23.532,7.3822,0.00477989
2.04379,1.84524,38.2913,6.48424,0.242882
1.35489,3.66765,31.857,7.88229,0.136943
1.69939,2.67403,5.09997,2.89917,-1.99042e-07
1.99642,4.96699,4.41825,3.51001,-1.20891e-06
3.31962,4.3574,31.255,5.92488,0.206706
3.33953,4.65693,5.78191,6.35656,-0.000190177
1.99125,1.29694,13.5805,5.48863,-9.20299e-05
2.70994,3.59645,12.3611,3.61048,-6.36096e-06
1.95364,4.81087,29.1765,6.46682,0.0682492
2.24296,2.70632,14.7034,7.03038,-0.000908387
4.31904,1.40573,14.4978,11.2537,-1.0679e-06
2.79982,1.23264,10.9832,8.47232,-8.51798e-05
1.67679,1.62165,37.3589,10.3742,0.00367485
3.69954,3.20647,23.9691,7.67162,0.00844337
1.09014,1.08793,34.9419,8.39802,0.0574869
2.72323,3.75646,24.9482,2.2955,1.54748e-06
1.92943,4.78053,6.80687,8.98597,-2.28242e-05
1.81555,4.48054,10.5713,8.75393,-5.22828e-05
3.81839,3.77748,11.2364,4.84503,-6.65074e-05
4.81756,3.0899,28.8771,7.14236,0.195906
2.77194,2.3119,18.3952,2.66073,-7.96465e-07
1.9443,3.03404,32.5386,11.8481,1.10247e-05
1.14467,3.8085,21.6572,2.06361,4.72927e-09
4.33086,3.66056,35.7463,3.2088,0.00526634
2.77547,3.42052,25.5093,5.68333,0.00566551
2.45958,1.99915,1.80639,2.99233,-2.30891e-07
2.13365,2.86739,12.2888,6.19523,-0.000248035
1.97601,2.55075,28.4171,7.04095,0.0654061
3.51498,1.61919,23.0625,9.28223,0.000516822
4.69329,4.19073,28.6673,9.54365,0.00799158
1.11593,1.65938,36.3795,7.75437,0.151962
4.75125,2.64821,38.6433,10.0535,0.0142593
1.6582,4.32758,7.94961,7.84016,-0.000101147
3.14786,3.1543,25.7411,10.2926,0.000301094
2.01235,2.80602,11.9435,2.29709,-4.1194e-08
2.29256,4.90603,7.49992,6.27024,-0.000152149
3.05064,1.69146,10.1857,11.6991,-4.09631e-08
4.92757,2.45309,5.60963,7.3154,-0.000338803
2.81128,4.92177,38.6462,5.48796,0.108127
3.06354,1.17151,19.4138,4.08184,-1.28541e-05
2.91253,3.41482,39.0474,4.9269,0.0382729
2.52474,2.66861,29.8781,9.26954,0.0122187
1.83465,3.73142,32.8042,11.0729,0.000909925
3.45636,3.60316,13.7542,11.4786,-3.95039e-07
1.01247,1.1899,15.4672,6.25604,-0.000160934
3.57278,3.71717,29.91,2.53016,0.000101612
3.94884,2.58383,9.17584,10.8492,-1.70417e-06
4.05896,3.55723,28.1591,7.70518,0.0621436
2.76032,4.69231,26.9849,2.11086,4.76405e-07
3.53567,2.12205,22.9735,3.4263,4.97499e-05
2.4398,4.8489,39.778,9.87306,0.00608566
1.13107,2.80518,2.85352,10.0398,-1.24612e-06
3.95651,1.98622,5.55452,8.19956,-9.11727e-05
4.10058,2.62897,36.8199,7.66606,0.692156
4.72633,4.38712,1.164,4.08785,-5.93657e-06
1.90494,4.49823,19.8521,4.69923,-9.8156e-06
4.13566,3.86426,25.4187,3.34764,0.000162357
3.74975,4.22091,3.1659,10.4407,-2.09365e-06
1.96099,3.12494,15.1169,9.17757,-6.20614e-05
3.17175,1.34677,7.65845,2.62148,-1.53703e-07
3.84013,2.69499,36.1278,5.45979,0.233313
1.61146,2.70712,14.8717,7.68833,-0.00033202
2.29838,2.37526,39.0829,2.51934,0.00010114
2.91242,2.01297,11.3119,4.88972,-4.64115e-05
3.1509,1.00629,6.23814,2.8136,-2.24318e-07
3.22538,4.00781,25.8121,9.1728,0.00236947
4.23716,3.86435,36.9965,3.91704,0.0229294
1.21289,2.72978,25.4597,10.7979,3.1097e-05
2.01421,1.38025,34.8416,8.01445,0.190965
1.71688,1.44634,11.9005,8.65522,-5.11031e-05
3.67728,3.00685,8.52791,9.58998,-1.9875e-05
4.85133,3.88921,33.6471,9.64052,0.0617077
2.33049,2.76033,39.8516,8.48526,0.0409779
3.81432,1.94782,28.4194,6.23975,0.0534769
1.43802,2.57523,13.3173,8.05603,-0.000144197
4.44761,4.91199,34.8036,3.12431,0.00458518
1.42736,3.20548,36.9022,9.76641,0.0133791
2.26435,3.8346,13.246,4.68998,-4.41018e-05
1.31196,1.81708,23.7173,7.15413,0.00398234
3.67085,1.89111,22.039,4.05282,0.000107792
2.21811,1.67836,27.1704,7.60518,0.0183697
1.3588,2.8689,27.2815,3.23309,8.81634e-05
1.15379,2.11918,38.0307,5.77455,0.0695256
4.29314,1.95365,24.3985,9.02827,0.00177259
1.76606,1.78642,21.1679,2.34768,1.52015e-07
2.35949,3.71443,10.5767,5.65827,-0.000113524
1.61533,4.87979,5.87419,7.36118,-0.000128114
1.91294,3.70676,8.6155,10.7286,-1.12898e-06
3.81879,1.55228,28.8188,8.04711,0.0439076
4.98858,4.31337,27.3183,7.91253,0.0403974
3.23389,2.83803,23.4716,9.85851,0.000263228
3.43289,3.82372,18.6161,9.11492,-0.000141703
1.25682,1.2769,24.1423,11.4765,1.41692e-06
4.27107,4.4078,25.6261,10.5579,0.000234716
2.22143,1.87015,13.7704,7.42594,-0.00045048
4.72211,1.93771,20.5788,10.757,5.51796e-06
3.60528,3.83973,36.2086,7.39043,0.943339
4.97345,4.41018,23.314,6.71236,0.0138914
2.87376,2.85841,35.3682,8.91329,0.106853
1.7642,1.78423,1.56241,2.98322,-1.50512e-07
1.92664,2.12331,8.03536,2.52065,-7.44659e-08
2.65895,3.48426,26.1662,11.5943,5.28895e-06
1.22068,3.43193,26.6352,5.19328,0.0021441
2.06299,4.75198,29.5568,10.4426,0.00111597
1.72343,4.83237,27.0745,8.8907,0.00354642
3.34529,1.39244,7.52073,9.05268,-2.79882e-05
4.14517,3.20105,34.617,4.3458,0.050173
3.36489,2.34216,18.8666,11.9726,-7.54814e-10
3.47491,2.83689,25.0188,10.1119,0.000340449
1.94859,2.53406,19.4748,4.3616,-1.61945e-05
1.21013,1.48611,27.6812,2.02302,8.45893e-09
4.9297,4.07457,18.3976,4.7,-0.000165779
3.10384,3.72051,17.8864,4.16523,-4.55292e-05
3.89124,3.71581,32.0478,9.53033,0.0433898
2.43015,1.65774,33.7865,8.5532,0.123758
2.23046,4.41967,29.7931,2.59,8.02437e-05
1.28251,4.30099,34.9515,7.21198,0.419032
3.77005,2.57816,30.9658,10.501,0.00362769
3.56084,4.32488,15.4114,7.64168,-0.000942004
2.19217,4.64049,17.376,4.83113,-0.000100556
4.9826,1.49528,25.7033,2.45681,8.29694e-06
2.9333,3.32001,36.4467,10.4646,0.00742444
4.78523,3.11664,5.12553,7.7666,-0.000199235
4.07782,4.88983,7.64164,10.7295,-2.19012e-06
4.41745,3.5761,20.8617,10.5137,1.72086e-05
2.1712,2.56564,34.9472,7.99396,0.261816
1.75062,2.86381,10.7508,10.0248,-6.15122e-06
2.78668,3.35559,31.633,7.98853,0.220434
2.14183,4.15186,30.074,10.8975,0.000511431
2.38706,3.64845,26.6965,3.77898,0.000420447
3.49267,4.92418,18.2707,2.67424,-1.29451e-06
3.97783,4.5414,35.4669,6.43782,0.90014
2.52264,4.34546,39.106,2.04221,5.23477e-07
3.91699,2.45269,31.6814,3.36888,0.00398652
3.86937,4.04328,21.4889,10.5179,2.95391e-05
4.99797,2.008,38.2428,5.13864,0.116115
3.36422,4.30554,26.8753,11.8535,9.81722e-07
3.95722,3.89137,8.4315,7.16442,-0.000534284
1.86918,3.94784,16.3882,6.66396,-0.000784479
4.43013,1.94784,29.2861,2.57026,8.74016e-05
2.42154,2.42803,34.9711,7.72985,0.391979
1.88503,2.76951,10.3257,9.87362,-8.08792e-06
1.8658,3.78904,12.6198,8.4185,-0.000115255
2.86477,4.67056,21.8327,6.40078,0.0025828
2.66977,4.33677,2.06907,5.68678,-4.16321e-05
4.63715,1.74698,28.2357,7.77499,0.055641
2.0528,2.16663,21.4719,4.24986,5.94497e-05
1.38938,1.93282,8.72649,4.25949,-5.26365e-06
4.00585,4.60498,5.16397,3.05444,-8.49441e-07
1.92445,2.6113,38.4874,7.46319,0.246396
3.51105,1.78963,4.94004,3.71835,-2.73718e-06
1.4336,4.40975,13.6801,2.12173,-6.20685e-09
4.03145,2.5622,17.9113,4.05792,-4.43846e-05
4.72448,4.78806,14.8873,5.08775,-0.000231934
3.48747,3.24401,33.4837,7.59466,0.691729
3.57521,2.51319,34.8703,6.07461,0.465223
1.90713,1.55359,6.57987,9.58753,-6.31797e-06
2.99068,2.97987,19.9654,9.408,-2.87545e-06
1.73158,4.88434,27.4492,8.7989,0.00489059
4.98185,4.6421,6.90099,7.93565,-0.000236218
1.24799,1.80107,10.7723,11.0778,-3.21505e-07
1.53354,1.66791,35.8004,5.92478,0.145307
1.43245,4.69364,20.8838,5.88264,0.000289785
4.04022,4.64982,13.7742,7.24367,-0.00125772
4.83255,1.43088,20.4779,10.5168,7.20867e-06
1.71315,2.5852,39.5794,8.52051,0.0332876
2.13752,3.14054,21.7627,5.61629,0.000657231
2.80378,2.05902,3.48178,5.36808,-2.83934e-05
2.79756,1.82191,29.8116,8.59735,0.0303697
1.35912,3.18139,28.3495,3.93589,0.00072926
2.69496,4.0361,33.8269,11.9492,1.93317e-06
4.46461,2.44489,27.2542,2.64104,4.24244e-05
2.25926,1.36252,10.7601,7.44111,-0.000237731
3.45247,3.12914,23.152,6.69746,0.00819356
3.31808,4.05459,23.8898,7.47632,0.00957792
2.07735,4.77558,25.2149,5.59431,0.00356298
2.08279,4.11905,36.0802,5.02545,0.0764998
1.70401,4.46206,16.5513,5.03393,-9.83219e-05
4.20583,2.16621,19.9107,7.16989,-0.000166184
1.96253,1.2625,16.2364,6.36244,-0.000405747
3.225,2.97664,37.918,3.53117,0.00590823
2.21337,2.97128,35.3194,9.79844,0.0205134
4.37235,1.85478,29.4713,5.68435,0.0562965
4.52954,4.76499,36.6922,9.84734,0.0408556
4.10701,2.92626,3.60092,11.3534,-1.64799e-07
1.79526,3.88259,2.12291,9.8193,-2.91737e-06
4.44652,1.90131,26.1945,3.88966,0.000645299
4.17203,1.78708,15.8817,5.96305,-0.000590749
4.9867,3.22144,6.17196,4.18859,-1.33382e-05
3.60701,4.11431,36.958,10.597,0.00674258
1.32232,1.0517,11.8417,7.46533,-0.000144315
3.70964,1.32796,28.1806,6.56241,0.0565739
3.53276,4.81166,34.2286,2.61635,0.000674575
2.13035,3.67075,29.9638,8.05571,0.0617136
4.93712,1.57743,38.8796,9.03921,0.05925
3.19442,3.33564,22.0919,6.01089,0.00202706
4.9855,2.11704,38.4352,6.52024,0.603819
1.8956,4.86182,22.7073,10.753,1.8532e-05
4.186,4.54348,11.1319,6.73852,-0.000806595
1.91946,3.88266,21.6867,5.34047,0.000406082
3.5311,2.89877,6.60029,2.63013,-1.97452e-07
4.95955,4.44218,36.8249,4.09984,0.0396284
3.56322,1.02531,11.3121,10.9407,-1.18531e-06
1.02747,1.54575,4.14097,8.17558,-1.84622e-05
1.02867,2.98124,17.4499,7.57095,-0.000341222
3.95536,1.24737,38.8449,8.47452,0.0960862
2.59796,2.85436,26.4037,10.4033,0.0002583
4.21721,4.05617,30.5633,4.63487,0.0293254
3.5933,1.99067,13.9828,6.53997,-0.000744797
4.8457,4.33622,32.0418,2.95304,0.00216412
2.93388,4.15511,32.9191,8.60908,0.165555
2.86316,1.52931,11.5237,10.5065,-3.48586e-06
2.767,4.034,18.8445,9.15492,-9.87087e-05
4.17621,4.97808,23.5074,9.72485,0.000491776
2.5107,2.0794,36.9611,8.52206,0.135799
3.66808,2.57458,28.0481,10.2008,0.00121352
3.04816,2.96482,14.2538,5.38229,-0.000182349
4.90004,3.86091,10.2216,3.32648,-4.28869e-06
4.30084,3.6806,29.2006,2.80849,0.000242289
2.30811,3.16374,5.07998,3.10633,-5.17045e-07
3.09211,4.60272,18.8584,7.50386,-0.000939347
4.84204,4.43055,8.6407,5.65357,-0.000176907
2.47073,1.19054,29.0586,7.22848,0.0734077
3.46935,3.44631,18.5621,8.70134,-0.000257606
3.11687,1.42949,22.9293,4.44707,0.00026565
3.21103,1.77624,28.2251,8.54952,0.0147329
1.14984,2.31058,18.3876,4.0084,-1.04348e-05
4.23553,2.31988,38.0274,9.57126,0.0380474
1.90078,3.60597,37.8684,7.34006,0.391139
1.82799,3.61482,29.7088,7.70261,0.0685738
1.02438,4.69794,38.7209,7.72419,0.0992031
1.9397,3.25409,37.289,9.05316,0.0534547
2.01924,1.22068,35.0837,10.7393,0.00196321
3.1546,4.51458,20.1774,5.53443,6.99507e-05
3.75332,4.04236,10.3661,7.26122,-0.000624141
1.30826,3.7873,11.7762,10.6847,-1.43515e-06
2.58748,1.44467,33.3082,2.0748,2.94385e-06
2.52626,2.52296,26.7499,11.0098,6.30477e-05
2.88694,3.93228,38.4848,8.58312,0.10505
3.23609,4.48017,33.6007,6.44763,0.724762
3.68882,3.20194,28.0937,5.20761,0.0134847
4.64837,4.62992,22.8072,2.95753,2.13601e-05
4.28846,1.90523,4.75936,5.79708,-8.722e-05
2.01158,3.98852,12.5771,2.52066,-1.90176e-07
2.83724,4.94807,8.52003,6.60319,-0.000317628
2.84602,3.3104,9.59119,9.66718,-1.62843e-05
3.21315,2.70667,38.3133,4.933,0.058773
2.48516,1.04289,30.162,4.4189,0.00608944
2.14143,2.87685,6.35749,11.0361,-3.7085e-07
3.86042,2.62226,38.4925,7.18261,0.665333
2.43126,1.04869,10.8922,10.105,-5.18382e-06
4.34849,3.16449,13.0271,7.82024,-0.000578751
3.96693,1.70473,27.2911,5.98185,0.0216851
3.51196,2.60413,36.4831,5.12207,0.130793
4.2328,1.26477,6.16915,11.3371,-1.91152e-07
3.76992,2.40101,25.4182,10.5979,0.00014954
1.81419,1.7897,20.5446,9.3258,3.08376e-05
3.36483,2.03543,1.71645,8.12065,-5.28125e-05
2.69895,2.7139,17.0136,3.68708,-1.45613e-05
1.41202,3.96904,8.54365,2.51719,-6.80421e-08
4.78603,2.27117,37.1544,5.80818,0.39455
1.76835,4.4989,12.0708,8.86286,-5.62174e-05
4.14415,4.65392,23.1367,3.89187,0.000202956
3.26516,1.79867,8.49857,8.74138,-5.43572e-05
1.62195,1.89221,1.28256,4.47177,-3.21728e-06
3.22123,2.12731,37.8717,5.88248,0.235798
3.99425,1.97961,27.0904,9.30514,0.00358511
4.78368,4.35633,11.896,3.90621,-1.95931e-05
3.6719,4.36869,6.9592,3.41665,-2.48761e-06
1.82483,3.44478,2.78842,11.311,-8.13092e-08
1.17046,4.74192,11.7411,8.71057,-4.39107e-05
3.60209,1.22262,19.5186,5.06467,-6.36024e-05
1.83094,2.75834,37.4948,9.78056,0.0143896
1.55959,1.18288,26.0345,7.21468,0.0100279
1.62955,2.58861,30.5586,9.5184,0.00794342
2.9522,4.46812,8.60539,2.257,-2.81487e-08
3.65252,4.41702,28.5987,9.42685,0.0073052
2.63526,2.73832,1.45124,6.31927,-7.36552e-05
3.98345,2.15528,3.32893,11.3563,-1.399e-07
4.80366,4.89263,31.5006,5.99103,0.375085
1.65114,3.31196,20.6362,3.00781,1.32196e-06
3.41597,4.76499,19.2598,2.48055,-3.25088e-07
3.16773,2.49226,30.1503,11.9638,2.70732e-07
1.29298,4.35475,30.1939,8.31656,0.0322
2.22103,1.30546,11.4088,3.46875,-2.34925e-06
3.96081,1.48027,13.2623,6.54522,-0.000651656
4.21187,4.52313,17.4995,3.2656,-1.001e-05
1.21955,3.66101,18.2268,7.4467,-0.000462028
3.51812,2.73323,11.9166,3.44559,-4.97407e-06
3.01221,2.57026,27.3196,4.72392,0.00343036
4.35838,3.61056,1.365,5.75267,-6.5424e-05
1.24352,2.34398,24.1456,5.99687,0.00190832
2.74142,4.45445,30.0055,4.43212,0.00998996
4.46721,1.0379,18.6914,5.25432,-0.000195788
2.37288,3.22826,28.048,3.42497,0.000373813
2.54961,1.80893,19.7513,10.4744,-1.97611e-06
4.80438,1.49015,5.11391,6.22545,-0.000156421
1.34075,2.8895,20.6463,11.8404,1.17248e-08
1.68345,1.29902,28.6472,2.21236,1.92234e-06
3.95501,4.10035,34.3073,4.89207,0.11998
2.79867,3.47799,33.067,5.90965,0.30291
4.89263,2.32149,1.9196,4.18097,-6.82138e-06
4.50075,4.266,29.4974,11.8492,5.73078e-06
4.49975,1.07061,10.5585,2.80421,-6.12469e-07
3.38,2.85394,18.1522,5.68667,-0.000439633
2.36305,1.88284,7.326,11.1679,-2.72072e-07
3.36188,2.65627,6.0229,10.2962,-3.33595e-06
3.37498,2.31794,29.7147,5.02269,0.0219994
2.20802,1.53051,25.4786,2.35612,1.85531e-06
1.929,1.77339,36.9339,8.99554,0.0513909
2.36827,3.70126,10.191,10.9075,-1.11834e-06
4.92262,4.58999,33.728,9.31827,0.109377
1.67419,3.77052,31.4002,4.49682,0.0146814
1.18294,3.96321,33.0911,9.92876,0.00868778
3.58981,2.9552,10.161,9.99152,-1.22972e-05
4.96927,4.77521,21.7125,2.33942,8.34739e-07
4.76722,2.76606,34.4365,11.0475,0.0026559
3.47643,2.49446,2.24406,9.02441,-1.84221e-05
3.37789,2.40869,6.32009,6.04456,-0.000123798
3.84222,2.78321,13.0753,2.87515,-1.44492e-06
4.79052,3.67102,12.8326,7.41796,-0.00100162
4.85054,2.29173,29.3359,3.20695,0.000846919
3.01561,3.8648,20.8684,11.0768,2.76989e-06
4.56892,1.29499,39.1403,7.88439,0.199364
4.00684,4.05765,26.9767,10.5798,0.000381321
3.81187,3.00756,11.6198,8.81273,-0.000110478
2.49064,2.26899,12.5237,11.523,-1.6295e-07
4.40411,2.29204,32.8633,5.40983,0.218115
3.38831,2.14438,5.01633,3.31754,-1.16336e-06
2.14641,1.95192,14.3072,2.55193,-2.6371e-07
2.66873,3.34877,3.6976,11.0296,-3.42847e-07
2.85613,1.5768,38.6866,10.5764,0.0023772
1.68825,4.01936,36.4496,11.7228,4.44658e-05
2.72407,4.97008,7.58604,9.47249,-1.72243e-05
1.00345,4.87067,10.4444,2.48786,-5.84823e-08
3.58876,2.43847,17.194,2.07955,-9.30559e-09
1.29252,3.06081,28.2771,9.52105,0.00171798
1.28706,2.75022,17.4991,3.63788,-6.42095e-06
1.80909,1.84022,35.0537,4.05687,0.0111986
3.86743,2.83569,11.2783,8.9055,-9.14324e-05
4.55054,1.53595,21.0378,8.1658,0.000769987
4.26825,1.22067,35.834,9.70956,0.0338362
3.51468,2.98143,13.8737,2.29099,-9.76874e-08
4.49202,2.40891,38.8847,11.713,5.40285e-05
3.59477,1.3822,12.5349,9.66022,-2.56052e-05
3.31244,4.64403,8.43368,4.31456,-1.64776e-05
1.56539,1.09288,17.5933,2.03894,-6.94211e-10
3.86874,2.01329,1.65775,6.87792,-0.000184811
2.39578,1.66284,37.6057,8.57143,0.0979342
2.44752,1.01892,31.596,5.105,0.0380718
3.58139,3.97807,30.3583,8.03838,0.136808
1.62318,4.00496,35.2442,10.1856,0.00782121
4.1085,3.51537,38.764,10.8814,0.00195036
2.92487,1.52134,25.7237,2.79516,2.0736e-05
4.61143,2.46879,32.1853,11.2517,0.000964782
2.75013,4.1794,27.3575,8.61317,0.00930737
2.40812,4.38208,12.3573,6.2716,-0.000339752
3.38425,1.29299,33.9622,8.32149,0.211875
3.5241,1.62146,17.69,3.73122,-1.79639e-05
2.72564,2.04061,25.0919,5.83346,0.00487855
1.85571,3.25079,38.8704,7.83882,0.134723
3.91791,2.51704,32.5429,8.33662,0.259757
3.19249,1.85864,13.4368,5.73375,-0.000227409
2.08397,4.27691,29.6138,6.12168,0.0623121
4.55922,4.03559,26.4453,5.93109,0.0199002
2.75122,2.53969,34.184,6.714,0.733873
4.06651,2.89953,14.2373,5.91142,-0.000476115
3.41179,3.45358,9.7226,6.00886,-0.000217728
4.3154,4.59878,39.5708,4.47841,0.0220657
1.53614,4.24289,8.80803,6.82523,-0.000220973
2.95133,1.18304,5.77175,10.2568,-2.28751e-06
1.21501,1.71314,36.4323,11.167,0.000389765
1.47717,4.24788,26.9309,8.77347,0.00326788
2.5466,3.72063,4.21888,11.7499,-1.1911e-08
3.03914,3.63724,26.7558,7.63604,0.0249268
3.18794,3.41961,11.1795,7.7918,-0.000325273
4.9757,3.07134,24.1143,9.81508,0.000588614
1.31478,4.1787,11.8721,7.70847,-0.00017304
1.71148,1.15638,11.1162,5.73973,-6.79343e-05
2.28247,4.71867,19.6511,8.5547,-7.72256e-05
4.95286,2.94618,29.4543,7.20154,0.262471
3.5228,4.224,4.58423,7.56423,-0.000183378
3.31479,2.67349,18.1644,4.77803,-0.000119225
1.27351,3.68553,26.667,11.057,2.91322e-05
3.2872,2.48123,20.1791,9.40987,1.6416e-05
2.19389,2.72123,16.8519,5.91554,-0.000377253
4.84398,3.32754,15.7605,5.92751,-0.000773373
4.03765,2.21856,14.3564,2.24964,-7.95015e-08
3.29316,2.50329,33.4354,2.10967,1.01923e-05
2.48009,2.41636,19.8448,3.12766,-5.14446e-07
1.00957,4.52186,15.5801,4.26615,-1.51841e-05
1.61243,3.63275,33.3693,10.7347,0.002185
1.46904,4.2978,36.2961,10.2907,0.00572471
3.34866,3.23073,14.847,2.23425,-6.90138e-08
1.66193,4.96813,8.58383,4.27689,-8.02033e-06
3.69897,3.62212,15.4047,4.2126,-4.71473e-05
2.32104,4.80118,8.83592,7.42695,-0.000262503
4.75547,4.51446,32.0184,4.8084,0.0929487
4.69712,4.22723,18.8267,5.27143,-0.000315248
1.74674,3.86882,31.095,10.72,0.0011908
3.56327,2.38858,31.7882,9.00616,0.0719471
2.97985,2.42792,26.8701,9.09661,0.00352087
1.72275,2.75927,24.1439,10.3347,7.42086e-05
1.70202,1.64972,3.70659,9.09127,-8.55683e-06
3.2428,2.93861,36.7557,9.34794,0.0604467
3.04527,2.60843,33.2919,11.2158,0.000926894
1.44408,2.84151,37.5039,11.5242,0.000107325
4.87656,1.11098,34.2437,10.5271,0.00750278
4.6487,4.88284,14.0557,8.7557,-0.000246783
4.44388,3.45643,13.0706,10.7268,-5.39252e-06
2.68454,3.26557,34.257,11.4109,0.000422008
2.35665,3.3391,16.5026,11.8995,-1.01603e-08
1.12322,2.2465,20.8952,10.1561,8.56739e-06
2.46844,4.87517,8.02097,9.45434,-1.7077e-05
1.04475,1.69017,34.2188,7.58761,0.175888
4.80392,3.84706,11.7098,5.28731,-0.000171788
2.04798,4.24096,8.14107,2.53961,-1.04706e-07
2.10893,2.63537,37.5512,11.3355,0.000354746
2.59482,2.99846,29.365,3.42782,0.000850002
4.59555,4.95004,16.7595,10.7672,-9.78524e-06
2.79744,1.40698,7.24401,5.9627,-8.76027e-05
2.45511,4.70413,5.53888,11.2295,-2.24801e-07
1.48392,2.66594,26.5741,7.20174,0.0165898
3.0248,3.83739,29.6259,6.63596,0.158992
4.19967,2.89595,25.0957,4.57993,0.0014343
2.73753,1.18459,34.6989,7.33697,0.523938
1.9045,2.5526,10.5768,11.6143,-5.55965e-08
4.41425,4.50086,19.0815,11.8528,-3.29175e-08
2.55345,1.29371,17.1135,9.12833,-8.43254e-05
2.95254,3.83776,32.2133,4.69658,0.0504848
1.29297,2.66343,31.5534,5.55705,0.052602
1.00291,2.63748,29.1227,10.7366,0.000185645
2.1181,1.09442,9.89757,10.4971,-1.74424e-06
3.1867,1.63282,9.36125,2.75981,-3.68003e-07
4.27165,1.41073,34.5972,8.38753,0.256404
3.15417,3.71104,33.4179,8.55454,0.198476
2.34596,4.0945,19.7247,7.62531,-0.000194783
1.13495,4.31335,39.0817,10.3871,0.00153596
2.00659,1.59715,38.1451,5.76697,0.103506
4.2184,1.95511,16.8333,10.6327,-1.00062e-05
1.30006,2.3348,22.8011,2.77926,2.83885e-06
1.82759,3.47783,12.6069,3.10811,-1.33227e-06
1.16332,2.52635,25.8612,9.07205,0.000908764
4.38515,3.31952,16.5912,8.90735,-0.000260166
2.72263,1.0208,21.4978,2.7977,2.03017e-06
2.55326,4.18824,39.7972,11.5815,4.97207e-05
4.70084,4.62292,7.00241,3.24715,-2.14998e-06
2.68051,4.62032,28.1282,4.08923,0.00183268
2.10607,3.04825,2.37564,8.69591,-1.90498e-05
4.11418,1.69639,5.89857,8.91868,-3.59397e-05
2.52862,4.01774,17.6887,2.91939,-2.24501e-06
3.88944,3.08229,9.77416,7.29047,-0.000537339
1.46905,4.45312,13.9169,6.99551,-0.000594622
3.46795,1.83955,30.3517,4.1823,0.00806414
1.49425,2.26701,11.3974,5.62741,-6.96983e-05
1.39628,4.60691,17.5514,8.02456,-0.000300346
2.27414,4.53562,18.9258,10.914,-2.51876e-06
3.22065,4.04709,3.96964,6.90344,-0.00025262
2.36702,3.68916,30.8275,6.88697,0.330058
4.44056,4.03902,30.5908,2.78713,0.000546006
1.81817,2.01099,8.70915,8.57316,-4.0824e-05
2.68706,4.87877,14.4125,4.55214,-5.41171e-05
3.42615,3.21386,3.00155,2.70029,-1.61083e-07
2.70252,1.28372,17.3322,4.98442,-0.00010621
3.05052,1.99166,32.8734,10.6102,0.00445523
4.23514,4.17219,29.142,5.53333,0.0458369
1.09983,2.38064,39.6047,11.5847,2.06018e-05
2.37934,2.42995,20.4961,4.50418,3.06898e-05
1.5573,1.71607,21.7138,2.39162,2.80289e-07
1.08167,1.81781,20.7452,5.47246,8.31749e-05
3.30201,4.73809,18.8613,2.51631,-5.03201e-07
4.66823,4.25835,11.4513,8.23725,-0.000304646
4.80028,3.33996,29.8792,8.87285,0.0442275
2.07758,1.93259,13.9167,6.04378,-0.000239052
1.98303,4.30115,12.5913,2.68876,-3.92211e-07
2.06234,1.63574,15.9082,2.67096,-5.14506e-07
2.87172,1.73484,1.74222,2.64115,-7.62308e-08
3.3739,2.66917,14.0762,10.8174,-3.64215e-06
3.08675,1.11288,22.8765,4.39402,0.000210181
3.81675,4.21561,15.6395,11.0674,-2.94551e-06
1.38052,4.9817,12.6229,11.712,-3.34234e-08
1.38036,3.89281,12.9955,4.1091,-9.76258e-06
2.56945,1.63315,26.3113,3.76496,0.000290982
4.21361,4.55109,18.5219,3.67482,-2.25003e-05
3.43903,3.3566,38.7272,8.03127,0.21604
1.53434,2.96783,15.6777,7.65531,-0.000384103
3.90348,3.20908,17.4116,7.36176,-0.00165573
2.89797,1.03487,1.04493,5.59741,-2.23058e-05
2.88883,3.34659,3.58561,11.0303,-3.65072e-07
3.34613,2.67294,31.8782,7.32467,0.590381
3.2539,1.09359,10.6861,4.98886,-4.23126e-05
3.30791,1.03963,19.5277,6.14162,-0.00021555
4.56017,1.68489,21.1642,6.87358,0.0029705
4.89828,1.15464,35.8157,11.2124,0.00116353
4.20948,4.35077,36.5824,6.44302,0.921898
1.1353,4.35828,24.3188,2.59626,2.7824e-06
1.88193,4.60778,14.5663,6.11353,-0.000328897
1.95589,1.84917,23.4867,3.27514,2.31636e-05
4.42216,2.81954,14.6687,7.6675,-0.000910527
4.68814,3.09912,22.8801,9.08827,0.00103635
2.06355,1.63223,38.5492,10.3857,0.00284909
4.06438,4.57956,31.525,11.3832,0.000446432
2.02546,3.24666,32.8611,6.72886,0.530543
2.96739,1.23528,26.6113,8.08722,0.00943173
4.13725,2.47013,31.3045,6.11485,0.290661
1.71562,4.13841,31.5316,7.63102,0.204954
1.76985,3.85735,3.88369,2.03865,-1.54754e-10
3.50691,2.79124,25.2036,6.21747,0.011441
1.41784,2.66052,31.5429,2.26341,1.80041e-05
1.41396,4.32385,16.2839,3.80537,-9.97663e-06
2.13324,4.72183,24.9987,10.4374,0.000118821
3.30116,4.57783,18.8786,4.11557,-3.57675e-05
1.3037,4.33492,4.11223,10.9873,-2.11202e-07
1.65195,2.91711,14.1641,4.83532,-4.44077e-05
3.11747,3.60792,32.789,9.37718,0.0544885
2.98702,1.51256,26.6677,10.0296,0.000577268
2.27581,4.28025,29.5804,5.44608,0.0285997
3.99461,1.92948,35.2821,4.12675,0.0285339
3.35635,1.92413,29.1703,7.76411,0.0715288
3.37615,4.98388,15.1806,11.3332,-9.90153e-07
4.49545,1.80618,2.50825,4.80408,-1.71811e-05
2.69,4.43908,11.1997,10.5879,-3.47785e-06
4.23927,2.68132,6.37451,7.80961,-0.00019163
1.56026,4.48903,34.4565,10.5955,0.00319257
1.79069,4.47592,32.2566,4.00631,0.00992491
1.52521,2.06405,19.3877,8.66826,-5.8502e-05
4.10994,1.27952,1.36259,2.37026,-2.36784e-08
4.03067,1.06508,27.1557,6.65835,0.0363932
3.25771,3.14172,13.4192,8.84385,-0.000124818
3.3477,4.3986,39.6112,6.86699,0.365537
1.28504,2.92504,10.1882,8.35717,-5.38426e-05
1.45542,2.2476,28.7825,2.5103,1.69714e-05
3.91121,2.28833,11.6832,11.213,-8.1376e-07
2.58561,3.5136,8.87208,5.37158,-6.43956e-05
1.96068,2.0011,7.5629,5.77199,-5.79722e-05
2.28791,1.69317,35.2485,3.99956,0.0123603
3.4823,2.20139,15.8678,9.57089,-6.05784e-05
2.13265,2.299,17.3561,10.6579,-5.18644e-06
3.44951,2.73968,4.79919,9.38257,-1.50509e-05
2.18461,1.1849,36.1496,8.04778,0.184433
3.98224,2.93897,11.5779,3.98657,-1.65112e-05
3.73471,4.16145,6.08676,3.90377,-6.17513e-06
3.64508,3.06128,20.0199,5.13014,4.61154e-06
4.04195,1.15437,11.32,3.23323,-2.26798e-06
4.85038,4.86472,34.0687,3.78574,0.0227962
3.83802,1.51385,15.2092,5.40531,-0.00022499
2.02328,2.5432,20.1727,4.88867,1.55105e-05
1.20652,2.42859,25.5197,3.41356,5.15215e-05
2.29402,4.83772,34.7905,2.5299,0.000298742
2.27766,1.54528,22.6818,10.6859,1.89985e-05
3.7124,4.29789,38.3204,2.61118,0.00042346
3.679,4.19273,16.6096,7.73249,-0.0010343
1.77589,2.4988,35.1945,11.702,5.0306e-05
3.13962,1.34462,32.4694,3.10198,0.00174448
1.78033,2.78028,28.3718,8.43578,0.0118173
2.10336,4.56015,5.00939,3.91802,-3.14092e-06
3.37343,1.75054,6.79729,7.27922,-0.000254621
3.1336,3.54322,13.5827,11.1065,-1.44913e-06
1.20316,1.39132,13.193,2.97123,-4.92434e-07
4.2463,3.95533,1.63484,9.40375,-1.31037e-05
4.36156,4.72757,28.0316,5.60563,0.0285294
1.20859,2.25126,31.7869,4.76812,0.0171009
4.6267,3.45315,4.42872,9.16347,-2.85489e-05
1.77678,1.96344,15.1149,10.7326,-2.59875e-06
4.16119,2.03221,5.23008,3.97784,-5.85798e-06
1.07604,1.82042,15.807,4.92988,-3.80861e-05
2.55259,3.61073,2.25559,4.43531,-6.41659e-06
4.06766,1.18419,30.1671,10.3529,0.00253037
4.03751,1.9216,24.6418,4.7452,0.0013064
3.50357,3.54137,17.1641,8.20686,-0.000565148
4.77285,4.08167,35.0442,4.18577,0.0461862
4.23352,1.83057,35.3864,3.70547,0.01323
1.57398,4.76521,13.1584,4.88646,-4.24375e-05
2.31237,4.24873,10.9146,7.57261,-0.000303089
2.78691,1.58916,10.0438,4.86632,-3.20233e-05
3.12959,4.36369,24.769,5.73476,0.00523854
4.54598,2.49372,15.3138,8.287,-0.000480344
1.22378,2.52397,18.4368,8.30068,-0.000147791
2.98461,2.75273,14.9502,3.96797,-2.11603e-05
2.07527,1.70341,4.59975,7.20135,-0.000124648
2.24818,4.48051,17.7577,3.76545,-1.61964e-05
4.67937,2.42443,21.5143,11.8876,5.06505e-08
1.09252,3.44294,9.18343,4.37429,-6.34879e-06
2.51651,1.14055,33.5207,6.05773,0.23346
3.30381,4.40633,10.3834,6.32813,-0.00035757
1.99028,4.06638,21.2407,3.75065,2.15714e-05
4.10816,3.67977,16.0721,10.1874,-2.76551e-05
1.39345,4.10141,3.50893,4.01537,-2.01588e-06
2.81671,1.16741,22.8694,3.93064,8.56066e-05
2.27088,2.17995,21.049,5.31996,0.000225499
2.69486,4.80567,23.6451,4.00427,0.000206273
4.22715,4.66287,35.8544,11.71,0.000129366
2.86202,1.93687,18.6148,11.1404,-1.48962e-06
1.05864,3.8552,29.4925,3.82603,0.000923858
1.68312,3.67945,23.6666,5.19419,0.000832754
3.86672,4.45147,35.1381,3.61244,0.0125572
3.79069,3.40669,15.6119,8.79242,-0.000232337
1.32342,3.94484,39.2018,7.11125,0.184375
1.06204,4.49319,1.80736,5.24607,-8.99042e-06
1.69073,4.51224,18.0699,11.2085,-9.81006e-07
3.98124,1.59524,27.1967,4.72359,0.0036411
1.73915,1.70482,3.57369,9.3529,-5.83543e-06
1.64938,1.04726,25.1383,6.08385,0.00310963
3.82731,1.92634,12.5613,2.36989,-1.2953e-07
4.03488,3.79364,29.5363,5.85886,0.0818999
2.92496,2.74586,23.9207,9.21639,0.000826015
2.69655,2.3263,18.4776,3.65922,-1.2042e-05
1.93162,3.69723,7.657,10.3583,-2.301e-06
1.71801,3.03603,2.55351,9.35006,-6.08172e-06
2.14894,3.75261,35.5344,8.79727,0.100315
2.85949,4.13514,9.7407,7.95259,-0.00019902
4.78698,1.11084,36.0985,6.66128,0.881132
4.17488,1.70928,3.67223,10.0938,-3.93808e-06
1.65021,1.11875,6.4066,8.84357,-1.44443e-05
2.33115,1.07399,29.1154,11.4831,2.54433e-05
4.24919,2.85878,1.24866,7.61313,-0.000126565
4.74778,3.67592,23.172,2.64201,8.27828e-06
1.63212,4.94762,15.1835,5.98213,-0.00027445
1.38235,3.34316,29.6946,9.55295,0.00403184
4.11194,4.36526,39.5437,9.22979,0.0335839
2.26678,3.83506,37.8968,11.4385,0.00024194
2.98029,2.45142,1.56488,7.50974,-9.91363e-05
1.11622,4.565,17.0671,5.85883,-0.000204281
1.54689,3.15846,6.57455,2.93857,-2.61686e-07
4.7619,4.2472,31.2329,7.72135,0.443116
3.07513,1.74521,18.3835,7.16299,-0.001234
2.85472,1.81647,39.7928,8.7131,0.0336357
1.20197,4.3226,13.5427,3.26533,-1.62783e-06
4.73898,3.28539,20.9435,3.42826,1.76512e-05
2.18562,4.80375,34.7698,11.3339,0.000512022
1.92292,2.15455,28.2665,4.87482,0.00427601
4.92251,4.94071,10.5229,10.7487,-3.93417e-06
1.23366,2.13146,32.127,5.6092,0.0639766
4.99313,1.9226,9.027,5.5843,-0.000142675
2.21523,1.90131,26.3877,9.27084,0.00148469
2.37199,3.95087,3.43939,4.64887,-9.93391e-06
1.64093,1.56244,1.44867,2.47477,-1.8884e-08
4.02885,2.78349,36.6727,4.49441,0.058003
1.93477,3.11423,25.6616,5.86174,0.00516247
3.62865,4.80243,6.56103,5.185,-5.2961e-05
4.73271,4.02389,12.6776,7.43805,-0.00096034
1.84058,3.66559,20.9337,4.14889,2.96133e-05
3.01467,3.50272,37.6345,5.32789,0.132869
1.23596,1.29246,1.93918,6.53337,-3.57908e-05
3.06118,3.33363,11.5887,7.72331,-0.000359897
2.60906,4.235,39.8303,11.3389,0.000157356
3.34876,2.89718,38.8284,6.84618,0.513364
2.63542,4.51794,34.5545,9.54686,0.0410011
2.24092,1.26519,9.79848,10.7354,-1.10746e-06
3.60597,3.36923,25.825,3.151,9.98267e-05
3.5695,4.9095,13.3815,7.43748,-0.000850776
3.46925,1.74027,27.9983,4.42466,0.00305876
4.65704,4.83755,15.4512,2.72842,-1.79863e-06
4.6373,1.21114,32.9261,4.25996,0.0318892
1.11396,4.7535,17.3174,7.53399,-0.0004233
4.48368,1.19007,16.5863,5.36514,-0.000274636
3.64517,3.1069,7.55508,5.89564,-0.000142401
1.54153,2.18654,2.91411,4.10254,-2.07196e-06
2.8963,4.67697,33.1092,3.46369,0.00643137
3.69722,3.81989,7.7688,5.31618,-7.37024e-05
3.64606,2.9358,8.31271,7.46534,-0.000329339
4.37025,3.05348,3.43521,8.02256,-0.000107367
1.51789,1.66307,2.71305,2.106,-7.24283e-10
4.0904,2.41234,13.4294,5.20784,-0.000157334
2.41046,3.20106,27.5105,10.0872,0.000796678
1.39198,4.5451,2.38597,11.6736,-9.86316e-09
4.73463,1.4268,31.6297,11.1728,0.00086065
1.21026,4.60219,35.6804,5.0718,0.0487974
3.80072,2.8339,13.5176,2.19676,-4.07938e-08
2.42186,2.09345,12.1584,8.80736,-6.9908e-05
4.25548,3.41089,9.30113,2.45837,-1.6542e-07
2.7421,4.74913,18.3341,8.24552,-0.000419587
4.28253,1.44611,3.51495,3.55992,-1.82965e-06
3.06275,1.56987,20.1949,2.27854,2.05151e-08
4.28003,3.10919,26.2479,2.20184,1.74328e-06
2.82836,2.38946,35.8483,10.0286,0.0162108
1.5346,1.12997,11.485,10.0242,-4.36486e-06
2.7301,1.96357,35.6541,11.5306,0.00021023
3.55068,1.9681,15.8076,8.54148,-0.000270897
4.68964,2.40399,10.4563,9.18949,-6.09117e-05
2.65625,1.83304,4.13391,10.6215,-8.91602e-07
2.89634,3.57261,11.8997,2.79049,-7.10477e-07
4.16376,3.84265,2.71,2.79977,-2.81585e-07
2.21894,1.56434,23.6419,2.20739,2.53369e-07
2.87204,3.50192,9.45257,6.08527,-0.000193057
3.26583,1.69555,38.5233,7.88959,0.220201
2.48673,1.19773,20.6281,7.11472,0.000692873
3.96946,4.79388,6.83684,3.99227,-8.84807e-06
1.6113,4.31354,22.9743,11.2562,3.91033e-06
1.91451,3.16529,39.3982,6.14519,0.100189
4.66523,2.76714,36.7232,10.1089,0.0229597
4.44814,1.58638,32.1879,10.0285,0.0169434
3.62206,3.38219,31.8806,4.48496,0.0379858
4.79289,1.93683,3.50037,3.98395,-5.3582e-06
2.83705,3.07474,21.9347,3.36101,2.14041e-05
3.51559,4.55049,17.341,5.81797,-0.000619865
3.14443,2.29775,20.8384,10.0998,2.49506e-05
1.3429,1.37363,10.3497,5.31013,-2.88446e-05
3.19466,1.74933,6.30446,11.0712,-4.2298e-07
2.19666,1.49632,13.0997,4.07871,-1.12818e-05
3.36038,4.738,2.48997,4.44187,-9.26634e-06
4.23835,1.81327,39.0794,2.55359,0.000201012
1.01863,4.62878,16.5872,8.56931,-0.000103144
2.81005,1.15106,9.21523,11.8239,-8.35275e-09
4.13493,2.99344,13.3387,6.71639,-0.0010407
3.45483,3.29292,38.2388,4.07116,0.0167652
2.05333,3.67029,35.9628,10.4581,0.00548582
4.18827,4.83635,31.327,3.26881,0.00327926
1.45763,1.75217,24.6018,8.60125,0.00114863
2.73359,1.83137,29.6247,3.35057,0.000752348
4.22286,1.7663,24.5792,7.1208,0.0189015
1.758,4.74043,19.96,11.8201,-1.16268e-09
1.46021,4.56441,21.2303,2.93091,2.14621e-06
3.99394,2.8567,37.7637,5.17931,0.131087
1.22813,4.77516,32.3638,9.44803,0.0182558
4.42597,4.25746,2.14426,6.92049,-0.000283832
1.15457,1.05592,7.44783,7.06806,-9.60449e-05
3.27888,4.47832,5.00985,7.60363,-0.000174703
4.35681,1.64095,21.3598,8.20452,0.000998388
4.14368,3.89852,7.68558,3.18102,-1.70876e-06
4.04197,3.65262,5.76942,4.01749,-7.72158e-06
2.6146,2.49508,11.8328,9.71598,-1.84622e-05
2.36123,1.86314,7.94094,4.10379,-5.96189e-06
3.93531,4.43641,4.81979,11.3415,-2.1257e-07
4.63649,4.71846,20.7108,11.1204,3.05672e-06
4.04214,2.12112,29.384,8.46713,0.0424846
1.33187,1.65269,26.9196,4.99569,0.00162368
1.32988,3.66793,20.4081,8.03189,0.000118901
4.68256,3.42489,11.9967,2.0276,-6.71287e-10
2.42848,1.42798,23.6125,8.13449,0.00212111
3.41883,2.23227,17.7213,6.96664,-0.00184503
3.25477,3.76474,17.0324,5.65003,-0.000440008
1.29295,3.03807,11.0155,11.8325,-6.46403e-09
3.59367,4.85294,35.2881,6.59344,0.975993
1.20751,2.4237,23.189,3.18669,1.0891e-05
2.26961,3.86202,30.9719,8.28882,0.0905765
1.72209,3.15549,3.73694,7.75671,-6.0655e-05
1.4278,1.90799,29.0544,9.33161,0.00346533
3.75362,2.84746,38.0142,7.41261,0.639938
4.24126,4.93486,15.0409,11.8884,-1.97742e-08
2.87247,2.88243,24.3289,3.99556,0.000259512
3.78684,2.62043,21.7089,8.93115,0.000507113
1.69907,4.30274,24.4314,10.2129,0.000117093
4.61413,1.98698,27.2115,3.77034,0.000867125
4.13327,3.18211,4.82126,6.04311,-0.000132824
1.4427,2.10525,5.3575,2.95637,-1.94498e-07
2.11172,1.41688,22.855,10.2626,4.74241e-05
4.38307,2.93065,13.7714,2.8832,-1.93889e-06
3.4967,1.50938,37.7778,3.27565,0.00297585
3.69254,2.99332,6.11357,7.91396,-0.000146553
3.7058,1.95388,2.86223,6.50984,-0.000137413
4.35918,3.19324,17.9366,5.31279,-0.000364813
2.56078,1.11666,28.8772,8.01379,0.0274939
4.75928,3.9076,5.4714,7.68287,-0.000240314
4.55765,1.62888,11.5092,5.73364,-0.000221513
1.09785,1.40699,9.41281,2.87829,-1.80045e-07
4.75395,2.48319,14.0009,2.99928,-2.98919e-06
2.79267,2.99525,4.02149,8.66618,-3.22179e-05
3.38654,2.15651,9.94055,2.9039,-7.65318e-07
3.39267,3.61509,11.8093,3.52653,-6.04422e-06
3.96033,3.30711,29.6497,9.20634,0.0194171
3.68052,4.78171,13.4211,11.2072,-1.25562e-06
2.94884,1.73894,11.3511,2.08661,-3.24705e-09
4.94379,2.59712,6.87055,7.6412,-0.000288122
3.96153,1.22401,14.3116,6.09585,-0.000434276
4.87684,3.63114,35.3999,11.9906,1.12294e-07
2.46474,2.43963,1.61805,9.84432,-3.21531e-06
2.78646,2.90452,31.0132,10.437,0.00327338
3.53339,2.04777,7.97407,7.10418,-0.000400346
4.70672,1.28393,36.3171,7.43361,0.829205
1.5185,4.017,3.88396,6.42662,-7.07386e-05
1.89085,4.86809,32.8677,11.9318,2.35095e-06
1.49846,2.23134,25.1149,11.392,4.57981e-06
2.12821,4.21723,12.6979,11.2596,-5.18508e-07
2.40675,2.31672,19.6797,9.18883,-2.59261e-05
4.71964,2.56686,14.4032,11.2545,-1.40954e-06
2.11086,3.89553,9.16611,3.32403,-1.55803e-06
2.88015,3.62035,25.5889,4.37923,0.000921736
4.38547,3.46345,16.4617,5.9121,-0.000764429
3.07061,3.05483,3.81859,3.28118,-9.10827e-07
3.4771,4.7207,37.0239,4.48243,0.0527883
4.7527,1.97609,7.06551,2.50063,-1.41278e-07
4.11035,3.40087,39.632,3.99512,0.00819911
1.25997,1.79871,37.7043,2.21667,1.23668e-05
3.38685,2.0632,24.5736,5.17085,0.00203935
3.65392,1.04731,34.5188,9.77419,0.0241537
2.76112,1.98281,32.6875,6.27833,0.370426
3.03313,2.12413,17.3288,9.22401,-0.000105591
1.64128,2.63596,35.2794,8.95082,0.0565887
1.6286,2.5908,29.2857,11.6485,1.07785e-05
2.34558,4.50972,28.1095,4.25952,0.00213786
1.60764,4.55102,19.3224,4.42799,-2.09789e-05
2.5913,3.03956,31.5732,4.88321,0.0430185
1.61077,4.70599,4.57188,9.7069,-4.50016e-06
4.49953,3.54103,9.60774,9.3289,-4.54693e-05
2.1392,3.54659,21.0769,2.99144,3.05806e-06
1.79812,2.85046,27.1764,7.10328,0.0301932
3.6643,1.10779,21.1908,9.93642,4.51654e-05
1.21895,3.87126,8.32343,3.85473,-2.49231e-06
4.26825,2.62041,39.4954,4.76822,0.0318223
2.53646,2.3833,22.5904,8.14111,0.00162486
2.16711,1.54702,32.0063,3.98581,0.00786441
2.22868,1.55746,27.0326,3.36723,0.000146095
3.34581,3.60996,22.6108,4.47318,0.000337697
4.48373,1.11194,31.5576,3.33002,0.00290852
3.94116,4.90743,34.3497,8.63966,0.240342
4.4963,1.78084,18.8137,2.95753,-2.84817e-06
1.24794,2.54793,33.737,4.76554,0.0276154
3.38719,4.42282,13.5101,9.48727,-5.36233e-05
1.44033,4.40107,24.2307,3.11316,1.93433e-05
1.35347,3.06958,26.2605,8.22534,0.00421126
3.2298,3.52732,17.0516,10.4521,-1.38521e-05
1.04627,1.98504,31.7704,5.19638,0.0264126
3.30854,4.83647,21.972,5.50812,0.00111308
3.80209,1.60259,9.79968,4.31806,-1.75781e-05
2.69029,4.7138,27.8633,5.10654,0.0081729
2.63563,2.97989,15.1028,4.61371,-5.95369e-05
3.62551,3.57238,20.661,10.5863,8.81302e-06
1.96937,2.05422,11.8022,11.7728,-1.96028e-08
3.05111,1.53659,29.4362,9.93112,0.00311361
3.67482,2.01615,8.29488,5.34901,-6.98529e-05
4.55867,3.63708,27.9401,4.65093,0.00693545
4.46444,2.94485,16.1156,10.5046,-1.47378e-05
1.7136,1.43702,19.5697,5.82221,-8.10365e-05
2.06775,1.95107,13.6647,3.66548,-5.79071e-06
2.30468,2.70331,27.1068,10.1722,0.00050621
2.12753,1.43429,37.012,8.53621,0.0978125
1.69304,1.18531,30.5459,11.9804,4.03235e-08
4.11946,2.50242,39.7516,5.89785,0.121879
1.01693,4.72282,4.59286,6.31658,-4.73033e-05
3.92183,4.93206,25.8104,9.54985,0.00165032
3.1638,4.82447,3.91402,9.33646,-1.49526e-05
1.64236,4.76947,9.6105,9.19311,-2.16979e-05
4.17721,1.82757,2.04006,10.5996,-1.13412e-06
2.61151,2.23915,28.6571,4.93831,0.00801694
3.59495,2.38288,23.5981,5.8662,0.00374026
1.44472,3.29718,32.781,9.37013,0.0249836
2.2569,2.21257,1.65216,8.57548,-2.0135e-05
2.19626,2.75585,31.1587,7.07129,0.358963
3.08583,1.07712,39.4257,7.03382,0.265035
3.40437,4.04378,4.77772,5.2989,-4.4202e-05
3.28458,1.71977,23.7481,4.10042,0.000239582
3.32335,4.84061,25.887,11.2365,3.11095e-05
2.27414,3.50517,3.01374,8.72556,-2.20831e-05
4.11219,3.50665,23.9868,4.25437,0.000536866
3.66746,2.70367,22.9179,9.78982,0.000257781
1.5432,1.70989,27.9248,2.28216,2.51094e-06
4.34267,3.15814,7.12658,7.01221,-0.000539567
2.78496,4.60486,32.4184,7.03291,0.905636
3.27707,3.56746,5.17662,2.01818,-7.24066e-11
2.93337,2.00167,12.1773,4.96619,-6.05072e-05
4.56339,3.02061,3.26827,9.00105,-2.99014e-05
1.89354,1.36242,15.4308,7.47754,-0.000428233
4.03383,2.40782,36.6263,10.925,0.00298451
2.94848,3.67118,28.3803,5.08486,0.0109162
4.10341,1.20588,24.8038,8.48413,0.00353136
4.67602,3.601,26.6747,3.20456,0.00022221
1.52859,2.96418,39.9461,8.19835,0.0373484
1.41386,3.03488,22.2237,2.94262,4.14887e-06
2.25987,2.53318,27.5382,7.46432,0.0300638
4.65116,2.81407,33.2534,3.63312,0.0136263
4.77776,2.69772,4.93408,2.06489,-1.27412e-09
2.07459,3.28983,31.0768,9.98109,0.00648605
2.47934,4.46262,20.6732,9.50367,5.13348e-05
4.03347,1.79426,8.08755,10.076,-7.35449e-06
3.4268,3.23766,18.7063,2.64179,-9.04712e-07
3.86265,1.94057,32.3014,9.16753,0.0696022
3.12495,2.69395,7.47487,6.1739,-0.000162284
3.6032,3.81233,9.58122,5.39623,-0.000105371
3.39347,4.35169,11.6435,6.12324,-0.000356169
3.53106,1.68565,11.1638,6.56062,-0.000433058
3.74335,4.52898,1.32436,10.255,-2.49802e-06
1.31099,3.67945,36.0085,7.793,0.217911
1.29896,1.90948,5.40872,5.61027,-2.27411e-05
4.37397,2.66583,12.5129,11.2886,-8.33737e-07
1.72338,1.62603,33.5225,11.4073,0.000217679
3.64061,2.9951,25.9299,4.31702,0.00116479
1.4243,4.30734,28.9151,10.8605,0.000189936
1.06389,1.99642,32.273,3.49435,0.00170617
3.29962,1.67727,37.5896,2.36191,0.000105099
3.14451,4.68106,37.1925,5.16587,0.130449
3.10617,3.94729,5.11709,9.64391,-1.00459e-05
4.97981,3.72096,13.0514,2.81824,-1.65519e-06
2.31966,1.29972,36.0449,10.4033,0.00501139
1.78077,1.46441,37.9418,11.8074,1.14927e-05
1.52134,2.91081,31.9211,4.84519,0.0275111
4.91378,1.03958,10.8517,4.76662,-4.59575e-05
4.0441,4.38423,25.3469,5.17745,0.00411665
2.85465,3.54192,27.9254,5.79248,0.021153
1.82384,2.70625,33.6865,7.92427,0.239008
2.89796,3.00703,12.8296,4.28163,-2.54495e-05
2.50072,3.92716,21.0359,10.1735,2.5224e-05
4.37649,2.03153,36.8976,8.19179,0.362266
2.37739,1.39279,7.61017,10.196,-2.89909e-06
3.56815,2.93204,32.3634,8.68007,0.149013
2.13473,4.04685,21.6989,10.1323,4.29568e-05
2.55312,2.28553,39.0403,6.85102,0.327312
4.03904,2.482,33.3261,7.52869,0.794029
1.90881,1.3813,14.9075,4.95514,-5.44019e-05
2.55221,4.45269,18.7692,9.37648,-6.83358e-05
2.24711,1.98922,11.2531,7.52208,-0.000270883
1.61196,3.18141,39.1821,4.17413,0.00572238
4.67915,3.38556,17.2136,3.76053,-3.13809e-05
4.52703,4.8134,12.6297,6.15698,-0.000596306
2.35167,3.10086,23.8404,10.3922,8.12661e-05
3.50482,4.90493,21.7288,8.71538,0.000740141
4.56595,2.73772,20.051,7.78715,5.823e-05
4.69874,1.53949,19.9032,7.86817,-8.23083e-05
3.83461,1.71967,2.79909,3.70299,-2.16826e-06
1.44486,2.2493,37.8965,7.48438,0.222659
4.50351,3.04604,13.4223,6.52783,-0.000943366
3.03942,3.38372,4.78244,7.7006,-0.000132959
1.4167,1.96029,10.9525,8.94309,-2.69284e-05
3.61112,4.73121,7.21149,6.96454,-0.000482256
4.63409,2.8255,32.5116,2.36248,0.000179504
4.6481,1.96015,20.4176,9.03238,9.47597e-05
1.06527,1.54282,2.80883,10.4369,-4.30387e-07
4.57612,2.58858,2.64818,10.5705,-1.5979e-06
4.43915,3.57325,29.1942,2.09349,1.65413e-06
1.20854,4.44848,32.3745,3.62113,0.00322985
2.28075,2.99426,15.0422,8.59533,-0.000161676
3.64592,2.66494,39.4314,7.08191,0.41681
4.23539,4.31026,37.0051,8.16616,0.43191
1.54879,2.10555,15.6991,11.7679,-3.19772e-08
2.56287,3.88645,23.9658,6.11868,0.0047821
4.65151,3.87701,3.2915,8.45557,-6.86803e-05
4.67518,3.89633,1.04741,8.37808,-5.81372e-05
1.53188,4.47277,14.5065,8.43955,-0.000132648
2.00651,1.07297,13.6185,10.6672,-2.07128e-06
2.54898,2.93958,32.2902,10.8264,0.00211949
4.98756,2.89741,24.7633,11.532,7.32678e-06
1.28896,3.8924,36.3001,5.91786,0.15226
3.8518,4.6235,5.77471,10.4048,-3.32684e-06
4.17895,2.60733,18.3509,8.69285,-0.000309822
2.9022,1.44924,2.62749,10.7509,-5.37217e-07
3.19336,4.85274,17.6053,4.23241,-5.60954e-05
3.03343,4.71018,23.6534,9.4776,0.000570071
3.29674,3.04747,22.178,4.39371,0.000220402
2.99621,4.24344,32.7906,8.0766,0.328477
2.05537,1.96577,25.1636,11.1874,1.33619e-05
4.99023,3.51663,7.44249,11.4729,-2.08893e-07
4.03548,2.05765,7.02525,11.4968,-1.22439e-07
3.38275,1.58442,6.50949,2.75942,-2.53031e-07
3.23742,4.9585,4.21977,11.8191,-7.82144e-09
1.01413,1.10805,25.6029,7.84982,0.00259169
2.78395,3.25959,31.4599,11.4107,0.00024553
2.09649,1.56861,39.627,10.0322,0.00314941
3.89146,2.72912,19.7708,3.19023,-1.42548e-06
1.40704,2.7392,8.75744,8.96044,-2.03743e-05
1.22218,3.92189,19.7197,2.3097,-1.72253e-08
3.82246,3.33025,6.57911,4.45238,-1.70988e-05
1.63909,1.12708,36.4569,9.14974,0.030142
1.29162,4.5375,25.1564,3.90702,0.000154162
4.45295,3.43151,32.7332,2.00671,4.58478e-08
3.8834,2.52534,32.9111,10.9481,0.00257941
2.0637,4.9759,12.5727,8.6958,-9.19027e-05
4.56968,3.3981,28.2981,8.09466,0.0471053
2.45674,4.61147,5.10312,6.63846,-0.00017373
4.79661,1.45242,39.9552,4.71446,0.020412
3.70002,2.28937,27.8596,4.72296,0.0053573
2.69418,3.01963,38.3802,9.03055,0.0518681
2.36416,2.26445,12.6882,8.39706,-0.000133232
3.14834,4.565,11.9991,4.93689,-7.42118e-05
3.12181,3.47616,20.5035,4.41235,3.85863e-05
1.66485,3.77293,6.87675,8.64031,-3.08773e-05
2.61042,3.4929,35.1658,3.42691,0.00535015
1.97059,4.27408,22.6711,5.66238,0.00118273
4.34381,1.53489,12.1577,7.73402,-0.000437513
3.79236,1.5259,3.21287,2.93524,-3.2303e-07
2.02407,1.22496,39.8506,11.4929,4.16294e-05
4.25997,4.07401,35.0976,3.79149,0.0196779
1.4711,4.02755,11.9336,7.73692,-0.000188019
1.31625,1.77202,16.4052,3.24602,-2.14006e-06
3.10129,4.63435,25.3978,6.19317,0.011938
3.85091,3.67154,32.9791,10.3097,0.0130833
2.89521,2.35768,36.5189,7.12949,0.868422
3.16518,3.91082,7.78337,10.7321,-1.65404e-06
4.05136,4.57395,24.9837,2.70957,2.08929e-05
3.61976,1.57814,10.2403,11.3389,-3.26661e-07
4.40501,3.25676,11.8909,11.3639,-5.90446e-07
4.67597,1.55602,10.4959,7.81787,-0.000325465
1.2028,2.24284,34.8993,10.8459,0.00111798
3.10377,1.73957,13.3247,8.24081,-0.000218585
1.76586,4.30421,6.01167,8.42031,-3.98904e-05
1.05059,1.03679,24.011,10.2012,3.89561e-05
2.62283,1.08611,4.94799,5.18729,-1.93758e-05
3.04209,1.17342,1.25946,11.8634,-1.80213e-09
1.11645,4.54846,25.9521,4.30024,0.000383294
2.32449,1.47811,25.3075,6.98056,0.0146399
3.21319,3.40062,30.589,2.76853,0.00035637
4.54044,3.60638,31.1425,9.70667,0.0245028
4.49398,3.33906,3.85951,5.07368,-3.62278e-05
1.87281,1.47869,10.2807,5.70388,-6.89321e-05
4.81191,4.2757,11.933,7.661,-0.000678376
1.76413,3.71678,27.0418,5.83391,0.00890188
1.4165,2.70141,7.8068,8.14895,-5.24262e-05
3.31299,1.21417,16.0769,10.8255,-3.67907e-06
1.37034,4.85476,13.2101,5.58445,-9.87735e-05
1.11377,2.57897,36.3222,3.60599,0.00310087
1.66362,4.51376,3.78456,8.82482,-1.63212e-05
3.97761,3.24001,12.0755,6.14516,-0.000433304
1.81199,1.63882,21.1754,5.7513,0.000328992
1.21081,2.55384,10.9925,11.4464,-9.17488e-08
2.71233,2.20617,12.1399,8.16758,-0.000184452
4.82311,1.07321,10.6158,8.89468,-7.26848e-05
2.40336,2.57806,33.4642,10.9585,0.00166121
2.82916,1.11448,3.01063,8.97348,-1.31061e-05
2.16968,2.48736,10.3699,3.60588,-3.29352e-06
4.50345,2.80791,32.4192,2.24099,6.66525e-05
3.44833,1.78835,38.9882,2.50486,0.000135959
4.83176,2.16242,2.75919,10.9224,-6.67467e-07
2.82796,3.51517,16.0803,6.53038,-0.000962044
4.92186,1.50557,33.1065,3.0362,0.0026987
2.79192,4.82466,36.8658,11.2395,0.000880085
3.63949,3.25265,26.3423,2.48323,1.18043e-05
1.51924,1.39638,16.8893,9.78256,-1.77163e-05
2.33257,3.2854,4.34504,5.7949,-5.238e-05
4.54127,2.83577,22.0637,6.40382,0.0042922
2.26216,3.4133,18.0581,4.56117,-6.24714e-05
4.60215,1.98772,16.2553,3.61006,-1.77293e-05
2.35839,1.4782,1.50139,3.11743,-2.72075e-07
2.63644,2.8818,23.1194,9.21834,0.000527409
1.7799,2.10128,38.1495,3.00711,0.00072172
2.62198,2.50448,5.72012,5.95678,-8.04907e-05
4.75288,4.29792,34.4521,11.777,7.95524e-05
3.50737,4.50955,1.42371,4.84072,-1.58005e-05
1.6167,3.64905,28.1025,4.73238,0.00304584
2.68627,1.78715,9.96637,5.85246,-0.00012175
4.39261,1.55368,10.3854,4.55937,-3.28421e-05
1.05155,2.17879,33.2853,3.91705,0.00507984
3.62691,4.02727,26.9917,11.2005,6.18979e-05
2.48135,1.1742,17.2205,8.44971,-0.000203815
3.06021,1.56465,10.9216,10.3702,-4.57471e-06
1.88551,1.52287,20.8202,4.86393,6.42917e-05
3.26347,3.4007,33.4871,10.5486,0.00685298
4.17939,2.22293,30.7841,3.60872,0.00440775
2.16167,3.35569,31.5125,10.3334,0.00426695
2.50691,3.68788,28.7812,7.40558,0.0761437
1.39105,3.81053,18.4078,2.25602,-4.58507e-08
1.40589,3.26968,12.7553,9.3597,-2.24374e-05
3.42338,1.90496,8.13407,10.5605,-2.3375e-06
4.55201,4.53695,1.86012,8.38302,-6.38089e-05
1.83069,3.12962,19.3132,9.98734,-1.0779e-05
2.37701,2.54576,38.3865,11.8287,1.19044e-05
4.1599,1.55432,18.1467,7.25665,-0.00151545
4.86325,3.26137,10.3945,6.36054,-0.000513634
4.98017,3.00683,39.6447,3.49308,0.00344192
1.69865,3.2886,9.71135,9.76858,-8.30599e-06
1.27137,4.40074,1.0503,6.62471,-5.2832e-05
4.79221,4.23932,30.6345,11.2113,0.000613696
2.33516,4.38825,14.8437,4.90364,-8.56453e-05
4.19748,2.77197,16.5129,2.31457,-2.09418e-07
4.18769,2.12809,20.1514,2.74852,2.72888e-07
2.76072,3.45115,33.0829,4.57833,0.046686
1.70391,3.80373,24.1198,7.55521,0.00490671
2.94214,3.89188,21.3135,6.40741,0.00170665
1.27532,1.04543,2.33868,2.24454,-2.90262e-09
1.86747,3.4699,39.0926,4.65292,0.0158112
3.23207,1.48256,35.6461,7.27298,0.728503
2.62371,2.65582,15.137,8.34178,-0.000255473
2.2824,1.65449,11.4937,4.12278,-1.00062e-05
2.64511,1.88669,12.9298,9.31118,-4.00812e-05
2.79727,2.22202,35.2085,7.11475,0.858851
1.83901,2.17406,39.5293,5.6561,0.0440317
2.02895,2.60668,9.99446,8.79398,-4.45185e-05
4.46827,3.15771,11.2917,10.916,-2.38092e-06
4.69313,2.88921,7.61279,8.9481,-5.91521e-05
4.03648,1.43158,35.3721,6.82126,0.990513
3.08694,1.11534,5.17235,3.48477,-1.23655e-06
4.09853,4.19438,23.5327,4.79606,0.00109882
4.73692,4.76096,28.0641,4.0976,0.00319425
3.57936,4.73097,28.977,10.7701,0.00063708
3.56583,1.19361,36.8299,7.70206,0.433451
1.38326,1.19935,33.7224,7.8756,0.143618
4.64033,2.12681,9.54281,3.21063,-2.33939e-06
3.8587,1.22641,5.13522,6.85407,-0.000230372
4.35951,3.81813,14.0425,4.95083,-0.000144967
2.2237,4.94834,37.0733,6.24652,0.376646
4.94679,2.33379,25.8975,9.03677,0.00404166
2.27316,2.32623,9.09424,9.369,-1.78587e-05
4.87662,2.61279,7.84858,2.88814,-8.05755e-07
2.0274,4.11632,11.3314,2.72671,-3.70061e-07
4.17927,2.17434,16.0874,2.30528,-1.71626e-07
3.06273,4.95613,17.1737,9.06291,-0.000165036
1.11585,4.10696,12.5292,4.11552,-7.43794e-06
2.02046,3.86263,17.7135,5.8467,-0.000357952
3.80314,1.50122,19.8177,11.6206,-4.3375e-08
1.50836,2.59062,19.0852,8.4201,-0.000116564
3.56014,4.68355,34.4403,2.91236,0.00196625
3.47252,1.06744,36.9155,9.49129,0.034964
1.53613,2.15433,5.83526,7.50042,-8.57358e-05
4.45321,1.47038,3.20059,5.48304,-4.48911e-05
1.38246,2.87799,22.9317,5.96485,0.00126089
1.60298,2.08313,35.4487,5.96473,0.172641
2.84639,4.64854,31.1382,9.39089,0.0271151
2.14103,2.74362,37.1244,8.90352,0.0724871
4.5261,1.30604,13.3698,9.68677,-3.48252e-05
3.02207,2.73848,15.325,2.00099,-9.13789e-13
2.58691,4.43022,8.58093,4.9314,-3.46791e-05
3.65514,4.79304,19.4821,7.77738,-0.000459372
1.84853,3.76271,2.4173,11.1856,-1.26227e-07
1.98759,1.50583,18.1703,4.6994,-5.22474e-05
4.84634,3.13156,1.50465,10.5273,-1.70793e-06
3.3274,4.92082,22.207,3.64087,6.12851e-05
4.45993,2.23454,8.95328,4.05762,-1.27995e-05
3.00227,4.50078,11.4873,2.98152,-1.32725e-06
4.61315,1.37326,27.7054,4.39884,0.00304608
3.69683,4.78078,10.1353,10.1274,-1.07826e-05
4.89257,1.99896,30.3913,6.31848,0.241789
3.76385,4.02446,36.6509,3.79725,0.0169166
1.54108,2.85254,20.5908,3.90439,8.77442e-06
4.49282,4.61859,18.0855,3.65401,-2.51942e-05
4.05908,2.71251,4.92881,8.79948,-4.27586e-05
4.21198,2.81578,22.6172,4.49852,0.000418934
4.32771,1.77056,10.7719,9.1916,-5.338e-05
2.25588,2.5342,11.2224,3.89848,-7.16415e-06
4.24814,1.77626,34.3705,10.6867,0.00546967
2.96774,1.34574,22.1984,7.00949,0.00440126
2.05006,1.95522,24.5082,10.6644,4.43509e-05
1.08653,1.33762,15.5909,5.55896,-7.89541e-05
4.92942,4.18973,1.88739,9.56576,-1.21941e-05
2.58368,1.19229,7.55944,4.53252,-1.07176e-05
4.04451,3.96954,25.9694,3.5888,0.000350619
1.72127,2.87633,10.3275,4.00389,-5.96354e-06
4.39689,1.96802,32.7574,5.85238,0.359587
2.10325,2.01678,24.1617,7.09864,0.00846307
3.73102,2.43235,30.5025,8.74706,0.0550327
3.10942,2.8898,11.0099,3.60829,-5.48696e-06
3.48132,2.24046,38.0316,6.81562,0.701292
4.85684,3.58191,30.3743,11.2113,0.000514523
3.5832,2.70108,5.45558,8.01507,-0.000112121
1.46822,2.58231,24.218,5.13966,0.000780044
1.25787,3.60195,13.9958,8.40326,-9.99358e-05
2.84112,3.78046,2.54045,10.9013,-4.68355e-07
2.66145,4.78385,30.0518,9.38469,0.0135906
2.42556,2.60867,22.1044,7.08229,0.0039788
3.85427,4.64842,21.4441,7.12146,0.00430192
4.70658,4.75635,22.966,3.07025,3.25873e-05
3.01984,1.49109,11.6843,10.4939,-3.8468e-06
3.15861,4.26912,8.47963,6.05075,-0.000182832
1.66269,3.76141,39.5264,10.7074,0.000811471
2.46262,1.60671,26.5148,11.5338,6.37763e-06
4.8463,4.33713,23.8295,6.54229,0.0140949
3.664,2.96988,13.8521,2.11173,-1.25196e-08
1.75208,4.14714,15.2993,5.83944,-0.000244307
1.45395,2.40616,30.2585,8.1418,0.0407305
3.80503,3.62058,36.996,8.54929,0.229178
3.27082,4.58932,28.6048,8.51,0.0250192
2.16014,3.80204,39.3288,7.73413,0.14115
4.47995,4.66186,38.6841,8.94308,0.0923448
3.94543,2.53389,34.9696,9.0509,0.116292
1.83791,4.33095,4.53543,8.27116,-4.12644e-05
2.45062,1.49733,8.46693,6.86778,-0.00025914
4.71239,4.67169,5.12487,2.34055,-5.26128e-08
2.49949,4.28015,11.8015,10.4171,-5.2039e-06
2.55723,1.06915,15.7858,6.13405,-0.000352712
1.69174,4.57626,38.0964,8.9217,0.0471733
2.45418,2.39011,12.0731,2.66351,-3.49359e-07
4.23371,1.63056,1.89834,10.3833,-1.75421e-06
4.12082,4.04171,16.6284,4.76206,-0.000157023
2.30496,2.76766,31.3547,3.30374,0.00176907
3.48001,4.72482,24.0944,10.3703,0.000153188
3.88208,1.51291,11.7128,8.47437,-0.000145133
2.24628,1.01816,21.1754,2.83592,1.41689e-06
1.60756,2.42194,22.8939,9.65244,0.000137192
3.92197,2.79867,18.4552,2.1733,-5.01648e-08
4.05898,3.29546,15.3224,2.36869,-2.57394e-07
2.07412,2.78211,8.33585,10.5853,-1.54629e-06
1.5666,3.5004,2.441,6.04203,-3.79379e-05
2.2489,1.55683,10.8195,10.4291,-2.90801e-06
1.50625,4.25024,11.5126,4.00945,-6.99393e-06
4.43565,3.5203,21.007,4.67207,0.000185096
2.05744,1.57578,3.60288,11.0634,-1.8723e-07
4.31819,1.88454,27.1883,5.957,0.0225687
2.45956,1.35631,18.3987,2.21194,-3.87401e-08
2.8907,4.43718,4.41903,8.20027,-7.01912e-05
1.24944,4.72149,31.274,11.9681,1.83568e-07
1.31106,3.3217,24.9418,3.78092,0.000104698
2.0005,1.1346,39.1211,10.5461,0.00122122
3.7967,4.3387,7.33469,7.84327,-0.000211025
1.88499,2.70753,20.2814,3.21322,1.02698e-06
4.93039,4.58795,16.2645,7.25367,-0.00228648
3.29949,4.99798,22.3763,3.7185,7.89166e-05
1.21969,2.92247,36.9057,10.7599,0.00143183
1.65774,4.10896,18.5211,9.22272,-6.08431e-05
2.43942,2.29725,32.1431,5.95688,0.201322
4.1928,2.35431,18.6982,10.8737,-4.95872e-06
1.95226,2.9871,9.45006,2.75247,-2.68946e-07
4.04904,3.63125,21.4553,5.24514,0.000616813
3.18661,3.55609,38.4093,8.00492,0.245519
4.97605,2.46376,18.7616,6.06327,-0.000835281
1.20563,3.13359,34.2918,3.27132,0.00165805
4.44952,3.77705,22.3446,7.49643,0.00593549
1.24083,3.86948,2.22754,3.05189,-1.73582e-07
3.53895,3.97512,7.17589,11.4417,-1.69121e-07
2.50452,4.27616,21.6484,11.6326,4.73493e-07
2.06217,2.92645,23.9505,6.65627,0.00655084
3.79753,1.71302,2.57956,10.7673,-7.15288e-07
3.58776,3.37357,32.9562,4.44925,0.0480635
1.14389,2.56384,39.3616,9.74896,0.00395611
4.61857,1.56848,25.9308,7.44319,0.0250554
4.44733,4.32385,12.5935,4.144,-3.18632e-05
2.91972,2.97187,38.7899,9.38558,0.0265198
1.40002,3.68128,29.9748,3.28906,0.000498552
4.50623,4.20712,24.9736,6.82814,0.028573
2.09436,3.62133,10.4166,8.09626,-0.000132824
2.29019,4.34458,7.28392,10.1883,-3.77773e-06
2.49487,4.88354,36.1328,5.59989,0.207304
2.41406,3.73294,21.7566,6.63644,0.00255731
2.18147,4.55551,27.5515,5.19865,0.00638794
4.6967,1.60232,34.5376,8.4021,0.291058
1.16564,1.26111,15.1832,6.74062,-0.00030927
4.27855,4.34085,6.56869,8.16146,-0.000145329
4.93213,4.68328,35.7574,8.8834,0.212543
4.03158,3.9678,31.1255,7.83186,0.307405
2.63948,1.29435,34.3141,9.25869,0.0447215
4.71125,3.28964,29.4822,9.52472,0.0126247
4.51966,4.30995,11.6955,7.96181,-0.000431837
4.8672,1.10015,2.5145,8.72639,-2.98763e-05
1.24423,2.80837,27.5251,10.5927,0.000138478
4.65503,3.62078,1.07698,7.58726,-0.00014793
2.29625,1.1332,31.2158,11.705,2.333e-05
4.64961,3.82431,33.1433,5.18565,0.200898
3.26886,2.25596,19.9252,4.95817,-1.08935e-05
4.04329,4.41096,34.6137,7.30146,1.20805
3.91733,1.04357,20.9805,2.45308,4.10183e-07
1.29096,1.74059,32.4252,10.3243,0.00305442
1.65017,3.24639,1.99521,9.64087,-3.45451e-06
2.82774,2.55336,19.5455,10.3922,-5.02742e-06
3.18464,1.29677,25.305,11.9858,2.62762e-09
4.03114,2.33243,22.8991,9.21777,0.000685211
2.23425,3.83623,28.552,5.23942,0.0114158
4.73587,1.90972,36.2002,6.05369,0.545838
3.86622,1.61792,37.0521,11.7947,3.76992e-05
1.53442,2.7296,38.8502,5.48184,0.0462691
2.49292,2.67096,24.8255,5.02042,0.00145355
1.17592,1.47625,10.241,8.83457,-2.09146e-05
4.73758,3.83182,20.6876,2.51142,6.87577e-07
4.15513,4.23391,14.6632,4.8736,-0.000140285
3.62383,3.40808,34.2322,7.27382,1.0556
1.81141,2.83963,26.5907,3.70956,0.000248512
3.97372,3.558,3.36412,2.84071,-3.29556e-07
1.79273,3.10607,39.1051,7.58703,0.150543
3.37986,1.65316,7.3791,6.34398,-0.000179816
1.55257,1.67654,37.6869,5.85597,0.107668
3.93523,1.98704,22.3427,9.8463,0.000169062
2.48961,4.81394,8.60119,3.53849,-2.87501e-06
3.18101,4.74466,32.9165,7.20875,0.970096
2.29285,4.80412,12.0296,3.24585,-2.31381e-06
4.1389,3.11836,33.4837,4.21217,0.0385321
2.59226,3.28964,27.231,4.65918,0.00272114
2.30682,4.14298,9.21219,6.38052,-0.000217527
3.33452,4.09033,18.0828,9.86115,-4.66677e-05
3.4425,3.44,23.7148,11.8823,1.51868e-07
1.78677,4.78429,10.4321,5.64424,-8.65806e-05
2.23446,4.16616,4.84969,4.58559,-1.02708e-05
4.97654,4.19801,33.7966,6.74975,1.53884
1.88047,2.26003,11.8003,8.45511,-8.42656e-05
1.59399,1.74848,12.2048,3.18877,-1.1007e-06
2.36192,2.26918,21.4949,10.2762,2.6336e-05
3.19131,1.98698,21.4096,3.95572,5.00234e-05
1.78372,4.58487,14.9431,2.64894,-4.61195e-07
2.09163,1.19883,4.32348,10.0286,-2.09915e-06
2.63643,2.13604,25.7458,6.30818,0.0111511
1.18701,4.49471,2.12372,9.45059,-3.69463e-06
1.95684,4.20654,29.3393,4.52379,0.00549142
2.64983,4.63032,17.0832,7.75222,-0.000774029
3.25025,4.9046,7.56493,11.2758,-3.36881e-07
3.76993,2.53074,5.6485,4.65194,-1.9047e-05
4.3756,2.14987,24.2081,11.3902,9.10073e-06
4.03061,1.51184,10.1058,7.97186,-0.000217145
2.34419,1.06174,25.2053,11.7313,7.79999e-07
3.56992,1.41854,24.1744,8.19707,0.00365799
1.70128,3.99915,1.64379,3.06563,-2.32071e-07
1.62217,2.27009,32.9032,4.0321,0.00937301
1.89232,3.73372,19.5539,7.0068,-0.000458243
2.09822,1.18199,15.9167,6.98602,-0.000781854
1.40659,4.11067,34.8347,6.18816,0.235194
2.31107,4.1853,17.8764,9.21428,-9.62468e-05
4.67868,2.05293,39.1207,11.3745,0.000309284
4.96618,3.57104,33.0483,11.0277,0.00291351
3.18815,1.45409,34.3776,9.8532,0.0212203
3.56031,4.11332,13.9544,2.13792,-2.08302e-08
4.18754,2.52567,34.7233,5.22636,0.183363
2.80414,4.5052,13.8334,7.19904,-0.000918991
3.6532,2.23722,6.38322,4.9774,-3.22538e-05
2.12759,3.07781,16.2337,5.62484,-0.000244251
2.98214,2.36193,21.0434,10.0163,3.61748e-05
3.68202,3.32382,29.8713,10.7168,0.00118642
3.38324,2.95762,37.7182,8.82692,0.112691
4.33459,2.55105,25.0199,8.06602,0.00911653
4.65777,4.19808,29.6209,2.90091,0.000468755
2.22147,3.9584,18.851,2.90926,-1.48394e-06
1.46639,2.49638,10.0787,8.74189,-3.46349e-05
4.87335,4.32823,9.64172,11.9443,-2.08609e-09
1.46997,3.44708,19.4616,3.30231,-1.62026e-06
3.68153,2.62935,12.3155,8.47754,-0.000182858
1.07129,2.38703,1.29863,8.50508,-1.02966e-05
4.82174,2.45314,14.2376,3.20552,-5.55075e-06
3.77747,2.02239,24.6489,8.81591,0.00237574
4.52563,1.65826,21.8471,5.92632,0.00179202
4.1113,1.57924,9.88008,4.05272,-1.19754e-05
2.05969,3.51469,6.20993,6.5463,-0.00014523
3.28326,3.85674,12.2399,7.17358,-0.000810464
3.57718,4.86429,35.6502,2.10597,1.23023e-05
2.09304,4.88056,9.10175,6.87547,-0.000340145
1.69926,3.06409,11.2863,4.27888,-1.14545e-05
4.53819,1.1673,7.30061,6.90707,-0.000377881
2.94377,3.06825,27.1345,4.04291,0.0010199
1.24936,3.22909,20.3599,8.99338,2.6437e-05
2.2912,3.1923,18.991,8.83518,-0.000113764
3.79512,2.66437,34.3124,11.107,0.0017388
3.36989,2.45437,2.96882,2.7669,-1.87824e-07
1.31084,3.07096,12.7287,9.44065,-1.80346e-05
2.12138,3.74297,9.94352,10.746,-1.47577e-06
4.12383,3.4915,13.9861,2.49098,-4.19859e-07
2.13239,4.47671,23.0514,7.66661,0.00349366
3.87186,2.8141,29.8948,5.11508,0.0339381
1.44023,2.43837,26.9859,7.32597,0.0167423
3.39496,3.12651,2.18953,4.50337,-9.15798e-06
4.99101,1.57719,10.0181,4.68141,-4.2925e-05
2.4125,1.54808,35.0809,11.0841,0.000993905
4.42266,2.39288,28.1337,5.49934,0.022718
1.23164,4.17767,30.7936,6.13275,0.0754517
3.12324,2.15373,39.9282,5.32358,0.0377462
4.81011,4.09092,11.6474,9.36893,-6.5607e-05
4.15013,1.36753,25.2766,11.3681,1.2556e-05
4.96437,2.66507,23.036,9.30284,0.000821224
4.7959,1.7163,13.0121,10.5206,-7.64005e-06
3.56711,1.57631,10.0681,9.90316,-1.15946e-05
4.81072,3.57067,7.9826,3.11179,-1.69111e-06
2.0895,2.3916,11.8345,9.25041,-3.10487e-05
4.10692,3.05753,28.1893,5.99845,0.0435831
1.01127,2.07282,5.6789,4.91296,-7.19135e-06
4.70545,2.17333,32.4575,6.00669,0.447045
2.20359,2.81721,34.8919,4.54787,0.0360626
2.30502,3.49405,13.6025,10.9733,-1.5951e-06
1.07752,4.31202,18.0009,3.93825,-1.06225e-05
2.0446,2.54898,5.43669,3.08017,-4.22595e-07
2.3023,4.29656,4.04744,9.93797,-3.92398e-06
3.77682,2.87941,29.341,4.54762,0.0101288
2.91672,1.57243,32.914,3.78933,0.00932929
2.12174,4.21175,32.5144,9.1234,0.0531486
4.27861,1.42823,38.443,7.79819,0.31219
4.36875,3.92022,13.9409,7.8519,-0.000690555
1.19758,1.06391,33.0338,5.58818,0.0570985
1.64614,4.84375,30.4584,6.50654,0.129955
2.64979,2.3532,27.8747,9.60196,0.00231401
1.64897,3.40246,8.84455,2.94693,-4.06085e-07
4.67269,1.9563,33.52,4.34988,0.0483048
3.81895,4.31423,7.17005,7.01337,-0.000509762
3.87575,2.13438,26.3876,7.53986,0.025895
3.9996,1.6338,19.6853,11.5768,-1.01718e-07
2.61246,2.3742,39.5236,11.2957,0.000195026
3.16147,2.09544,31.5646,8.16579,0.171354
2.24911,4.84662,19.6669,2.29688,-3.50136e-08
1.89522,1.27418,24.9085,5.04684,0.000915449
1.81835,2.97877,2.09534,11.7346,-7.07398e-09
3.90369,4.45858,3.79569,7.2094,-0.00027153
4.24288,2.01326,38.7595,4.78739,0.0457603
3.84303,4.08791,37.1245,11.6777,0.000133187
3.10396,3.54033,17.4604,5.94752,-0.000612174
3.39146,3.71619,26.7113,9.01111,0.00469005
2.98236,4.08268,30.8732,10.8214,0.00140125
4.1254,4.99471,14.7446,11.9588,-2.32983e-09
2.34397,1.39853,1.96649,2.1338,-1.56081e-09
2.94496,4.76774,11.278,6.32917,-0.000374908
3.24744,4.63935,2.13627,2.56538,-8.47804e-08
3.043,4.395,12.8064,3.88914,-1.41399e-05
3.97698,4.25664,36.7856,4.35078,0.0491002
1.61058,4.26934,10.1141,8.92412,-3.35874e-05
2.2271,2.9751,3.98269,5.45427,-3.00172e-05
1.18694,1.87844,13.5401,7.67161,-0.000176215
2.82467,4.06456,3.40707,6.72766,-0.000172001
2.44652,4.71389,22.8919,3.75172,8.10377e-05
3.9016,4.94069,10.4713,6.8995,-0.000808632
4.94976,1.30554,18.5322,3.36973,-9.25468e-06
2.21664,1.38738,1.28462,8.16489,-2.71126e-05
4.84851,1.14023,14.7853,6.70854,-0.00111002
1.65669,2.5189,22.7199,10.4161,3.0795e-05
2.65495,1.61849,4.77127,4.50383,-8.11465e-06
4.01763,4.3282,31.9876,5.1818,0.132759
1.71865,3.11445,16.5365,8.27287,-0.000234219
1.3636,4.4647,34.1793,5.47453,0.0951852
3.21924,1.03724,14.4009,7.23813,-0.000696646
1.91855,3.76763,25.6693,10.0375,0.000305838
4.26261,4.40808,34.8792,4.93375,0.139629
1.64398,1.62168,11.4497,4.52714,-1.41401e-05
2.56966,4.354,24.2946,4.07384,0.000289619
4.33319,4.08213,16.1665,4.19653,-6.1792e-05
1.36213,1.9173,18.0248,11.0979,-9.19586e-07
3.74636,2.43184,32.7298,2.91485,0.0015836
4.4492,1.00946,16.4307,10.7075,-6.40304e-06
1.72102,3.0204,37.0612,7.34231,0.416222
2.61841,4.22968,29.5581,8.73252,0.0254251
2.13073,4.29846,25.6556,5.3466,0.00311824
1.89222,3.96435,35.4371,2.6466,0.00039545
2.0618,4.66617,31.7093,11.0684,0.000761816
2.51542,3.58717,19.6733,8.94164,-4.44861e-05
1.44128,1.56636,12.9157,4.97013,-3.11167e-05
3.40296,2.73151,8.859,3.55796,-3.77032e-06
4.8653,3.0931,4.70638,5.82582,-0.000117358
1.75984,3.5004,19.0742,4.02946,-1.36534e-05
1.42293,4.42189,32.2005,7.71183,0.207112
2.48339,4.78102,33.5926,9.02245,0.0863318
1.87026,4.45598,38.8314,6.54165,0.227677
2.99942,3.58631,23.6659,9.93177,0.000246261
1.41253,2.20795,30.7571,2.81662,0.000182046
3.39984,3.23147,5.2009,5.51632,-5.958e-05
3.47536,1.27179,24.5358,8.18693,0.00400546
2.17032,1.05934,10.4904,11.4544,-1.04498e-07
1.94406,3.23715,20.9328,7.78191,0.000579486
4.99437,4.78004,7.92313,5.48738,-0.000133798
3.86693,1.25044,14.2534,4.23626,-2.9892e-05
1.92487,3.89794,29.0331,10.3259,0.000944106
2.93618,1.27236,25.0224,2.80868,1.49875e-05
1.8125,1.79117,19.3157,11.3982,-2.22305e-07
1.30466,2.38149,32.1803,10.5369,0.00199908
4.31609,2.2426,31.7045,4.10117,0.0194432
2.95511,4.7826,31.4573,7.51362,0.398378
4.98279,1.36474,19.3026,4.81983,-8.70231e-05
3.51828,2.487,27.3539,8.04945,0.0216187
1.28554,1.90128,10.6771,8.61494,-3.65115e-05
4.66613,2.30498,18.8473,10.2181,-2.31877e-05
4.30429,4.40246,13.4961,3.39853,-8.00137e-06
3.03474,3.34531,2.2835,8.39513,-4.1424e-05
2.68113,4.34753,10.8318,10.6335,-2.91897e-06
2.90937,3.91934,31.5502,3.80566,0.00802889
1.33531,1.02571,22.7301,10.0317,3.82261e-05
2.73969,4.26903,36.3761,4.4895,0.0439898
4.95137,1.50292,8.48213,3.28941,-2.28297e-06
3.98357,3.71314,2.68943,11.5405,-6.35545e-08
2.2752,2.03423,26.7291,6.38272,0.0160869
4.42874,1.60646,25.8868,11.6716,3.74974e-06
1.55653,1.28409,31.204,9.01289,0.018656
1.33401,3.26348,33.1848,8.03097,0.155219
2.92801,2.38817,30.7295,7.68281,0.186818
1.1294,4.06745,34.214,6.07006,0.163696
2.30188,2.82865,4.57837,7.20768,-0.000160597
3.56523,2.63809,37.948,7.3923,0.624237
2.1698,2.55994,5.654,8.26467,-5.04906e-05
1.19039,3.54421,12.0888,7.04632,-0.000320251
4.41061,1.4575,20.9013,5.21445,0.000273811
2.96509,1.8624,37.3274,11.0178,0.00139608
1.54992,4.83211,18.1924,2.01606,-1.73098e-10
1.30396,2.78349,39.7192,5.50455,0.0245636
2.90818,1.20845,27.876,5.19104,0.00664718
2.62938,3.82779,16.5066,8.29352,-0.000364355
3.69058,4.88225,1.64817,11.1957,-2.33e-07
2.74634,1.79579,11.9591,2.75086,-4.86155e-07
2.0001,3.51853,17.9469,4.43381,-4.57091e-05
4.29429,4.9128,25.0018,8.58513,0.00533785
1.43082,3.65497,27.0041,2.80166,2.426e-05
3.18368,2.89378,1.79683,8.22466,-4.91398e-05
4.32635,4.49274,30.392,4.89164,0.0410336
1.2824,1.00176,28.738,8.59884,0.00572442
2.92359,4.62216,13.2548,10.4907,-6.76268e-06
4.81304,2.4767,2.0749,9.79613,-7.25662e-06
1.14602,2.48546,38.0317,2.49611,7.65971e-05
2.15627,2.05009,32.8445,9.72353,0.018461
2.69606,4.51818,21.4504,5.18323,0.000391766
1.97395,1.24549,13.1924,6.36189,-0.000243278
3.71942,3.7052,5.02016,9.39206,-1.76958e-05
4.67228,4.89643,11.4707,3.7383,-1.30484e-05
2.26322,1.51818,24.7828,2.59576,4.98234e-06
1.29287,3.82757,11.7442,4.94336,-2.84733e-05
4.23725,4.72975,6.9444,6.8467,-0.000483011
1.24208,3.04825,13.3403,6.40466,-0.000223809
2.35973,4.51893,37.5914,6.54359,0.489258
2.3459,2.05817,33.0194,6.57547,0.470936
2.74226,3.02076,11.4332,11.0802,-9.14265e-07
3.42285,2.10277,37.3326,2.46617,0.000231048
3.19222,3.64682,16.7865,10.4639,-1.31433e-05
3.64227,1.67999,19.5983,5.51137,-0.000115828
4.36588,3.78716,15.8583,9.3476,-0.00012508
1.33933,4.9674,24.5414,4.60075,0.000419563
4.88254,3.83028,22.0443,10.8562,2.40488e-05
4.40954,3.2727,11.7003,9.11939,-8.48442e-05
2.132,2.28344,11.7536,8.57304,-8.13386e-05
3.22177,1.90566,29.6166,4.5758,0.00941593
4.91871,2.05879,24.2513,8.23506,0.00569633
1.94305,3.33448,26.5622,11.5693,5.29493e-06
3.9352,2.8008,35.0022,4.51648,0.0611232
3.46166,3.40046,27.5392,10.2771,0.00080845
1.44242,3.75493,32.5946,3.4217,0.00254145
1.20836,1.03714,27.3947,2.75069,1.34493e-05
2.6566,2.13139,26.6317,2.76755,2.90391e-05
3.0831,3.82409,24.6509,11.7763,8.29036e-07
1.06734,1.58671,12.6589,10.043,-4.14305e-06
4.04125,1.21223,6.46454,9.62476,-1.11486e-05
4.11003,1.13123,31.7935,6.16462,0.288617
1.87957,3.97311,11.4064,2.68902,-2.9919e-07
1.89547,3.84813,9.87819,8.61882,-5.70338e-05
2.00455,1.21953,5.46931,2.18109,-3.78051e-09
1.20549,2.75708,25.5694,10.4995,6.64117e-05
1.07521,2.13979,19.8958,6.03257,-2.02097e-05
3.24878,1.57172,4.70284,9.36963,-1.19169e-05
2.04635,4.71484,27.5977,10.2942,0.000507541
1.13211,3.10197,6.96415,2.53015,-4.3588e-08
4.24601,4.3618,29.3905,8.5309,0.0492966
2.26466,1.21628,3.91023,6.37423,-6.842e-05
3.17491,3.50142,31.7178,9.08123,0.0614189
2.78984,3.63683,38.558,5.40435,0.0947204
2.85056,4.93497,12.5825,8.3648,-0.000197091
1.17778,2.54622,32.9894,9.80724,0.00953504
4.93776,2.568,30.9994,11.5508,0.000162662
2.86494,4.9635,17.1644,5.90029,-0.000563243
4.70302,4.40765,4.9734,5.53037,-8.69208e-05
3.95984,4.76301,2.38589,5.99614,-9.5788e-05
2.59482,4.95264,15.1095,6.42635,-0.000721799
1.19698,2.05037,22.9196,2.40017,4.87201e-07
3.98886,4.77492,16.6797,10.5862,-1.29878e-05
1.69253,4.16755,10.1379,7.23509,-0.000280518
2.40216,4.47045,16.1282,10.7392,-4.99514e-06
4.34245,4.77602,28.0576,9.10503,0.0107654
4.81489,4.76629,31.5261,11.8831,1.17585e-05
4.07538,4.68222,20.5239,11.3711,7.65562e-07
3.60023,1.99489,28.2164,3.57066,0.000750231
3.50574,4.04224,33.504,10.5836,0.00705471
2.27559,2.06481,29.3679,11.4062,5.32846e-05
3.9968,3.55982,2.60317,3.39286,-1.37961e-06
3.5627,3.25161,37.6384,9.59031,0.0387907
3.81911,1.08884,12.0089,2.95439,-1.08326e-06
3.24977,4.83339,4.41871,9.52266,-1.21737e-05
1.46507,4.78635,7.45126,3.66851,-1.88291e-06
4.02927,3.544,3.42944,8.91098,-3.18559e-05
1.10205,4.79623,6.13328,10.9246,-2.84864e-07
3.42962,1.6389,20.8895,2.3499,2.10067e-07
1.18105,2.3821,14.8405,2.26256,-2.89692e-08
1.39126,3.13647,25.0727,10.7761,3.314e-05
4.63426,3.09541,21.6958,3.32815,2.73918e-05
2.47199,3.59757,35.1242,7.67201,0.472213
3.33384,2.00146,34.0569,9.01517,0.0959217
1.69935,1.03556,39.7172,8.67028,0.0175309
3.08115,4.46591,29.5346,2.74143,0.000173501
4.71973,3.54251,7.65392,4.0945,-1.34637e-05
4.1115,1.90287,20.2718,5.85472,0.000172169
4.08886,2.8184,27.9318,9.41484,0.00525204
3.39038,3.58556,8.91066,9.75097,-1.5392e-05
4.91403,1.81117,36.1014,4.20802,0.0393776
4.76422,2.49519,32.5177,8.47628,0.261193
3.24137,1.5318,26.3735,9.71245,0.00097138
1.55767,4.18178,27.5976,9.12876,0.00286176
3.84533,2.47543,15.4737,8.65258,-0.000257525
2.21602,2.95546,36.563,5.85069,0.22293
1.34081,4.06749,31.7524,7.68866,0.165644
2.85076,3.07256,18.1896,5.91191,-0.000497625
2.97238,1.88945,2.90192,6.21993,-7.89768e-05
4.48487,1.1027,4.53192,2.48773,-6.97521e-08
4.44502,2.26158,5.53204,4.47594,-1.61252e-05
4.84136,3.51524,11.1179,3.15796,-3.13937e-06
1.52986,2.14883,27.1855,11.8993,1.9682e-07
3.33354,3.60438,3.3957,4.84719,-1.84755e-05
4.44779,3.16701,26.9737,11.8422,1.4951e-06
4.9509,1.23928,16.9227,6.67265,-0.00153949
1.20472,4.33229,13.4772,5.18372,-5.19237e-05
1.49436,3.51143,23.0402,3.66715,4.21445e-05
1.78374,1.83106,20.3984,5.70943,9.27508e-05
4.36332,4.27694,8.71769,2.71786,-5.116e-07
1.10903,4.04879,31.306,2.38837,3.3885e-05
2.62546,2.27604,23.7077,6.4367,0.00551472
1.93836,1.75255,21.4523,4.72836,0.000112351
3.28666,2.67832,17.0842,10.0573,-2.94705e-05
2.86247,1.96024,1.26916,8.88193,-1.53695e-05
4.76929,2.37544,5.00996,10.848,-1.10864e-06
1.36646,2.33243,35.5519,4.43695,0.0176895
4.18032,1.71389,27.679,10.1094,0.00119574
4.73539,3.13335,22.4697,4.0966,0.000224467
1.11777,4.39495,20.8154,7.75973,0.000311464
1.90354,3.85805,24.0362,11.4106,3.9254e-06
2.02001,2.95433,34.7175,2.04188,9.17647e-07
4.6939,3.77239,23.9128,7.26327,0.0169484
2.58903,1.91289,3.51643,8.26527,-4.15024e-05
3.84623,4.21217,27.5145,9.74627,0.00251353
2.81433,3.88404,28.5685,7.26162,0.0893609
3.46438,4.35364,16.9116,5.69557,-0.000506112
1.85781,1.616,12.4811,2.28296,-3.12739e-08
4.92648,4.6629,1.26646,9.65623,-9.91803e-06
1.16745,2.30257,19.5787,11.8436,-4.54924e-09
4.81443,2.41058,17.6695,9.21985,-0.000175752
3.73005,1.43315,16.1737,4.4544,-6.0559e-05
1.34935,1.82377,3.55561,9.24153,-5.50276e-06
2.82111,3.21325,11.4982,2.90129,-9.10845e-07
3.04385,2.43756,7.32073,7.53869,-0.000208391
2.90185,2.86086,28.0194,10.9765,0.000155895
3.03022,2.46567,35.5356,6.92106,0.995082
3.72672,1.97875,12.6862,5.10587,-0.000102355
2.39268,3.57746,37.1595,5.92931,0.257566
4.37073,4.87189,8.81209,3.15107,-2.05445e-06
3.34452,1.01799,14.3875,8.91682,-9.11798e-05
3.77536,3.79947,39.5584,3.25442,0.00164754
1.02719,4.82502,14.757,10.6309,-2.26166e-06
1.77944,1.6591,1.05475,5.91286,-2.5028e-05
4.30889,3.7014,15.441,11.3673,-1.08661e-06
3.35976,3.97969,35.1251,11.6903,0.00011634
3.42983,2.04646,7.82589,6.68905,-0.000306517
2.0038,1.47821,14.9554,7.26343,-0.000544744
3.09463,2.40232,38.7612,6.28743,0.254602
2.05771,3.34647,20.4986,5.3604,0.000103174
2.46037,4.14332,16.2743,4.27855,-4.11845e-05
3.21596,2.86408,21.6596,6.06513,0.00156284
2.60729,4.99176,25.3712,5.7855,0.00614487
4.89626,4.52571,10.3941,5.38765,-0.000166564
3.00299,4.44175,16.6577,3.50434,-1.18314e-05
1.26228,2.65208,12.3472,4.16078,-7.98332e-06
3.45561,3.26944,31.8191,2.55533,0.000309526
3.38291,1.38345,38.4783,9.51546,0.0226866
4.63612,3.22331,30.9281,10.391,0.00588169
4.12792,1.0907,27.1798,8.32593,0.0120606
2.75172,3.62329,33.9231,6.06656,0.385941
4.71996,1.85522,34.9299,5.15461,0.169533
1.54509,2.5245,3.66076,2.86732,-1.3325e-07
2.67415,3.19167,20.4304,9.38422,3.79067e-05
3.60867,1.69338,39.584,10.7146,0.00133054
4.34325,4.46503,7.38238,2.0224,-2.08122e-10
3.86905,2.65975,29.5019,2.12635,3.03639e-06
2.91731,4.4948,15.3856,2.25889,-8.82523e-08
1.52118,4.43817,17.3539,4.26582,-2.7799e-05
2.13646,4.04174,16.1911,7.16237,-0.00105343
1.96818,1.98783,35.1511,5.3564,0.0956993
2.91314,2.86365,10.9624,2.75234,-5.05975e-07
2.40746,1.41198,5.1191,9.17255,-1.212e-05
4.13798,2.17621,6.45089,4.66856,-2.29161e-05
1.83646,4.67768,9.49588,7.31038,-0.000259459
4.83235,2.86256,8.15279,10.025,-1.13083e-05
2.23179,3.37429,35.1713,5.53548,0.159767
1.82853,4.38371,38.1345,7.87267,0.194415
2.73619,3.90361,38.5576,4.8149,0.0406916
4.32378,4.61259,22.0961,6.4245,0.00474358
4.10254,4.58113,2.99968,7.53786,-0.000182203
1.25309,2.70009,24.4226,9.86425,0.000149553
1.54807,2.09612,13.6631,3.79278,-5.75495e-06
4.0134,4.49253,17.6336,2.21497,-1.01141e-07
4.37347,3.30672,29.6905,11.5525,6.9814e-05
4.69459,2.98363,13.8221,6.35148,-0.000863168
2.37911,4.87182,13.725,5.18123,-0.000109036
2.58645,3.45482,33.894,2.37852,0.000137835
2.51134,3.80559,23.3348,8.55971,0.00151308
2.59431,2.31007,7.6828,3.46646,-1.87568e-06
4.27856,3.99734,27.8322,3.77619,0.00133988
3.63095,2.60136,10.3692,8.10117,-0.000209382
3.02586,4.3911,32.3393,3.00238,0.00173527
1.38141,2.16124,7.49055,10.1592,-2.09091e-06
3.37092,1.91154,11.9404,3.10228,-1.82229e-06
3.04291,2.38728,23.8844,5.73219,0.00303167
2.28616,4.04527,16.5095,9.44334,-6.22835e-05
3.28689,1.97824,31.8844,7.7516,0.330745
2.36597,2.0905,37.1178,7.45061,0.454091
4.15971,1.88097,18.117,5.83158,-0.000575299
2.39943,2.78624,32.1085,11.2786,0.00045787
4.05865,2.54346,32.3257,9.29429,0.0660123
1.64107,1.33881,39.1565,8.32115,0.0421074
2.96997,3.61643,25.7686,4.22678,0.000791531
1.03525,2.91111,13.4737,9.16067,-2.47625e-05
1.11787,3.68368,26.9246,4.41644,0.000700781
4.7183,1.58521,18.0186,8.30554,-0.000522035
2.04437,2.88642,12.8117,11.8343,-1.33901e-08
1.34982,3.47965,39.5382,2.67597,9.88519e-05
2.76988,4.90971,16.9066,2.96007,-2.81148e-06
2.61668,3.92483,25.0693,8.58303,0.00321893
2.39356,3.70821,38.3491,8.83717,0.0647159
4.75529,1.11843,11.3449,10.8256,-2.26771e-06
4.31094,4.44871,2.0526,9.45696,-1.31422e-05
3.93225,3.48323,14.5209,8.28212,-0.000397354
2.07759,4.56894,38.0459,2.96642,0.000943212
3.22343,2.80782,9.8578,5.55603,-0.000113292
3.11397,1.90378,15.2124,11.0484,-1.92754e-06
4.69567,3.21974,13.9799,3.47727,-1.06691e-05
2.12621,3.33943,24.6959,9.99227,0.000237511
4.42669,2.15939,31.5734,5.25653,0.114137
3.38631,1.88483,22.5514,3.14303,1.83628e-05
2.75848,1.37662,31.6312,2.8633,0.000557083
1.36613,3.0079,3.78405,8.14313,-3.01666e-05
2.35952,1.13665,7.22348,5.02655,-1.94045e-05
3.78274,1.40422,34.3988,9.00982,0.0963946
2.35848,2.37206,38.5487,3.69983,0.00442028
1.46561,1.93297,26.3195,7.33834,0.0114376
1.12623,4.04698,18.0858,11.5841,-1.2298e-07
2.50462,1.8227,29.1953,2.24404,6.10266e-06
2.91832,4.58689,9.33327,11.2005,-5.10678e-07
1.86752,4.92991,13.1242,10.7563,-2.27738e-06
3.91318,4.15963,36.5399,9.82839,0.0360536
1.43455,2.66281,38.0194,11.1173,0.000449665
2.13635,4.73638,27.5408,10.2126,0.000607895
3.71378,3.21837,38.0264,10.3041,0.00945939
4.29859,4.22737,17.1319,3.65334,-2.41134e-05
1.71298,1.71721,32.5316,11.8212,1.15942e-05
3.48167,2.75448,34.3394,8.59837,0.198253
3.39684,3.39841,8.88634,7.88515,-0.000215196
1.02383,1.21518,27.1775,5.56788,0.00273964
1.64426,2.81004,21.5866,10.0981,2.98488e-05
2.22134,3.44592,20.6598,2.37739,1.43726e-07
2.38365,1.50437,32.7522,2.91549,0.000859787
1.44952,4.31523,3.97661,2.58336,-5.09368e-08
2.53935,4.03455,3.71026,3.05189,-4.31108e-07
4.78513,1.03681,36.0208,10.3826,0.00973654
1.89136,2.40978,30.6287,10.2836,0.00233737
1.82842,3.5224,9.87375,7.553,-0.000199165
3.88408,3.27784,17.6931,3.53172,-1.60723e-05
3.02284,1.77134,22.6286,2.80797,6.09877e-06
4.85849,4.83751,34.3334,9.72698,0.0564295
1.32533,3.07842,1.21009,4.25955,-2.10336e-06
4.86865,2.40436,13.5663,5.73697,-0.000387029
3.30564,4.13637,8.56638,3.59885,-4.21014e-06
2.54808,2.3763,1.29171,4.52231,-5.91053e-06
3.92622,1.20019,9.63908,10.522,-3.0638e-06
4.57506,3.00295,32.9596,2.25552,8.83317e-05
1.69967,3.62826,25.1591,4.0034,0.000233153
4.68606,2.78487,37.866,11.666,0.000133027
1.06426,1.03349,19.5277,7.78346,-7.54603e-05
3.05203,1.26066,35.2216,9.79636,0.0211603
3.59109,3.63876,16.102,10.1615,-2.549e-05
2.99685,2.9501,21.355,5.49367,0.00055766
1.33355,4.63633,13.547,11.4979,-1.40512e-07
3.75784,1.08792,9.28313,2.57137,-1.70104e-07
3.88299,2.91533,14.7696,10.8593,-4.33737e-06
2.57271,3.97501,24.4682,3.9333,0.000235797
4.12785,4.70522,2.72534,11.9782,-1.00925e-10
1.69616,4.07375,17.0796,10.5576,-5.93201e-06
4.46272,1.02686,32.4557,8.53163,0.158757
3.51498,2.50165,10.2397,9.89501,-1.39161e-05
1.3988,2.92094,26.7577,2.41004,3.59363e-06
4.5818,4.26076,18.258,4.25585,-7.72964e-05
4.93328,2.8141,25.9855,5.49189,0.00922146
1.19024,3.19829,3.78008,9.89926,-1.97506e-06
2.92816,3.86863,7.98168,8.84398,-4.83449e-05
3.75148,4.39404,29.8362,3.63018,0.00276862
1.53008,1.49798,1.88272,5.81186,-2.01543e-05
1.0544,3.30279,19.599,11.0352,-3.59122e-07
4.30214,2.66283,5.07425,4.09714,-8.01689e-06
2.12888,2.17283,11.9805,4.34899,-1.65211e-05
4.2993,2.08414,2.44228,5.50203,-4.59175e-05
1.85538,4.65355,39.3897,5.73767,0.0643604
4.72481,2.48926,30.7403,8.2268,0.160297
4.92691,2.67913,34.1506,6.375,0.921227
3.28696,1.08758,7.41525,6.51128,-0.000177102
4.00055,4.92983,1.63224,10.2542,-2.81524e-06
3.69024,3.01241,18.9299,5.30794,-0.000228773
2.39855,3.60736,30.4276,2.22903,1.29009e-05
4.18261,3.62476,26.7085,6.4567,0.0371862
3.51266,4.93103,26.2212,5.68685,0.0105909
4.55073,4.4822,26.1823,10.2695,0.000597589
4.85534,3.25079,2.14333,8.83341,-3.58177e-05
3.71666,1.31925,36.2649,11.0091,0.00177732
4.95173,1.72682,36.2458,7.89203,0.586337
3.13725,4.46212,32.0139,11.8839,9.22499e-06
1.57313,3.52643,8.72673,7.11473,-0.000228881
1.38862,1.16797,24.0393,6.33674,0.00232947
1.01211,3.63518,31.1548,7.16912,0.159619
2.32174,4.66148,8.137,10.0822,-5.40372e-06
4.49458,4.13261,7.37098,3.08822,-1.39577e-06
3.03505,4.58858,31.3972,9.72677,0.0189787
1.7139,4.64936,20.41,3.98959,8.4986e-06
3.59177,3.79024,20.8027,5.49519,0.000380412
4.68284,3.66188,38.9947,4.42209,0.0292139
4.41872,1.49355,28.874,5.30485,0.0223834
2.15624,3.89491,8.18139,2.46513,-7.53976e-08
1.49287,3.57214,12.9816,11.0712,-6.94809e-07
1.68872,3.5195,19.059,8.49238,-0.000130624
2.74445,3.86113,20.6758,3.71424,1.33859e-05
2.04081,1.69664,36.3436,6.47978,0.365543
3.76916,1.96386,12.9683,11.5292,-2.46318e-07
1.0465,1.73887,30.7574,9.74967,0.00341978
4.82503,1.03244,15.3284,5.21327,-0.000187093
1.66977,2.78145,38.161,9.89996,0.00846726
4.46766,4.84904,14.6034,8.2428,-0.000513605
2.91174,3.11462,23.7088,10.1214,0.000165039
2.06921,4.47321,17.6289,2.15243,-2.46282e-08
1.49201,1.89229,6.77247,2.68088,-9.21938e-08
4.26466,3.93488,39.9067,6.28727,0.203305
1.4804,2.72803,20.1661,3.4583,8.37238e-07
1.47134,3.53312,6.86667,7.7606,-8.07356e-05
3.89861,4.47321,21.8703,5.40527,0.00105437
2.55391,4.86442,35.6018,4.48814,0.0426114
2.91096,3.87879,27.8176,8.96641,0.00749378
3.63116,3.03982,34.7112,3.84282,0.0173992
2.79429,2.39284,23.8232,2.62898,5.52856e-06
3.37771,4.79442,33.8339,7.19346,1.1368
4.68143,3.71732,1.38657,5.71943,-6.79791e-05
3.81266,1.60466,23.914,8.31839,0.00315345
3.58568,3.33278,24.0442,5.05828,0.00168199
2.44431,1.15926,30.3661,9.35012,0.0103493
2.13522,4.384,33.1932,8.1725,0.222378
3.2178,2.05354,38.1799,8.80735,0.0835048
2.11013,4.06325,17.8395,4.80511,-9.02051e-05
1.23865,3.74225,36.2029,4.87428,0.0355867
3.62236,1.56478,5.34545,10.0135,-4.7915e-06
2.54552,3.11527,36.3309,6.17183,0.386969
2.97981,3.36404,14.4135,6.3492,-0.000624415
2.91487,2.83572,2.49064,10.6817,-7.86479e-07
4.57881,4.19994,3.39353,8.23327,-9.25356e-05
2.35691,1.75582,11.8252,7.18334,-0.000430412
4.22543,1.34512,14.5013,4.07498,-2.64236e-05
4.02635,1.23309,23.9361,6.19238,0.00561469
3.21444,3.42271,12.7381,11.4539,-3.41016e-07
4.74669,4.95213,10.7732,5.51965,-0.000208017
3.70886,3.86902,38.669,11.7982,2.55742e-05
1.431,1.99262,36.3283,6.4112,0.251545
4.23971,3.01031,32.1021,9.31407,0.0649198
4.27796,4.76108,13.1625,10.1187,-2.11455e-05
4.52445,4.60648,18.3406,2.82603,-2.83361e-06
2.09173,4.08143,23.3398,10.5189,4.67006e-05
1.78923,1.436,15.8179,2.69423,-4.57861e-07
3.25814,1.69407,5.19526,10.0896,-3.76869e-06
3.89294,1.10262,23.5361,3.95583,0.00016435
3.1218,1.90822,37.6667,9.22289,0.0519322
1.23834,1.30725,12.6371,10.4941,-1.75813e-06
1.57293,2.13519,22.9938,11.8709,5.35925e-08
1.4272,4.10606,31.5257,2.51455,9.69173e-05
1.68732,4.31721,9.06735,2.58674,-1.23201e-07
1.86418,4.54268,38.8855,8.78997,0.0426661
4.55508,1.58939,34.6715,5.32203,0.194986
2.14018,3.36436,22.7888,9.78043,0.000151562
4.88883,1.21339,21.4645,11.7192,2.89669e-07
4.16447,3.32672,27.4585,3.55422,0.000650648
4.54249,3.60244,27.9553,4.23088,0.00347034
1.45265,1.88062,8.18037,8.14975,-5.07763e-05
4.28621,1.54648,15.1419,6.23556,-0.000704788
3.07258,3.77216,17.4369,8.90961,-0.00019845
3.86841,2.83016,12.4812,7.37899,-0.000745977
4.84156,2.38342,32.5706,3.31261,0.00584022
3.25062,4.46002,33.3043,9.35571,0.0659176
1.9667,2.33263,9.64127,4.77528,-2.10673e-05
4.99386,1.83811,31.1122,9.04369,0.0627071
3.0186,1.32179,1.20317,4.27776,-3.72562e-06
3.28787,1.46803,28.4168,11.0271,0.000151522
4.9294,3.50591,24.1798,3.14719,6.78152e-05
2.96255,4.0954,10.638,11.392,-3.00984e-07
2.13731,3.27708,20.2444,10.2932,3.24837e-06
3.21078,3.02245,8.99102,10.0349,-8.48798e-06
2.98958,3.494,2.91859,2.57175,-8.35766e-08
4.30473,2.77973,24.7273,4.67396,0.00144533
3.69671,2.92971,32.1789,8.22711,0.263381
1.41574,1.221,27.2982,9.47171,0.000894165
4.77807,3.10947,24.6402,3.13597,7.52391e-05
2.96497,3.4397,7.55526,6.14961,-0.000160866
4.55022,2.79599,39.7187,7.51033,0.281786
2.71205,2.06922,1.73572,6.17814,-6.13595e-05
4.20384,3.70917,33.9978,7.69908,0.779876
4.73442,2.79366,16.8148,11.1386,-3.09981e-06
1.51925,1.76962,6.67153,3.912,-2.19453e-06
3.24285,4.70707,20.7693,5.79415,0.000500497
2.411,4.30434,12.1472,5.92821,-0.000217824
2.40401,1.42731,33.993,9.44052,0.031773
4.73843,3.42433,36.101,10.7085,0.00695214
2.23639,1.9397,1.92469,10.3461,-1.07039e-06
3.12995,1.01696,39.6481,8.6858,0.0326631
3.96941,1.20874,20.8099,2.71296,1.13197e-06
1.11245,1.78564,27.2449,6.09205,0.00689689
4.2002,3.0458,19.565,9.8735,-2.07338e-05
4.77412,3.90348,16.7029,4.7217,-0.000171114
1.94255,1.90432,7.68197,4.35048,-7.32132e-06
1.01608,2.19819,14.8774,10.5428,-2.32581e-06
1.68373,1.95125,7.30613,5.6231,-3.93508e-05
1.54544,4.18291,33.3311,5.7244,0.142134
2.80236,4.01248,23.6463,2.92814,1.6862e-05
4.75685,4.72754,5.42609,8.6584,-7.35114e-05
2.24502,1.20589,28.9705,9.7976,0.00199807
1.88606,3.72127,33.959,7.00603,0.734488
1.03194,1.86117,19.2223,3.92977,-4.90385e-06
3.49728,3.85184,2.14615,7.21123,-0.000192053
4.22222,3.58848,11.8156,7.73597,-0.000516884
1.86758,3.51614,33.9368,9.59701,0.0252683
2.68129,3.50756,20.6807,3.05033,2.65407e-06
4.94908,2.7422,19.3175,10.3521,-1.3653e-05
3.5915,2.38441,25.9012,5.38665,0.00536593
4.40135,3.53546,13.6312,2.88845,-2.01922e-06
2.21749,3.23375,30.7007,6.45819,0.1766
4.84696,4.36481,14.1743,11.9389,-5.43114e-09
2.45064,2.01032,24.5317,11.6407,1.55589e-06
1.69612,4.33655,14.6633,2.75152,-6.11727e-07
2.54511,4.52593,9.00396,3.32921,-1.90963e-06
4.97115,2.55266,24.788,9.81565,0.00074223
4.12922,4.68036,19.4635,3.93742,-1.88063e-05
3.19582,1.64547,21.4933,9.04244,0.000264486
2.65627,1.1063,32.3075,9.62933,0.0183033
2.36919,4.93265,6.33462,7.54513,-0.000164177
3.03192,3.40825,38.6077,6.95951,0.609297
3.03887,4.08784,19.167,5.84977,-0.000344792
2.26975,1.80418,22.6772,6.93666,0.00465254
4.23159,4.78227,1.57241,5.32376,-3.91847e-05
1.72239,4.62237,13.1369,9.03168,-5.1938e-05
3.30484,3.5229,38.5081,4.4574,0.0280357
4.91822,4.05015,21.7446,2.15451,1.41713e-07
4.48042,2.37086,17.8952,7.38099,-0.00169881
3.73485,3.95224,12.3284,3.23138,-3.68812e-06
1.78706,1.40876,11.8609,11.7476,-1.97618e-08
2.40652,1.61541,18.0705,3.66357,-1.03643e-05
4.25254,1.18273,2.76141,9.04768,-1.76185e-05
2.72763,2.2849,34.8736,10.1773,0.0116135
4.74951,2.03801,21.2941,8.80406,0.000500626
2.21602,1.23554,31.0992,9.39716,0.01374
4.16655,4.91924,18.0545,3.86552,-3.63475e-05
1.81504,1.23121,10.8747,9.51388,-1.18399e-05
3.41261,4.59096,9.82886,6.89387,-0.000626397
4.15577,2.33878,12.8889,10.768,-3.97755e-06
4.67807,2.74658,28.5666,6.67351,0.127709
3.24993,3.20729,29.4508,3.20797,0.000667005
3.1674,4.8611,5.27934,4.80243,-2.22239e-05
1.93787,3.36035,38.6698,8.10159,0.115169
2.42195,1.12902,21.8752,9.97294,4.93948e-05
2.35371,1.09191,35.3212,9.31738,0.0337257
3.36735,3.75411,18.9307,2.95843,-2.47867e-06
4.83499,2.80004,2.99022,5.34643,-4.89252e-05
4.69399,3.94932,15.5494,5.60182,-0.000499604
2.83764,2.11081,15.8682,3.08259,-2.95188e-06
1.81121,1.78426,20.2852,4.14589,6.28569e-06
1.69281,4.73146,3.9617,11.0637,-2.17447e-07
4.9095,1.41642,32.3334,5.99864,0.381505
4.75315,2.45066,20.1792,8.24566,0.000122606
4.25597,1.71553,29.4091,3.7497,0.00241396
2.56024,3.2836,12.2221,3.41481,-3.72053e-06
3.96243,3.13596,39.7282,8.43816,0.0824806
4.73691,1.25614,26.4724,4.73027,0.00280908
4.5969,4.09517,31.411,10.6513,0.00442959
3.73033,4.07221,12.2866,8.28992,-0.000260341
4.00977,3.26198,12.1979,5.56606,-0.000218291
3.6278,2.26813,18.2359,3.6358,-1.61579e-05
1.81751,2.77273,27.454,6.60354,0.0255674
3.84037,4.83783,23.1323,10.7565,4.56915e-05
2.49467,4.37985,13.9526,7.93539,-0.000365842
3.30339,1.11373,31.9263,3.9961,0.0102739
3.88877,4.88518,14.6009,5.99988,-0.000603228
4.58745,3.53329,9.40334,3.87764,-1.13437e-05
3.20774,2.29653,16.7984,10.0414,-2.77097e-05
4.51856,4.95502,1.16352,3.3423,-1.2392e-06
1.21699,4.26861,3.36712,9.72555,-2.76939e-06
2.29157,4.09869,6.50704,6.76789,-0.000220345
3.44052,4.56629,16.4997,11.1784,-2.12596e-06
1.53592,2.16743,9.99073,6.23286,-0.000117504
4.94862,4.82114,24.7626,10.3318,0.000313647
4.64479,2.11695,35.4824,2.05194,2.97893e-06
4.4654,4.92335,15.1753,2.71298,-1.56028e-06
3.11344,3.04553,23.8809,8.09617,0.0040965
2.26052,3.55143,34.6916,10.4117,0.00666118
3.53141,2.7188,38.5107,2.52855,0.00022911
3.90205,4.22743,29.2365,4.21806,0.00616656
1.72902,3.6461,18.5071,10.7212,-3.62148e-06
2.95822,4.3097,27.3225,2.22407,2.70979e-06
2.52117,2.93284,4.34134,2.85251,-2.35463e-07
1.53653,2.18086,39.7269,8.38766,0.0309074
4.01924,4.91822,16.9695,3.45755,-1.49389e-05
3.36051,2.58113,14.6152,3.99012,-2.30306e-05
4.81003,2.32499,37.5997,8.33506,0.300505
2.75368,1.46536,13.8786,5.72753,-0.000192398
2.32426,3.16096,3.71734,5.77114,-4.62927e-05
1.13204,2.80449,1.97841,10.1108,-9.7819e-07
3.64777,2.9769,19.6967,3.82309,-7.33704e-06
3.31605,1.14957,23.7879,3.26421,3.5906e-05
2.78167,4.56334,33.4418,10.4578,0.00757217
1.8722,4.07074,20.0509,9.03368,5.14071e-06
1.44423,4.28727,13.8069,8.57101,-9.21701e-05
4.63073,4.91939,2.02785,11.1935,-3.08708e-07
4.58811,2.35728,6.93649,3.10365,-1.21801e-06
1.52794,3.42723,13.719,2.62146,-2.68433e-07
3.97034,2.50252,5.05107,3.78828,-4.03036e-06
2.91867,4.46226,10.76,11.6976,-5.65483e-08
3.89031,1.30676,14.1472,10.1157,-1.57807e-05
1.5659,2.17141,1.42751,2.3071,-7.17208e-09
2.81339,2.7825,19.5977,7.69359,-0.000278527
4.68657,3.41867,36.6664,8.95555,0.164921
4.74749,1.20971,13.1681,5.2672,-0.000146633
1.41339,3.86307,24.699,10.1602,0.000118391
3.91279,4.62045,4.00384,3.89295,-4.89172e-06
4.23082,2.0496,2.12909,5.65074,-5.24889e-05
3.99632,4.42297,32.107,7.76572,0.529318
4.64945,4.86946,4.6935,8.42301,-8.95733e-05
2.64126,2.98718,26.4726,9.876,0.000769571
4.75933,2.93639,10.5947,2.44442,-2.03339e-07
1.96064,1.69498,23.8093,9.3791,0.00035181
4.04814,4.33748,21.3247,10.765,1.505e-05
1.44489,1.73194,25.4673,10.3655,8.80316e-05
1.1439,4.96981,17.3511,11.6548,-8.57515e-08
3.08724,4.41634,12.44,10.2666,-9.89161e-06
2.31162,1.67918,3.83401,6.36092,-7.78074e-05
2.67222,4.3421,27.8053,8.42044,0.0147729
3.56382,4.14989,32.513,7.20642,0.976336
4.98642,3.33047,7.04949,7.10365,-0.000565659
4.58594,1.66887,36.1571,10.3929,0.0111752
1.81016,2.30156,26.1347,7.69799,0.00924298
2.55424,4.61865,28.2104,5.77986,0.0228633
4.27782,3.13346,23.9641,2.40034,3.13827e-06
3.54978,1.69081,13.8781,10.4396,-7.84313e-06
1.84759,1.75082,27.5714,5.73065,0.00860714
1.14929,4.70923,5.72049,4.75576,-7.92841e-06
3.06033,3.11281,6.39571,8.9641,-3.2275e-05
4.71178,2.29994,13.4165,2.86976,-1.75208e-06
1.03458,2.1974,24.1841,11.7044,3.71547e-07
3.43845,4.48633,32.3108,10.2528,0.0117287
4.87399,4.8683,5.57946,3.40859,-2.7266e-06
2.75908,3.32488,15.4871,9.70937,-4.00335e-05
4.25807,3.01911,38.5134,6.81986,0.755673
1.37391,3.30505,38.8985,3.96004,0.00390552
3.37242,1.81002,20.574,8.69838,0.000152813
4.4737,3.75316,31.124,10.9332,0.0017571
2.81119,1.77611,32.3013,9.57582,0.025751
1.82622,4.54776,27.9884,2.87678,6.82888e-05
4.92356,2.36485,34.5141,5.40932,0.271544
3.94391,1.46497,30.7238,4.47856,0.017377
3.68031,4.57743,5.10969,4.63025,-1.91319e-05
3.24764,4.74061,33.5494,10.8753,0.00325902
4.8219,4.91485,10.1571,11.4103,-4.33232e-07
2.37539,1.20199,15.8571,11.1258,-1.06474e-06
3.42145,1.47437,26.8703,11.5078,1.15758e-05
4.53894,2.20503,14.7479,5.77325,-0.000453102
3.53515,2.94582,1.5224,5.3542,-3.06164e-05
1.74517,1.84449,25.4255,2.71846,8.87118e-06
3.19773,1.57324,3.55916,6.82373,-0.000167187
4.21194,2.21233,8.90864,3.9217,-9.28066e-06
1.15438,3.66873,17.6112,8.07944,-0.000222064
1.48968,4.16943,5.67877,7.75075,-7.25167e-05
4.29397,1.66729,31.2726,8.49782,0.121291
4.86676,1.09739,11.3246,8.20683,-0.000208696
4.46012,3.7693,17.0153,8.75358,-0.000351623
1.5373,3.74543,25.102,11.2737,8.53179e-06
1.71141,2.04561,29.4749,8.90626,0.0102877
3.22641,2.47075,20.7131,6.23607,0.000669744
4.02268,4.17213,3.71935,4.51912,-1.43459e-05
4.16407,1.29171,10.458,3.38014,-3.0542e-06
4.8352,4.17822,28.7043,4.84548,0.0154936
4.5442,2.6127,31.9335,4.38405,0.0386083
1.82811,1.51313,14.945,9.12086,-4.86306e-05
4.48626,1.54,24.8239,6.86155,0.0207469
3.01501,2.67965,20.725,3.61161,1.17887e-05
4.26079,4.31178,29.4752,3.85223,0.00396082
4.38714,2.58891,1.82039,10.0619,-3.99673e-06
1.02271,2.77107,4.14755,8.9968,-7.37954e-06
4.11984,2.1179,38.3442,6.66525,0.609181
2.46781,2.83459,6.63292,10.8793,-6.9207e-07
1.222,3.28943,36.4972,7.28143,0.342266
2.29842,3.32786,9.28058,8.56891,-6.52328e-05
4.07118,1.33307,18.796,2.38022,-2.10713e-07
2.09865,4.43164,20.7146,4.88225,8.47899e-05
3.28619,2.99911,17.1763,6.12988,-0.000767458
3.22835,2.31942,29.9504,3.10459,0.000623647
4.73142,4.99222,17.6796,4.09911,-6.58119e-05
4.58319,2.37371,12.9252,7.44635,-0.000845459
4.4338,3.93538,30.9481,3.17789,0.00215425
3.63388,4.41594,19.3684,3.26091,-4.33111e-06
4.96817,1.15226,35.9356,2.64533,0.000690016
1.37621,3.95732,7.05461,6.15115,-7.17003e-05
4.28204,1.20562,39.8739,8.7038,0.0412333
3.00903,3.57648,38.6483,8.72429,0.0816135
1.53462,3.02964,14.4229,11.798,-2.08313e-08
2.62263,3.22647,23.05,10.876,2.02412e-05
4.65678,1.32105,28.7209,6.28997,0.0705009
4.91871,2.51025,10.1961,8.40217,-0.000186842
3.58008,1.21641,13.2733,10.1987,-1.02429e-05
3.01771,3.36134,10.726,7.10336,-0.000602399
2.33404,2.38953,8.93593,10.2029,-4.14558e-06
3.96677,1.7682,25.8161,2.29135,2.56044e-06
3.18801,2.31919,32.9805,7.79985,0.433497
1.0916,3.90336,13.7326,11.4777,-1.26903e-07
3.56712,1.26438,37.5654,11.7543,4.19483e-05
4.61905,4.57469,29.4185,3.02378,0.000606295
2.97511,1.30576,34.8918,6.25387,0.377912
4.57613,3.32818,10.6477,11.311,-6.18312e-07
1.89331,1.89281,21.774,4.67956,0.000134168
4.80861,3.33145,24.031,3.92911,0.000350223
3.22639,2.33186,30.8981,6.64417,0.323276
2.23276,1.34669,8.35667,6.82201,-0.000212026
2.7833,4.7363,22.6392,5.4405,0.0012526
2.99085,3.99563,36.6357,6.27651,0.531673
3.10398,3.63444,34.8001,6.05593,0.43305
3.06913,4.21099,4.97483,9.37835,-1.52212e-05
4.06269,4.91507,30.674,2.16055,1.23339e-05
1.70722,2.44696,9.63981,9.54667,-1.11296e-05
4.39524,1.34773,26.6944,10.5294,0.000293677
4.55185,3.29567,13.3909,11.8592,-2.40349e-08
3.25223,3.92477,3.23905,11.5613,-5.02322e-08
1.88371,2.31351,19.8017,8.07203,-5.92798e-05
2.02685,4.54585,34.8529,7.38837,0.554985
2.34117,1.38043,28.2741,7.33568,0.0426094
3.12436,1.53139,20.1022,8.42802,3.04007e-05
4.64046,1.77653,7.76137,11.6262,-7.24538e-08
4.74741,4.62056,8.04591,4.59718,-3.54659e-05
2.87629,2.23284,31.7643,6.30849,0.306368
4.03937,1.3465,12.1987,5.85773,-0.000238781
2.12412,4.05394,13.5015,7.70134,-0.000372173
1.67758,1.23383,16.6016,5.31472,-9.76873e-05
3.72219,2.13366,32.1404,6.81286,0.78478
1.22162,1.92821,39.1421,5.39043,0.0249054
2.22461,2.79036,2.01342,10.6388,-6.25246e-07
4.2315,4.26919,36.6606,8.13292,0.467326
2.89287,1.80896,24.3924,6.8807,0.012096
4.13956,2.05512,21.1146,11.2303,2.60054e-06
3.91168,1.01697,37.3786,2.03477,7.07725e-07
3.54748,3.8391,34.5646,3.86563,0.0187357
4.19796,2.2911,39.0626,10.4509,0.00429156
4.50141,4.04837,7.18471,8.63645,-8.89682e-05
4.06464,3.33213,24.4199,8.92645,0.00228241
4.58859,4.88011,35.6764,10.6241,0.00890373
4.79704,1.39149,14.737,10.4997,-9.99873e-06
3.70536,1.1426,29.7522,9.49159,0.00857118
2.78523,3.06376,31.8806,7.32876,0.507385
4.4078,4.78967,37.8022,8.54008,0.234094
4.94721,3.15298,24.9546,11.1588,3.71325e-05
3.5655,4.04166,14.3333,2.64409,-7.93817e-07
2.54275,2.5165,30.2677,4.08721,0.0052357
2.10069,1.46848,10.8473,5.06544,-3.56908e-05
3.36237,1.52124,39.8329,5.21127,0.0325748
4.94586,4.64239,32.4412,11.944,3.69567e-06
1.03591,1.60898,16.7153,4.10494,-1.02951e-05
1.73834,4.69421,2.42871,6.56598,-8.09567e-05
2.6215,2.96505,39.7923,3.20222,0.000821685
2.0292,4.66329,35.7613,3.51547,0.00537289
2.03807,3.01645,10.0848,6.97586,-0.000387233
3.03961,4.67688,39.3156,9.80872,0.0111417
1.01283,1.4165,33.7557,6.55666,0.184652
3.52416,4.98208,11.0649,9.28991,-5.11332e-05
2.39329,2.52092,26.566,10.4677,0.000215542
4.01788,3.68808,9.07217,10.2091,-8.03302e-06
2.86653,4.10769,5.91203,8.67059,-4.53584e-05
1.74808,4.95695,29.9803,3.15547,0.000469711
4.70893,1.2105,18.9022,10.3218,-1.44411e-05
1.2365,4.85902,3.19109,6.00901,-3.36869e-05
1.55023,3.17254,36.0296,8.85747,0.0636964
3.34086,1.21169,1.98954,10.2824,-1.52708e-06
2.49559,3.69217,32.0264,10.1833,0.00853799
3.31766,2.92668,32.2611,8.53026,0.164193
4.43992,1.23816,1.52091,2.27612,-1.30304e-08
3.7791,3.94623,14.9352,9.17451,-0.000122688
4.99492,1.97648,16.9332,9.40754,-0.000124566
1.17467,4.69879,39.0496,7.82201,0.0848654
4.88849,1.12262,17.6592,8.57372,-0.000336106
1.60096,2.68417,27.5428,3.67576,0.000320454
3.39792,4.91344,8.32802,7.15316,-0.000477271
3.00544,1.45204,9.38447,4.7335,-2.45394e-05
1.65363,4.28167,15.2579,3.05685,-1.73538e-06
2.1433,3.52511,15.3227,6.38824,-0.000554322
3.80058,3.02506,32.7989,5.50014,0.226445
3.40141,2.63465,9.16709,11.3675,-2.73401e-07
3.17029,4.56946,1.58472,2.86324,-2.39118e-07
2.46519,1.70683,3.96345,10.8689,-4.23368e-07
1.71804,1.58871,39.6069,6.97094,0.157445
1.65309,2.22507,19.1879,10.6119,-2.75006e-06
4.72371,3.73079,28.2439,5.23646,0.0201713
4.81471,3.4469,36.5141,10.7942,0.00559482
3.84787,2.77127,30.1255,9.62644,0.0123069
1.34207,3.62582,15.4189,6.86322,-0.000591021
4.85334,3.79299,9.96802,5.41311,-0.000154178
4.79587,2.02859,22.151,5.79288,0.00210286
3.74561,2.2585,13.1787,2.60304,-4.95373e-07
3.57163,3.74199,2.77184,9.53987,-1.00435e-05
1.34163,4.13974,7.98889,11.1131,-2.51011e-07
2.51819,2.59765,34.9207,9.06363,0.0733539
1.02288,2.17744,28.165,2.41195,4.97019e-06
3.6158,3.15432,24.488,5.92887,0.00639036
3.70586,3.54708,17.7051,4.41704,-8.3685e-05
1.44017,1.97351,30.0169,2.06394,3.38988e-07
3.56396,2.08814,35.2009,8.99486,0.107531
4.92775,3.92526,38.133,7.55679,0.736394
4.53421,3.42512,10.0042,11.0836,-1.21963e-06
1.3773,2.04335,24.9001,7.35459,0.00580561
2.86336,3.3088,10.1423,4.51127,-2.4043e-05
3.34872,4.67564,16.1076,9.61278,-6.73942e-05
3.78798,3.82761,16.5391,11.891,-2.00476e-08
3.12694,1.94793,28.4456,2.42018,1.7906e-05
3.72351,1.54929,4.041,5.9703,-7.90619e-05
3.84967,1.1321,26.3573,2.59743,1.48937e-05
4.07541,3.81204,4.07102,8.82832,-3.99465e-05
3.12529,3.3286,2.46328,7.99267,-7.19745e-05
2.66017,4.38209,5.82059,9.61635,-1.01151e-05
4.88519,3.75966,32.623,3.14292,0.00434067
1.07379,3.36315,25.5027,7.30765,0.00705672
4.88343,4.39183,24.1546,5.62184,0.00547659
1.14388,1.01919,31.0249,7.82556,0.0525224
2.60669,1.93202,24.0172,5.56194,0.00206463
3.5565,2.49052,4.74474,5.97232,-9.7436e-05
1.65207,3.9747,35.1556,11.6642,6.89611e-05
4.58533,3.50053,8.83126,7.92291,-0.000277307
3.30502,1.40434,26.0532,6.29872,0.0135822
1.6718,3.12091,37.5707,3.21773,0.00164878
2.52401,3.58015,30.7173,10.6563,0.00159397
1.97394,2.1043,29.827,4.45833,0.00559517
1.65518,2.77461,21.615,2.10777,1.84333e-08
4.44183,3.83636,11.146,10.153,-1.39429e-05
1.69964,3.15358,26.4765,7.60917,0.0122087
1.42482,2.87628,7.23624,6.51307,-0.000106761
4.18545,2.82085,12.7329,8.15028,-0.000345787
2.48678,4.07528,33.5365,5.49757,0.172332
2.51675,3.54839,31.786,11.1459,0.000712178
3.93999,2.74384,39.2004,6.82684,0.473561
1.36683,1.01306,5.97493,2.13539,-1.35149e-09
1.80642,2.91642,2.22192,2.47853,-2.8416e-08
3.28575,1.17969,29.8493,2.79852,0.000181408
4.1332,1.94557,3.34037,2.07739,-1.16889e-09
1.71292,4.53315,27.6483,3.25614,0.000156573
2.87309,4.51624,18.5201,7.83481,-0.000683997
1.26419,4.12627,7.868,11.2429,-1.49655e-07
2.22344,1.72838,35.6348,2.64314,0.000363254
1.65112,1.96487,23.8579,9.12199,0.000473268
4.48716,3.06006,6.49532,9.25093,-3.11647e-05
1.95276,2.16791,14.3212,6.41445,-0.000384608
1.68621,2.33211,4.2647,11.1074,-1.66581e-07
3.92198,2.61965,18.432,11.9302,-7.26341e-09
1.24258,2.80777,10.1105,2.76317,-1.94344e-07
4.55614,1.95054,1.47464,7.26466,-0.000181694
3.45155,2.52846,8.71953,3.42991,-2.75104e-06
1.90597,1.27494,19.631,8.91518,-2.79839e-05
3.482,2.67852,6.9969,4.01551,-7.297e-06
4.6928,2.52969,22.2027,10.6087,4.27047e-05
3.97394,1.01587,20.1785,5.95341,9.26314e-05
4.3466,1.40897,23.9717,8.67446,0.00218645
4.72816,2.31731,15.1174,10.3066,-1.91142e-05
4.82297,2.48431,13.2425,9.09419,-0.000117176
3.41917,4.51459,21.4006,7.11441,0.00368265
2.91058,4.78491,30.1376,11.0467,0.000482295
4.28527,1.0611,15.5728,3.49742,-9.03197e-06
2.24639,2.57149,28.5417,6.05964,0.0297368
3.29015,1.44062,17.3213,4.60497,-7.61649e-05
3.57711,1.268,12.0214,2.28056,-4.93766e-08
3.24873,3.54761,3.12408,3.88876,-3.41825e-06
2.13326,4.87641,5.60944,3.79644,-2.75617e-06
3.27904,2.35867,10.1227,2.5738,-2.30849e-07
3.02982,2.96168,10.7879,10.9636,-1.27869e-06
2.52809,3.9051,20.3142,2.19595,1.67107e-08
2.80848,2.69182,4.03774,7.14892,-0.000191523
2.50469,3.01015,5.02582,7.98141,-7.92323e-05
2.33917,2.05766,37.1492,11.8705,9.02062e-06
4.01014,2.35191,8.35196,10.1105,-7.77842e-06
2.20555,2.68826,12.7577,9.49591,-2.69505e-05
4.38657,2.19873,13.4452,9.50222,-5.647e-05
4.08891,2.17997,21.1339,11.2286,2.68906e-06
4.85232,3.21522,37.816,5.38735,0.214593
3.96686,2.67148,34.209,10.2299,0.0158781
4.49119,3.88259,22.531,8.98779,0.00101304
3.10832,1.65549,33.9888,4.02399,0.0173345
4.40069,1.56821,34.4016,2.17327,3.18458e-05
2.28479,1.61446,22.6015,10.6217,2.16864e-05
4.8721,1.33721,33.0632,3.01512,0.00238006
2.35783,1.10546,12.8892,9.0628,-4.15266e-05
1.52823,4.61148,1.61813,8.37221,-2.11619e-05
2.09078,3.7125,17.8315,7.37695,-0.000895593
4.33111,3.64319,39.0252,4.75582,0.0451809
2.3996,4.37003,39.5747,10.6081,0.00148762
2.60021,2.2967,26.4763,7.98429,0.0110868
1.62169,2.3413,2.86831,9.85,-2.41016e-06
3.53207,2.93901,20.5272,6.25103,0.000555662
2.02394,4.36575,6.23809,8.06037,-7.4403e-05
3.94437,2.69826,31.3869,11.5276,0.000183477
2.90625,3.28919,6.79263,5.67117,-7.78647e-05
3.2858,3.47624,10.0352,8.34922,-0.000141437
4.26264,2.04452,24.6396,11.8464,4.24948e-07
1.73181,2.42845,23.6766,4.33867,0.000208215
1.00735,4.6446,30.6511,10.2524,0.00156495
2.69067,2.55786,17.5498,8.93496,-0.000152566
2.18064,4.93863,10.8254,6.87161,-0.000465349
3.76934,2.63226,13.3359,7.34801,-0.000856083
2.96249,1.18607,1.02311,6.80642,-9.89982e-05
2.63011,3.58337,27.9704,11.4567,2.59636e-05
2.22549,2.13604,32.5107,11.284,0.000436084
2.32958,3.64971,32.4784,3.47901,0.00451532
4.8852,3.36391,21.3409,8.28628,0.00123168
4.07123,2.79873,20.6395,2.29528,1.3652e-07
1.31776,2.61866,32.2193,11.2617,0.000273404
4.40913,3.01073,37.1363,5.63514,0.316645
2.89425,4.20786,14.6554,11.9444,-2.87985e-09
4.94561,4.57085,17.8986,10.2787,-3.24223e-05
2.69563,2.92268,15.4311,11.3892,-5.86199e-07
1.85703,1.93513,24.0364,11.6547,8.61512e-07
3.9119,1.02984,29.2427,4.73209,0.00904933
1.91558,1.14612,18.3575,2.58011,-3.03066e-07
4.03951,2.50403,9.5277,10.0055,-1.16622e-05
3.15433,2.81701,4.38097,7.08379,-0.00024334
4.93799,4.11525,2.00772,5.6227,-6.96981e-05
3.19701,1.58944,17.1123,4.21443,-3.97253e-05
3.15952,3.05231,15.8016,5.73966,-0.000393848
3.76091,2.56293,14.0204,5.75723,-0.000338561
1.32063,3.16822,25.6879,8.60793,0.00195295
3.29247,4.95902,38.3154,5.24925,0.107782
3.32852,2.15367,30.163,10.3735,0.0024909
3.2733,3.19756,7.60643,9.37415,-2.2229e-05
1.23916,3.23845,33.5842,6.10939,0.175928
4.48263,3.03571,16.7526,11.8621,-3.79109e-08
1.47396,4.27905,24.6849,8.23518,0.00246474
4.48073,1.00235,3.98529,5.46629,-4.10572e-05
1.05001,1.73583,14.1835,8.13641,-9.79782e-05
3.61771,1.09556,10.3648,4.2984,-1.50296e-05
2.67709,1.01016,27.5259,4.62485,0.00202173
2.12222,2.75111,36.6286,6.93126,0.701514
3.6777,2.21916,9.16149,4.13449,-1.25003e-05
2.70208,4.1822,19.8966,6.38441,-8.97881e-05
4.2178,1.93149,14.8169,9.33848,-8.60919e-05
3.96283,3.02404,11.6286,2.23468,-4.59966e-08
4.20099,3.0813,21.5183,6.32641,0.00252206
4.31735,4.22497,10.2387,10.6181,-4.40289e-06
4.84928,1.85291,26.2178,11.9918,2.30216e-09
2.14078,1.15692,24.7106,7.41615,0.00623122
3.80804,4.42746,25.8509,4.69246,0.00235912
4.51098,4.23384,24.1532,6.5494,0.0151003
2.18634,3.78427,16.0531,8.99454,-0.000109869
4.64223,1.28654,16.0917,10.3785,-1.51532e-05
4.60886,1.73848,11.8224,9.28326,-5.84889e-05
2.82114,4.72444,5.23731,7.66858,-0.000145403
2.63951,1.28364,38.8842,6.92231,0.320831
3.81758,1.59831,1.18777,7.90594,-6.68787e-05
2.6054,4.2952,19.7567,10.163,-4.76392e-06
3.70696,4.20351,28.4636,4.99574,0.0129856
4.05147,4.77004,17.3704,5.86616,-0.000765338
3.59602,2.86791,20.3854,9.31379,4.91428e-05
1.35006,4.98748,29.9076,11.1985,0.000120073
2.09745,1.5411,33.0266,3.14888,0.00156708
4.32899,2.04677,20.2992,2.37362,9.91412e-08
1.93697,1.93193,19.9963,10.1065,-5.27647e-08
1.21399,4.95457,30.7172,4.17965,0.00448652
4.17152,2.75688,18.5978,5.77052,-0.000538334
3.2653,1.58274,22.4502,11.1454,6.71698e-06
2.06196,3.60977,23.071,4.61989,0.000330802
3.82393,1.62793,2.74785,8.40552,-4.38762e-05
4.30102,3.96163,36.3987,8.44674,0.320083
3.19595,1.65186,19.4486,10.1648,-9.23733e-06
2.64149,2.88422,33.1133,9.79478,0.0229964
1.18064,3.31413,19.3063,3.59394,-3.08297e-06
4.21329,2.74064,23.2699,6.23474,0.00611575
3.70812,2.08356,29.3093,10.3,0.00191531
1.3803,2.64637,1.85025,9.26927,-4.90694e-06
2.8709,3.35342,28.0849,10.7057,0.000340933
4.42056,4.31666,38.8811,9.62997,0.0278286
3.6265,1.99907,26.8502,10.366,0.000432895
2.59674,1.74634,18.2556,5.83083,-0.000341798
4.97256,2.24366,23.9089,6.57058,0.013133
1.81676,4.24442,3.77275,2.193,-4.63877e-09
2.2506,1.49364,23.907,6.03992,0.00280913
2.60355,3.20236,28.0944,3.05434,0.000163504
4.13461,1.96962,27.3195,2.40954,1.23789e-05
3.03751,2.56453,18.3166,3.14375,-4.32004e-06
1.83769,4.48516,22.3127,8.63314,0.000621398
3.70303,1.83191,27.2215,2.21334,2.3066e-06
4.64103,4.83492,10.3602,11.6222,-1.43591e-07
2.85126,3.45036,33.1044,11.6785,9.81132e-05
2.26004,3.83037,7.46658,2.25385,-1.71816e-08
3.70469,4.04645,8.12665,7.78539,-0.000244073
4.31411,3.51309,39.1073,11.1334,0.000803171
4.03648,4.32839,7.93149,6.4757,-0.000351658
4.16328,1.40605,8.37436,5.75594,-0.000119204
3.92711,1.35191,21.0982,11.539,5.52575e-07
1.10343,2.16535,11.5434,11.5659,-4.77909e-08
2.23274,1.40364,10.9257,6.91742,-0.000356439
2.08986,2.40459,38.8703,6.16572,0.140878
2.79588,2.16941,25.713,3.17197,6.91486e-05
2.42812,2.80095,36.2312,3.56112,0.00629904
1.65016,1.28505,28.9955,7.5964,0.0328464
2.2529,3.79381,22.5355,7.79309,0.00238919
1.79576,1.68829,19.2632,2.66698,-2.98241e-07
2.97184,3.56447,30.8898,3.67563,0.00434306
4.21548,4.48348,1.16507,3.68061,-2.41426e-06
2.76339,3.88006,10.2198,8.23111,-0.000145729
1.89727,3.85041,9.88735,6.8422,-0.000322258
2.70632,4.07194,36.0579,5.80312,0.2822
2.69512,1.53253,19.2047,2.84386,-8.64665e-07
1.09326,3.74966,34.935,3.56446,0.00309565
2.18394,2.72829,2.08601,6.71411,-0.000101474
4.87536,3.58899,20.9791,11.7197,2.52436e-07
3.12448,1.94055,4.3027,6.42869,-0.000126937
2.3794,3.94681,22.5552,8.02296,0.00195796
1.30974,4.27939,28.2874,10.4987,0.000296345
3.38252,1.20902,30.7292,10.1829,0.00420654
3.0587,3.46911,13.2901,2.73203,-7.7019e-07
2.13655,2.28826,14.3942,9.34077,-4.26331e-05
3.29947,1.98859,21.6594,8.90605,0.000405829
3.7574,3.16505,13.2495,3.79079,-1.45144e-05
4.29723,3.52597,18.6188,11.7478,-1.26477e-07
1.43194,4.00012,30.5363,8.14711,0.0533355
2.7973,4.86906,37.0143,8.34696,0.231766
1.51712,2.34776,21.6493,4.26737,5.34666e-05
2.29258,1.57612,6.50519,10.3366,-1.88379e-06
2.04286,1.6478,37.7265,6.71254,0.370579
4.80247,3.75549,12.0559,7.55913,-0.000755328
2.61616,4.49733,29.6157,5.1184,0.0215857
1.92159,2.51306,27.7166,4.26943,0.00126651
2.90211,4.88897,1.94453,7.97728,-6.89956e-05
1.9055,3.37249,11.8736,5.14266,-5.56476e-05
3.03112,2.2416,12.1291,3.46615,-4.39887e-06
1.10695,1.01599,31.1043,7.34385,0.0908249
1.53165,2.34572,17.3549,5.13174,-9.2879e-05
1.04364,4.60768,14.8116,2.14398,-7.94847e-09
4.18112,3.75464,11.6113,11.6052,-1.68299e-07
3.04587,3.79846,13.9124,5.00365,-0.000106816
3.08337,2.79061,6.56751,9.36114,-1.78004e-05
1.49714,4.57734,1.69498,2.49964,-2.70962e-08
3.18492,2.41404,25.5419,4.36885,0.000885699
4.51456,2.71724,15.7421,3.55548,-1.5772e-05
3.62124,4.75126,32.0933,2.67892,0.000656129
1.01247,3.13442,22.8828,6.71152,0.00214692
2.58081,3.91488,24.0301,8.06172,0.00399272
4.43212,4.34678,4.91687,9.26768,-2.60849e-05
2.36806,2.03147,12.9377,6.87333,-0.000584556
2.6043,2.38958,28.0611,7.11938,0.0644061
1.11831,3.31125,39.9387,3.04043,0.000212434
3.90035,4.97466,26.3395,6.75163,0.0426829
3.00933,4.29036,37.2192,7.74501,0.488849
3.07116,3.61703,1.76251,3.69416,-1.86127e-06
4.07537,1.29726,6.21084,11.7811,-1.32633e-08
3.67228,3.32723,29.2209,10.3516,0.00184011
4.8733,2.48359,9.76087,11.2731,-6.10953e-07
2.46163,4.73452,24.31,3.40298,7.17431e-05
1.02179,1.68225,28.3181,6.95616,0.0278864
4.54952,3.1264,16.5386,9.11379,-0.00019569
4.37659,2.73857,37.8331,4.01114,0.0212923
3.72951,1.3553,11.7267,2.25375,-4.01503e-08
4.82401,4.61858,33.6178,9.70481,0.0567579
4.22444,3.40641,36.6721,8.30486,0.358494
3.60542,2.81551,8.92248,7.45693,-0.000356585
4.54024,2.73816,17.7784,9.44931,-0.000119443
4.16766,3.65479,35.8484,3.81843,0.01981
1.07285,1.46975,19.2293,5.92309,-9.32066e-05
1.20241,3.73506,34.4485,2.64879,0.000250362
1.92059,3.16992,18.3053,4.19654,-2.71682e-05
1.24718,2.37391,9.84732,9.19451,-1.45271e-05
3.86764,3.63492,38.2958,4.40801,0.0336448
4.93417,1.00442,23.3447,7.24137,0.00901855
2.95748,2.24073,36.6538,11.6103,0.000146262
1.40887,2.76751,36.9152,2.41789,8.50253e-05
4.37629,3.82554,17.1307,5.13651,-0.000299001
4.2462,1.0623,1.48247,2.7101,-1.16246e-07
4.99728,3.87537,6.71995,8.61158,-9.47605e-05
1.70639,4.1422,39.1107,2.30072,2.29297e-05
4.62321,4.34638,1.33924,8.23896,-7.25854e-05
4.0321,4.32297,16.1812,11.3961,-1.03958e-06
4.81144,1.35297,31.0672,3.63031,0.00520266
1.97349,1.15041,27.573,7.0426,0.0310499
4.35664,2.89495,1.42791,6.98222,-0.000250366
2.32416,4.70374,20.9186,6.55962,0.0010775
2.7101,2.01386,37.2602,6.88908,0.715973
1.55164,1.69668,9.19801,4.24999,-5.93432e-06
1.6831,1.06301,35.9777,8.2958,0.099615
4.0158,1.59017,21.3676,8.78332,0.000426554
2.147,1.51182,22.1629,8.42301,0.000646918
2.36563,2.38602,26.468,7.15892,0.0255048
2.98841,4.45027,11.1544,3.82928,-9.33815e-06
2.89089,3.15099,3.56736,3.29805,-8.72262e-07
1.06371,2.97947,30.0563,6.93885,0.0938659
1.27302,3.44341,13.388,9.22559,-2.8296e-05
4.77931,4.76404,36.1711,9.19698,0.129307
4.07291,4.368,9.35021,5.66798,-0.000168576
3.43307,4.46988,20.9589,9.51841,0.00010462
1.53734,2.1029,28.4896,4.48172,0.00207423
2.60916,2.30204,19.0654,4.44247,-3.75378e-05
1.01578,3.35502,37.7034,5.42408,0.0494481
2.80215,3.35845,38.3362,2.44915,0.000139217
4.68891,1.73861,12.8574,7.82542,-0.00050303
1.09106,4.82793,12.3846,6.88252,-0.000305189
2.26682,2.44689,18.2091,9.87346,-2.69128e-05
1.54186,3.73281,16.225,5.95552,-0.000279439
2.80077,1.85631,15.6369,11.0388,-1.89582e-06
1.83531,2.28394,17.3555,3.70875,-1.00369e-05
1.1044,4.9214,22.0578,4.14676,4.94273e-05
3.78242,1.23872,14.5434,11.6066,-1.76647e-07
2.8848,2.68959,35.1691,11.9472,2.05493e-06
3.77677,2.47132,18.3807,5.27239,-0.000261156
3.16943,3.20528,38.5795,6.41775,0.358318
4.68447,2.86433,23.6448,9.64577,0.000596797
1.1908,2.20531,12.7719,11.9643,-2.93057e-10
1.37906,2.10275,33.4429,8.59348,0.0709973
4.6642,2.26978,39.7855,11.6092,6.67481e-05
4.72207,2.04204,32.2494,2.60573,0.00054431
4.47674,4.50511,14.407,7.90484,-0.000741477
1.95909,3.74122,26.6495,9.93527,0.000586186
3.81604,3.38861,20.8311,6.07948,0.000853696
3.36261,4.46554,10.5052,3.6942,-7.19584e-06
1.44967,4.97357,14.1966,5.87278,-0.000179949
1.91239,2.41742,32.7293,5.04474,0.0564235
4.82919,2.31877,19.8807,11.1249,-3.65363e-07
3.05951,1.09211,18.107,9.47158,-5.37645e-05
1.17602,4.18787,8.45427,9.56915,-7.00005e-06
2.7202,3.24674,6.38353,11.2704,-2.23651e-07
3.19473,2.77013,35.5344,6.08357,0.431379
2.79055,1.34605,16.3996,4.26012,-3.27494e-05
1.80239,4.6292,30.9005,7.48481,0.184777
4.86066,2.83422,14.9804,4.96372,-0.000181015
3.35348,2.62681,18.2591,5.30117,-0.000251743
2.70979,4.33658,17.0061,9.52348,-6.89714e-05
1.34134,4.43938,28.578,4.91229,0.00447489
2.05751,4.6893,18.6374,8.15034,-0.000324605
2.77375,2.13007,29.7717,7.37788,0.134547
2.21908,3.95802,2.83832,9.21364,-1.0666e-05
1.49545,3.25139,14.4079,6.9982,-0.000619917
4.57121,3.84581,3.13696,11.5613,-6.94045e-08
1.81237,3.68077,31.6222,9.27648,0.0252486
1.79991,2.23534,33.3916,9.59898,0.0209755
2.18579,4.21956,30.093,8.32606,0.0502852
3.84829,3.32314,11.8608,11.323,-6.07518e-07
4.52891,4.16546,17.3857,2.72762,-2.11547e-06
4.31048,4.54621,8.4575,11.6631,-7.4928e-08
1.15911,4.23649,5.72938,11.6765,-1.22449e-08
1.4993,2.24944,35.8745,11.0504,0.000778501
3.2249,2.94169,21.0388,8.49657,0.000440848
2.94869,1.08265,36.0533,3.22828,0.00248315
3.873,4.90241,22.4757,9.77681,0.0002528
4.62129,2.31647,23.5242,11.8192,4.24683e-07
1.93957,2.82851,38.4874,5.03593,0.0384352
1.05038,3.47395,28.183,8.75274,0.00433758
1.38322,3.34749,17.6432,10.2225,-9.64933e-06
4.4167,1.6885,20.6541,8.88932,0.00017324
1.6711,4.0499,34.4947,8.11459,0.193887
2.07908,2.14605,35.5412,10.9396,0.0014746
1.8503,1.91296,10.5118,9.02871,-2.8656e-05
1.33156,4.88739,7.08253,5.20491,-2.15831e-05
2.04523,1.07775,1.67615,4.08914,-1.74326e-06
1.67317,1.54771,6.8738,4.10278,-3.3728e-06
3.15436,1.13802,31.2661,10.1878,0.00510342
1.91658,4.62631,28.8738,8.33659,0.0214277
4.78962,2.85792,6.01127,7.32934,-0.000357484
2.12168,2.31222,4.55579,6.85789,-0.00014924
1.79091,1.71359,7.36036,8.19857,-5.05249e-05
3.90671,3.85836,32.6062,10.666,0.0056429
2.06017,3.24561,12.7102,5.75651,-0.000156266
2.9472,2.62462,2.06968,5.24546,-2.27793e-05
3.5046,3.17324,19.7023,2.69539,-3.64589e-07
2.55316,2.48109,18.0221,9.5384,-5.55019e-05
2.57462,3.45696,30.2758,5.71502,0.0668937
4.84156,3.6786,6.53159,10.795,-1.77924e-06
2.42801,2.7233,10.728,7.38448,-0.000342685
2.9458,4.72857,6.85456,3.27709,-1.42748e-06
4.26649,3.71593,16.3271,11.0114,-4.1993e-06
4.59819,4.95916,3.99421,2.22988,-1.82756e-08
2.64265,4.27984,29.0043,6.31114,0.0686554
2.10144,4.42687,8.7733,2.96614,-5.72687e-07
3.13726,4.80113,6.68816,6.50746,-0.000240994
3.12806,2.75805,10.9606,11.1912,-6.55783e-07
4.52091,3.49225,7.76105,8.90069,-6.52244e-05
1.15696,1.45938,31.4621,10.8059,0.000574549
3.54989,3.12263,20.2027,7.03109,0.000437868
3.74825,2.92716,6.24711,6.36008,-0.000206892
3.32855,2.55887,12.2482,8.79039,-0.000106161
2.46888,3.06234,2.80786,11.379,-8.165e-08
3.56445,2.29148,20.6951,8.29238,0.000370605
2.83156,4.48744,25.4768,10.539,0.000152823
3.69215,4.08214,35.3089,3.85649,0.0193968
4.0173,4.70324,36.8591,7.22541,1.2414
3.50976,1.47876,32.9111,6.45721,0.539472
4.1711,4.39658,5.10958,2.37949,-5.92891e-08
1.47445,1.32266,10.047,6.07564,-7.87908e-05
2.50633,3.98491,21.8215,9.01079,0.000358012
4.35303,3.71195,30.6727,10.0375,0.00998169
1.69483,2.61699,36.39,9.8054,0.0147307
3.99141,2.93047,37.1989,8.18392,0.353908
1.32668,1.53016,5.0377,7.44453,-6.25726e-05
3.62147,2.75215,18.6129,11.7631,-8.74458e-08
1.6674,3.91464,22.053,2.27632,2.11741e-07
4.6581,3.94621,28.9917,10.6558,0.00107156
4.61931,1.99748,33.1071,5.76142,0.358781
1.0303,1.7248,4.69539,2.62432,-3.69337e-08
1.03769,1.34759,5.62128,8.18461,-2.1217e-05
3.36323,2.69629,35.3681,11.0312,0.00195581
2.22161,1.61992,38.5226,7.19298,0.318779
2.43848,1.58062,1.5207,9.04275,-9.8904e-06
3.38206,4.47992,18.5309,3.55471,-1.39034e-05
4.28802,1.77612,33.8458,4.15184,0.0308456
1.20568,3.09458,37.3534,5.86483,0.111476
3.31545,2.2124,9.66584,9.02363,-4.73868e-05
1.08772,2.52236,22.1363,6.30969,0.000936424
2.32637,1.66006,36.8307,5.04391,0.0648826
1.40847,2.13957,3.78912,9.83554,-2.34653e-06
4.93382,2.41169,11.2328,9.38592,-5.3751e-05
3.24239,1.24329,20.4553,4.72864,4.24657e-05
3.0046,2.39054,27.8348,3.94952,0.00116426
3.69579,1.49474,8.81997,4.94219,-3.8336e-05
3.64056,4.55102,11.081,9.62369,-3.04366e-05
2.07895,2.94595,15.4061,4.60373,-4.84748e-05
2.014,2.6709,28.0383,3.86125,0.000756657
4.58372,1.27879,12.8434,11.6005,-1.66765e-07
1.95849,2.80674,5.67303,5.84592,-5.37997e-05
2.60606,4.20479,1.02558,7.42765,-0.000101172
4.92446,3.91677,15.8956,9.35787,-0.000140573
4.34978,1.20319,29.1053,7.629,0.0863981
4.10014,3.85782,3.69839,7.92733,-0.000123087
2.78551,1.51122,2.34602,7.14428,-0.000127342
1.94337,2.70868,1.54984,3.39384,-5.53457e-07
3.50226,1.6268,29.1531,2.76288,0.000128856
4.1865,2.43874,33.8639,9.44421,0.0661289
3.30285,4.43654,12.3673,9.07106,-8.15543e-05
3.40734,3.35725,28.4829,4.24754,0.00350949
3.02274,3.54625,1.86154,9.98631,-3.44932e-06
4.21302,3.13016,14.7815,10.3304,-1.66052e-05
3.98249,3.48962,14.0796,8.69407,-0.000216445
2.81974,2.96215,16.8077,10.8195,-4.73636e-06
1.72883,1.56973,7.57173,8.87188,-1.98616e-05
2.25611,3.24651,39.4829,6.56826,0.182094
1.5928,4.95605,22.1692,9.85387,7.63303e-05
1.72003,1.33233,37.0722,2.6117,0.000203816
3.81752,4.0876,37.1076,9.37398,0.0701244
3.24943,2.52894,16.7131,4.38405,-6.09644e-05
4.07318,4.55203,32.0005,5.15409,0.131305
1.98712,1.4325,3.93989,9.30123,-7.07785e-06
3.18186,4.0739,29.1686,6.51559,0.11322
1.62582,2.85066,6.57996,7.87639,-7.11007e-05
4.51601,2.12765,35.4537,4.4956,0.0625795
1.17854,1.92949,8.73226,10.5078,-9.96582e-07
3.2494,3.46468,11.2025,6.06902,-0.00028347
1.36702,4.85263,13.2559,8.18618,-0.000132982
1.55728,4.65971,30.1803,11.3999,7.47292e-05
1.52681,3.78159,10.6909,8.78605,-4.14779e-05
3.49583,1.98316,30.6205,6.18862,0.170172
4.49869,3.54805,11.0851,9.9686,-1.95202e-05
1.64863,2.24877,16.8627,11.0135,-1.50309e-06
4.81597,3.31887,24.5112,6.41012,0.0152606
1.80304,2.59853,35.2516,5.42946,0.104996
4.31161,2.93312,2.954,11.8,-9.88621e-09
3.56728,2.114,9.69132,6.27179,-0.000270034
1.39416,3.31278,17.5373,10.8357,-2.3965e-06
4.69363,2.91035,14.127,2.76996,-1.50728e-06
3.34276,2.40966,4.75592,6.41791,-0.000152502
2.30565,3.71422,6.12549,7.25955,-0.00020019
4.45186,4.63168,34.6313,4.79073,0.118727
2.60478,3.00067,34.1261,10.1527,0.0125133
3.40885,3.79719,37.1024,8.98886,0.110648
3.76701,4.27542,2.10667,4.82618,-1.78466e-05
1.06703,2.59203,16.535,9.98468,-1.03246e-05
3.40452,3.20142,1.8897,8.6278,-3.22277e-05
2.33375,3.01312,11.3176,11.6165,-7.93811e-08
3.86235,1.90226,22.6319,11.2679,6.11486e-06
3.84078,3.37763,39.2722,9.09206,0.0430015
3.53705,2.71984,22.9479,8.29219,0.00232857
4.66384,3.26239,38.4309,6.64032,0.726481
1.21063,4.66343,22.9035,3.4295,2.00991e-05
4.675,1.48417,35.1243,9.72124,0.0395755
1.27355,3.32041,4.52181,4.45796,-4.34483e-06
1.13734,4.22082,23.7886,9.53709,0.000201546
4.23207,4.37021,29.1701,4.20713,0.00635006
3.99934,1.06644,5.3019,2.84107,-2.82686e-07
4.68171,4.67896,31.0987,11.7665,4.0857e-05
2.3967,4.65601,31.0358,10.3446,0.00384432
1.93867,4.80319,9.75738,4.49319,-1.60246e-05
4.02283,1.66663,11.3009,10.9607,-1.55788e-06
1.20715,4.41099,1.89139,7.98136,-2.78635e-05
1.62744,3.21203,30.5474,6.52572,0.127304
4.78294,2.43926,1.65104,11.72,-1.88644e-08
2.11018,1.61838,9.10316,6.45456,-0.00016306
2.71764,3.51399,11.6269,5.53887,-0.000131743
4.68308,2.25039,4.29337,9.56781,-1.33877e-05
2.94607,4.63522,17.0959,8.63227,-0.000287025
2.74134,4.01344,9.42363,7.25488,-0.00039457
1.8096,4.07466,36.6284,3.45059,0.00390711
1.1142,3.19762,13.5269,5.40267,-6.13625e-05
3.60634,3.53075,9.82385,10.1316,-9.35569e-06
3.39343,1.07049,1.37762,4.36672,-4.51839e-06
2.39414,1.97042,9.03472,2.07248,-1.31122e-09
3.07267,4.15695,1.40814,10.6411,-8.74448e-07
3.7621,1.27604,31.8841,6.729,0.542597
1.18562,3.69533,34.8563,2.37706,6.40121e-05
4.14408,3.96692,35.5111,2.17894,4.2082e-05
2.08648,4.06742,3.66799,7.45831,-0.000107603
4.81413,2.39862,18.0278,4.03352,-4.91828e-05
1.90893,4.32818,31.6274,10.836,0.00129882
3.16646,1.99278,9.62752,6.01273,-0.000171731
1.65028,4.47927,20.2203,5.50347,4.40363e-05
2.09141,4.83661,5.87138,4.5757,-1.11606e-05
4.93033,4.19631,37.8253,6.83697,1.27929
4.52021,1.09034,14.6594,9.61342,-4.55326e-05
2.13993,2.13346,28.07,8.76006,0.00721955
3.13104,2.54333,9.82763,10.9557,-1.11156e-06
3.47432,1.35501,14.3306,8.15885,-0.000293462
2.26514,2.58749,10.5041,2.50463,-1.26015e-07
4.54476,2.21822,26.5999,8.43093,0.0116118
1.67242,4.40515,22.1404,5.34226,0.000492579
3.77668,4.17831,38.6957,8.09119,0.234826
2.5909,1.71873,10.0636,7.79416,-0.000179558
2.18583,1.42378,1.44604,3.81677,-1.22541e-06
3.04604,4.93229,27.1587,5.45824,0.0105942
2.69044,1.15056,35.7071,11.4923,0.000203018
3.3758,1.95891,24.1967,8.92275,0.00149364
3.38085,1.214,26.7184,4.69389,0.00209292
3.95553,4.46156,18.2015,5.21162,-0.000298885
1.30487,2.25783,26.6138,3.76257,0.000188897
1.99079,2.83396,28.751,9.08903,0.00661771
2.44628,2.86052,33.4528,9.24177,0.0543753
3.90354,2.93105,36.7671,3.08557,0.00309718
2.76086,2.69943,9.9908,5.02304,-4.71124e-05
1.18478,1.6728,8.16212,3.65073,-1.23222e-06
3.37225,2.22882,1.82055,7.08197,-0.000176813
4.42223,3.94382,10.0362,9.49079,-3.77977e-05
4.32311,3.25252,32.1955,4.50103,0.0519053
3.46037,4.28937,17.1876,5.79314,-0.00058122
4.39925,1.17518,32.7094,6.00341,0.348995
4.72276,3.52122,29.1891,7.79928,0.115639
4.10188,3.33514,18.2033,2.21025,-8.8255e-08
3.84067,1.0175,30.7399,11.2127,0.000324604
1.43644,4.90997,4.95196,2.40706,-2.40964e-08
3.34798,4.44369,5.82415,2.72828,-2.70727e-07
4.94002,4.89099,3.84557,6.42835,-0.000237911
4.74881,2.80429,7.10434,8.29828,-0.000132934
3.51325,1.22804,20.5348,7.83034,0.000377529
4.09569,2.34643,36.5832,8.47409,0.255168
4.39938,4.37909,27.2293,8.22765,0.0232769
4.37929,4.287,24.9212,2.76083,2.62409e-05
3.39293,1.71264,27.4787,6.11979,0.0240576
2.64425,2.20236,7.72778,11.2212,-2.83007e-07
3.94623,1.64054,5.44216,6.31613,-0.000154689
1.49141,3.53068,11.6743,3.38171,-1.85705e-06
1.84816,1.33266,17.2518,8.1184,-0.00024483
4.0647,1.77861,10.9989,7.39363,-0.000519796
1.4632,1.43045,29.4418,7.4739,0.0453744
2.87665,1.40419,39.0186,10.2374,0.00395895
2.59728,2.25043,38.5052,6.88495,0.456102
2.50891,4.46145,15.63,5.32872,-0.000192611
2.25496,1.19129,14.2456,6.67268,-0.000461418
1.92427,2.36696,16.7905,6.05278,-0.000373301
1.39844,4.20935,26.6951,5.33215,0.00319373
2.52688,4.00939,18.9926,10.8107,-3.46344e-06
2.1007,4.59891,15.5383,7.82644,-0.000464068
3.32628,2.53379,6.65784,11.0288,-5.93437e-07
1.19514,3.32839,8.54382,4.56314,-8.52116e-06
4.78345,2.03972,38.8052,9.10507,0.0594541
1.28655,4.66751,34.7929,3.64511,0.00451591
4.97185,3.99355,29.1187,2.183,7.59585e-06
3.5121,1.58434,15.0592,7.39928,-0.00086419
2.54614,3.81001,29.5515,11.2203,0.000161021
2.18636,3.68996,39.4608,2.58385,0.000116002
3.59983,1.97525,7.69666,6.60781,-0.000286008
4.53497,2.80516,29.9719,2.65292,0.000213809
1.31868,1.43928,29.262,7.83554,0.0244776
1.99844,4.29381,18.5229,10.6021,-5.73553e-06
3.73061,4.06205,1.74607,10.571,-1.29672e-06
3.98715,1.81156,6.69479,11.5831,-6.97456e-08
1.80744,2.02399,34.9063,8.32628,0.134268
4.69395,2.83973,32.7938,8.04462,0.489245
3.85903,3.03628,27.5495,4.80424,0.00582943
2.72311,4.5633,1.21843,11.4256,-6.61067e-08
1.16535,2.26904,4.17173,9.8659,-1.96784e-06
1.38358,1.61664,10.9086,4.19944,-6.25137e-06
4.37658,2.78832,18.5381,8.03205,-0.000736747
1.0875,4.70256,35.7644,4.40523,0.0157164
2.43342,3.43943,5.59035,8.45384,-4.74201e-05
3.95591,4.93286,18.1977,11.7594,-1.24285e-07
1.92227,1.85072,38.0307,7.70006,0.207548
1.24483,4.32397,6.14601,11.18,-1.44774e-07
2.90929,1.5111,8.87791,7.7305,-0.000171614
2.20713,2.95655,5.84975,10.9608,-4.47327e-07
4.84479,3.37033,33.4532,5.74884,0.443462
4.29075,2.77445,7.89126,5.38673,-8.88955e-05
2.08971,3.25029,22.6905,3.87344,7.38673e-05
3.24493,4.53973,15.3602,8.97928,-0.000155165
2.80062,4.91131,21.6351,3.35039,1.83399e-05
2.71702,4.56363,6.68127,8.64585,-5.0481e-05
1.42858,2.17713,7.21052,7.09865,-0.000148523
2.90629,4.79149,11.2341,2.52306,-2.28738e-07
3.94694,1.90704,31.6778,4.78557,0.0517666
1.15197,1.59402,9.02893,11.7665,-7.10443e-09
1.674,1.4875,14.6189,8.72188,-7.40791e-05
1.09453,3.4364,39.2096,10.0138,0.00276451
1.16005,2.13894,18.8523,2.31517,-4.49121e-08
4.60179,4.04553,4.58278,9.16125,-3.00602e-05
4.01603,1.2141,14.147,4.71584,-6.60276e-05
2.86014,2.15958,14.2574,6.28805,-0.0004823
3.70533,2.06956,22.7178,9.3607,0.000444277
1.08373,4.74413,8.51321,10.3219,-1.65991e-06
3.99532,3.9235,37.603,4.41202,0.0459735
1.6208,4.27629,38.8697,8.09666,0.0916181
4.70166,4.20107,24.1084,5.05421,0.0023657
1.07835,1.60711,18.7701,8.12067,-0.000125085
2.06366,4.45427,19.6296,10.9056,-1.01214e-06
2.56094,4.28788,18.5916,3.46367,-8.36382e-06
1.6472,3.379,4.85278,11.4368,-5.63919e-08
2.24668,4.54209,38.5917,2.8284,0.000513312
4.70496,2.96402,14.3875,9.21702,-0.000122013
3.76379,1.95393,9.38364,5.52714,-0.000106053
4.46444,1.85538,24.2221,4.02892,0.000359116
2.11277,2.78142,22.9883,6.57122,0.00393564
1.98645,1.38589,5.98797,4.46505,-6.31135e-06
1.94708,1.78755,2.41453,8.86149,-1.19662e-05
4.69125,2.12094,4.58474,10.2316,-4.09163e-06
3.37787,1.49761,28.8259,3.0992,0.000283457
3.44256,4.1035,32.4074,7.71406,0.525397
3.31501,1.68926,21.4939,4.10955,7.00292e-05
2.06813,4.1052,33.0079,8.57625,0.123369
1.06647,1.44901,27.9625,5.4315,0.00383364
2.99249,3.66554,23.4241,7.03224,0.0110152
2.53218,4.14066,39.9143,9.00705,0.0228302
3.40624,2.61386,3.96703,2.1698,-6.02853e-09
3.06738,1.21575,7.38374,6.7477,-0.000223327
1.76505,1.29948,15.9871,6.91247,-0.000643628
3.5569,2.66159,30.389,10.8381,0.00108761
2.39591,2.2477,28.8479,2.14167,1.55842e-06
4.16121,4.18964,33.8537,11.207,0.00150771
1.34672,4.11243,11.9437,4.94208,-3.10722e-05
3.14499,4.93282,26.1724,6.65567,0.0287836
1.35256,3.79004,18.8363,8.44639,-0.000129113
4.24027,1.68701,15.8027,7.8929,-0.000690208
1.6961,3.12792,24.5155,3.81739,0.000120089
3.69432,1.04411,18.4958,9.73961,-3.74801e-05
1.96606,2.29348,32.1437,4.1687,0.012006
3.49129,2.76967,4.95122,3.58553,-2.36174e-06
2.3512,3.07544,1.33544,3.83835,-1.74379e-06
4.90786,2.88182,10.3831,8.31012,-0.000224508
3.2658,1.54029,8.02568,9.70856,-1.08274e-05
4.57389,1.07339,7.98274,6.16001,-0.00017872
3.35842,2.30959,31.061,5.0837,0.0531381
1.98698,2.96627,6.60762,5.42594,-3.66963e-05
1.89696,1.1091,1.65173,9.37069,-4.07236e-06
4.55307,4.21668,37.1119,2.90373,0.00218451
2.23924,1.46238,19.0673,7.75223,-0.000326903
3.75425,1.14763,9.53581,3.81355,-5.73103e-06
4.94684,1.48173,15.9675,8.20627,-0.000536267
4.80582,3.3151,37.3266,6.96421,1.55335
1.49173,4.15296,22.5671,6.6644,0.00272566
4.31014,4.01475,25.3685,8.56499,0.00619636
3.73549,2.0064,28.4828,11.3119,7.65601e-05
4.40627,1.89391,20.4168,11.9124,5.83856e-09
4.16553,4.78487,33.512,5.84173,0.461135
4.7819,1.03955,24.514,3.56011,0.000133503
3.02949,4.36778,6.34379,10.142,-4.79486e-06
4.65351,4.28617,17.4274,7.45761,-0.00189315
2.30774,2.76792,16.9397,3.83483,-1.6768e-05
3.74399,2.10331,35.6045,2.64529,0.000660262
2.39005,4.03622,27.8282,11.0908,8.90382e-05
1.19193,4.79168,38.9574,10.1242,0.00300807
1.28758,4.70828,28.3861,8.32191,0.0111895
3.04744,3.87513,29.6338,9.16129,0.0164019
4.34039,4.75094,29.2831,5.17496,0.0321301
2.18208,3.23306,20.9687,4.84701,0.000111546
2.29035,3.09028,19.4481,7.02466,-0.000624802
3.77566,3.44858,27.1409,10.1501,0.000935215
3.1157,1.02677,22.8756,7.54176,0.00334441
1.78557,3.00182,26.5056,7.0625,0.0230105
3.61615,3.93696,36.2522,5.10226,0.146199
2.54985,4.66625,39.2384,5.33797,0.057268
4.18974,3.28777,8.86205,4.83257,-4.75334e-05
1.08244,2.35412,20.3291,8.05442,6.65908e-05
2.89127,3.85773,16.9007,6.41366,-0.000970767
2.081,4.40013,36.3477,5.61565,0.171835
3.1136,3.9199,25.0051,2.22041,9.44758e-07
2.58002,1.82125,21.7898,11.5682,6.33656e-07
1.03538,1.4782,36.4332,6.39741,0.159676
2.94304,3.10912,24.7392,10.8271,5.32795e-05
1.09521,1.15974,31.586,10.5545,0.00096338
3.80722,3.39951,31.8278,9.54598,0.0371655
2.67084,3.69094,7.2991,3.28433,-1.33852e-06
3.98919,3.78275,13.3883,6.63406,-0.000979044
4.664,4.52633,36.9127,8.62961,0.266683
2.36118,4.98043,32.1271,4.87779,0.0542392
4.88432,4.97171,15.6233,11.4884,-7.80627e-07
2.07335,3.18065,21.696,4.6532,0.000154909
2.35608,4.07766,18.5706,6.04971,-0.000472562
1.80608,1.52999,25.6267,7.90516,0.00502682
2.2725,4.3806,32.4821,10.9991,0.0013507
3.75581,3.48237,20.7905,8.23379,0.00054412
1.62327,4.27241,7.82865,3.1243,-5.98591e-07
2.81774,4.77587,32.584,9.47361,0.0426369
1.7868,2.19586,23.7172,6.72503,0.00509321
4.51121,3.5085,37.0302,11.5354,0.000366873
3.5529,3.50805,3.1613,8.50976,-4.70405e-05
3.1342,1.59127,10.5654,10.8327,-1.50044e-06
4.7487,4.79051,11.1903,6.94244,-0.00115094
3.06359,2.01927,20.5687,3.92292,1.56383e-05
2.64525,2.96735,12.5468,11.8849,-7.63966e-09
1.94562,2.87007,20.6812,7.25752,0.000697574
1.09893,2.54389,26.2548,5.29496,0.00172945
2.64308,4.34986,30.5196,10.7905,0.00110679
3.22707,4.7528,7.17854,5.62303,-9.25194e-05
4.70468,4.77339,24.4692,7.62625,0.0151303
4.91209,4.71643,19.5502,10.6405,-5.68132e-06
3.06392,3.30348,31.5946,9.11947,0.0522124
1.60883,1.4491,7.8002,6.69644,-0.000127157
4.21681,4.5601,27.1609,11.5663,1.6575e-05
1.49414,2.88517,22.2348,3.18819,8.69824e-06
3.26646,1.91832,7.80014,8.10292,-0.000115127
4.0231,1.23182,33.7709,4.73826,0.0656993
1.78737,3.09324,23.4432,4.35546,0.000212908
4.45748,2.64528,30.8949,9.75255,0.0179351
3.30564,4.47191,14.8311,6.06171,-0.000565803
3.34211,3.21689,22.9785,6.22251,0.0043477
4.30871,3.63766,4.32976,8.29591,-8.81103e-05
4.44588,2.21591,36.3832,11.4562,0.000504654
4.72413,3.60119,18.0641,3.41115,-1.48029e-05
2.59654,4.17782,12.7169,9.97081,-1.53275e-05
4.47059,2.98538,36.2918,3.18495,0.0048144
3.69851,2.65683,11.8314,10.4175,-6.93223e-06
3.9094,1.76028,5.35966,5.80372,-8.44708e-05
3.17562,2.47589,31.5783,8.19636,0.175494
3.89656,3.0413,18.8886,9.34229,-9.56434e-05
3.34802,4.9868,7.38053,3.70789,-4.65326e-06
1.49172,1.60927,23.0451,10.4921,2.37097e-05
3.5199,2.98374,13.0416,10.7892,-3.50517e-06
4.93989,3.29257,10.2467,3.45326,-5.64522e-06
4.91368,2.86859,26.6505,3.70323,0.000686026
1.31353,2.19534,13.7534,4.29296,-1.26752e-05
3.99843,4.53108,1.03781,2.79484,-2.24266e-07
4.05368,4.22961,18.2389,7.33055,-0.0017883
1.33606,3.93211,38.2661,7.23331,0.267373
1.35903,3.58111,20.2566,6.65141,0.000159661
3.25669,3.79288,34.302,9.85996,0.0285908
4.52077,4.56962,10.1568,7.32296,-0.000696851
3.88727,4.52426,3.91216,7.62677,-0.00017511
2.97726,3.11172,18.5452,9.5354,-6.22176e-05
1.60515,2.91626,32.779,8.83676,0.0596247
4.07105,1.16041,4.20001,8.41494,-4.81042e-05
4.60779,2.32294,21.9642,5.06069,0.000702769
1.46025,1.36099,24.0791,3.82208,6.60926e-05
1.18563,4.7097,8.9477,5.28619,-2.81733e-05
1.53437,1.29625,10.3536,2.37317,-3.13825e-08
4.01253,1.54346,24.5128,7.1299,0.016447
3.62585,1.67943,27.4052,7.80244,0.0269393
3.98726,4.97382,29.06,8.48789,0.041296
3.40083,3.43497,28.1582,11.9158,5.63036e-07
1.61677,4.43742,24.7244,11.9769,4.03211e-09
4.63627,4.89603,19.4328,6.6512,-0.00101587
4.80064,3.62375,15.1622,2.82514,-2.35129e-06
2.90738,1.10565,26.5189,2.63942,1.42884e-05
3.48602,3.21718,7.7227,8.48129,-8.71767e-05
2.80397,3.72657,23.4619,10.8793,2.67391e-05
3.02917,2.66965,13.2396,7.92122,-0.000355823
2.99797,1.40358,34.8406,9.63559,0.0287007
3.9474,2.94471,33.8825,10.1689,0.0181947
3.23998,1.54738,8.58656,8.78961,-4.83136e-05
1.57752,1.81358,5.62736,8.4723,-2.50909e-05
2.57054,3.93223,17.3659,5.54835,-0.000312684
1.28786,4.52487,5.05183,11.455,-4.42126e-08
3.26205,4.89379,25.8264,10.5665,0.000195383
1.49961,1.16866,39.0284,5.48143,0.030146
4.9017,2.48448,24.3295,7.50984,0.014596
1.28507,3.66854,1.12152,9.65439,-2.43452e-06
3.14475,4.51493,13.8462,10.7978,-3.85916e-06
2.59618,2.52191,25.8938,8.98467,0.00233724
1.09217,1.20251,8.14902,9.3774,-5.72883e-06
1.85179,2.48961,5.53281,8.33618,-3.8396e-05
4.09301,4.44659,39.3051,11.1634,0.00064545
4.4003,4.2561,5.47855,8.43058,-9.09961e-05
1.54338,2.1257,2.64663,6.33535,-4.71563e-05
4.2082,1.17667,25.8257,2.28063,2.11936e-06
2.98084,1.08581,33.4033,8.51609,0.130305
3.56024,2.32129,12.7709,5.15957,-0.000112673
1.5076,3.87198,8.84562,4.34266,-8.08734e-06
1.57724,2.94792,30.8711,2.37658,3.28254e-05
4.2699,1.00034,33.8615,2.88506,0.00130229
3.29654,4.54675,20.9532,9.68676,7.55314e-05
4.00569,2.93282,6.31473,10.0951,-6.3363e-06
3.3941,1.0624,36.1506,2.02458,3.56891e-07
4.03212,3.98688,25.7831,6.15529,0.017054
3.09768,2.05706,35.0019,3.67758,0.00950844
1.70823,3.0616,21.544,10.7153,8.05431e-06
1.46942,2.98221,14.9016,8.19926,-0.0001697
1.78654,3.23681,23.262,11.9569,7.9093e-09
3.75882,4.20172,32.7401,4.6369,0.06863
1.70741,4.59388,25.13,8.86931,0.00149633
1.11282,2.24942,34.6037,10.506,0.00236522
1.49237,3.93399,33.5298,6.61417,0.389472
1.21738,4.36635,24.4561,6.89611,0.00670997
3.1529,2.47954,31.1712,7.50203,0.319612
1.73921,1.35081,38.2457,10.9596,0.000631787
1.95049,3.90512,37.1103,5.27159,0.0919419
4.8652,2.96941,38.4074,6.91901,1.00184
4.27924,3.1878,9.14553,4.82336,-4.96455e-05
2.10912,4.01079,16.1694,4.99577,-0.000107487
2.45443,2.55682,30.1452,8.23765,0.0579705
1.94006,3.5054,30.9283,4.32228,0.00970224
2.13351,1.153,19.1873,5.07866,-5.67844e-05
4.47748,1.0378,25.0918,2.76988,1.86998e-05
3.4185,4.62525,12.9687,6.80999,-0.000975205
4.9142,4.15042,12.4415,3.77295,-1.68612e-05
2.45778,3.3914,26.5629,5.72949,0.00849745
1.33874,2.74306,11.6071,9.82208,-7.76125e-06
1.09544,1.26936,7.18375,7.08446,-9.39531e-05
4.5043,2.03677,37.3147,3.36236,0.00598786
2.70659,2.704,33.3109,7.5269,0.545254
1.46496,4.12042,26.9229,11.0359,4.12586e-05
1.76848,3.16834,23.4241,4.69743,0.000365493
2.68198,4.40877,13.8846,2.33742,-1.14392e-07
3.8908,2.04293,34.0749,5.88051,0.374383
1.76412,4.48701,6.40125,8.10323,-6.32759e-05
4.28832,2.30809,23.8909,6.39163,0.00930567
2.25062,2.15766,17.4708,7.0428,-0.00119336
1.17394,3.07278,39.5777,7.47508,0.0842683
4.63101,4.63648,23.2199,11.2713,1.20882e-05
4.3107,2.58573,21.9318,3.33032,2.882e-05
3.67619,2.98154,9.13628,3.85305,-7.98772e-06
4.00022,3.69854,3.38338,6.09659,-0.00011765
2.90408,2.24104,12.6245,7.24075,-0.000622179
3.00446,2.46373,6.51472,8.4217,-6.36892e-05
2.54354,3.9827,35.6471,4.49483,0.0413349
4.51396,1.24045,6.82186,10.088,-5.77104e-06
2.30159,1.81031,9.47878,5.49558,-6.14908e-05
1.83476,3.73549,11.6469,11.7131,-3.52685e-08
1.00315,1.87711,30.4564,7.63933,0.0529283
4.0867,2.01783,8.09415,10.1049,-7.34785e-06
2.05095,2.55782,30.563,3.08687,0.000561912
1.6626,1.78636,35.496,9.02544,0.0454723
4.85617,4.46117,6.29355,2.50168,-1.60088e-07
4.73444,2.52151,33.1142,7.46279,0.982474
4.17158,1.18858,35.3384,6.43173,0.62143
2.99771,4.45741,5.58844,11.6507,-3.74811e-08
4.39999,1.93418,1.5385,3.6664,-2.06188e-06
1.14103,1.76938,11.7048,9.73954,-6.77472e-06
2.48413,4.84605,17.0672,5.44421,-0.000269794
4.977,4.57836,2.96347,6.97007,-0.000376241
4.27276,2.73113,26.4292,2.35887,6.74465e-06
1.16759,1.46667,21.2241,10.3157,8.05201e-06
1.36358,4.76956,12.0787,8.7984,-4.80254e-05
1.95659,4.06291,36.7121,6.14164,0.296406
3.8107,4.80618,13.8246,5.35299,-0.000224795
3.96177,2.15275,13.9183,3.95975,-2.14879e-05
2.44068,2.3833,3.62253,7.41288,-0.000115384
3.99611,2.36413,17.912,6.48265,-0.00130326
4.38739,3.82602,5.50954,10.4045,-3.52694e-06
4.3223,3.24871,25.5497,8.24121,0.00976222
3.01521,3.39087,36.8853,3.44912,0.00607585
3.0537,3.40709,1.17559,7.00848,-0.000178806
2.75349,4.92409,38.9273,7.1886,0.431305
4.49825,1.30026,30.755,9.49158,0.0201559
1.54971,4.7762,14.9902,10.7143,-2.89822e-06
4.52826,2.48353,37.9168,6.76611,0.933
2.67624,3.3248,37.5557,4.61387,0.0417827
1.38674,4.8381,13.1043,9.81937,-1.18328e-05
4.57358,1.77973,27.1712,11.4473,2.56986e-05
2.49194,4.25847,36.4688,7.60414,0.519748
4.75954,4.08411,1.82637,7.88825,-0.000119998
4.49079,2.99364,37.5346,2.79803,0.00128522
1.97302,4.20642,13.7515,3.25103,-2.66137e-06
3.69475,2.98586,23.2807,11.7567,6.29145e-07
3.13817,4.89759,5.0262,7.54028,-0.00018268
3.26557,1.97276,11.7312,11.7676,-3.33276e-08
4.12553,1.48718,4.11621,3.50493,-1.70591e-06
4.27387,2.56219,25.0113,2.91996,4.0092e-05
1.39281,1.81715,13.2683,9.68755,-1.19728e-05
4.68515,4.25334,4.15305,2.75364,-3.29913e-07
1.23336,2.1235,39.1913,4.88317,0.0122921
2.91268,4.34529,1.23191,6.01305,-6.15433e-05
2.31384,2.06669,20.0913,2.22501,4.82851e-09
1.75894,1.71974,7.99019,10.0123,-3.51142e-06
1.5943,4.34178,39.9264,7.74985,0.0733639
2.34248,4.28079,16.8384,2.27299,-9.64489e-08
3.83366,2.40918,37.1774,6.32137,0.590102
1.34857,3.51579,16.5366,5.3382,-0.000113454
4.19066,4.88706,21.9766,9.68271,0.000239509
2.03901,3.54889,32.1976,10.519,0.00362521
4.82353,1.63819,25.4639,6.58028,0.0222704
1.39155,1.6851,13.3408,11.8645,-5.48921e-09
1.20012,3.70062,28.0058,3.27865,0.000134356
4.91484,1.25183,18.0749,5.62072,-0.00044562
3.90097,3.20271,19.7113,5.6791,-0.00013931
4.87607,4.40437,2.82446,5.67791,-8.2731e-05
1.22852,4.76163,23.2276,10.8698,1.13366e-05
3.45293,2.83123,22.253,8.41815,0.00135597
3.76245,3.6844,33.8432,8.53714,0.247298
4.77149,1.54955,29.9797,6.77311,0.275143
4.00297,1.17578,10.0441,7.40864,-0.000364105
1.73627,3.16503,28.7087,11.3092,4.64712e-05
2.26562,4.66189,14.6179,4.74882,-6.39318e-05
1.26994,3.46386,31.6857,7.51708,0.178418
1.0867,3.1226,18.1782,10.6323,-2.92953e-06
1.32623,2.34382,23.3706,3.0418,8.66901e-06
2.68539,3.06868,14.3498,6.96064,-0.00104644
3.04215,1.4284,3.84237,9.35295,-9.85792e-06
4.97974,3.78241,1.28506,2.39195,-4.58431e-08
4.18418,3.74887,16.1061,7.26204,-0.00180983
3.92067,1.82703,26.2768,7.24423,0.0325058
4.95931,2.67652,20.0867,7.87393,9.74543e-05
2.42876,1.98514,17.2073,7.32175,-0.000930749
1.45823,1.61729,33.272,3.0569,0.000888474
4.15306,1.10366,27.3878,2.88766,7.55509e-05
3.1336,4.78483,12.6438,7.29582,-0.000760393
2.49168,3.25606,16.3686,11.7542,-7.25856e-08
2.95094,4.26562,16.1353,7.50624,-0.00101121
2.83458,1.95963,8.15074,9.77467,-9.32356e-06
3.3141,1.50358,35.6552,4.76222,0.0617401
1.51278,2.18968,34.2317,5.51614,0.0937931
1.27092,1.39142,15.7472,7.44657,-0.000315402
4.14789,4.36358,13.9739,11.5841,-2.94283e-07
2.74309,4.78437,12.7841,7.53882,-0.000524309
1.29495,1.89027,11.7023,8.64519,-4.17903e-05
4.78807,3.72594,22.5491,11.6643,1.25261e-06
2.48148,1.3712,19.4733,5.98652,-0.000167248
4.72561,3.07912,38.8302,8.28787,0.200264
2.1524,1.54438,15.9157,5.37808,-0.000137161
4.15676,3.46476,17.0994,9.25284,-0.000156226
2.82779,2.09396,15.7989,9.35078,-6.83447e-05
3.15603,4.00992,10.0377,10.7788,-2.08044e-06
3.03072,4.40915,9.63952,9.28025,-3.47043e-05
1.98464,1.10147,31.0472,4.96069,0.0195822
4.33591,3.62198,5.84114,10.7083,-1.79551e-06
2.76332,4.9743,15.2542,11.4684,-4.57959e-07
1.85276,3.56219,27.3649,5.94545,0.0124545
3.96463,4.9003,1.33273,2.93103,-3.64186e-07
2.85425,3.89859,14.4972,7.2496,-0.000970217
2.53443,1.85774,31.0523,11.8724,4.57126e-06
3.73938,3.03728,14.3808,5.90988,-0.000453461
3.72899,3.44084,9.43437,4.64666,-3.50699e-05
2.52799,4.76534,5.90242,4.17424,-6.87963e-06
2.13418,4.98299,34.1237,7.4379,0.561125
1.25228,3.74431,16.4703,3.94351,-1.14935e-05
3.50328,2.58241,16.2968,5.69829,-0.000425542
4.7885,3.54595,23.2768,5.48999,0.00295716
4.04743,2.23209,30.939,9.93608,0.0114598
3.07536,2.96673,26.2555,3.80455,0.000443195
4.95043,2.572,4.88667,7.39693,-0.000286882
1.15656,4.58211,19.4391,11.9592,-4.11142e-10
2.53721,2.13102,30.3097,2.49276,6.61669e-05
3.75989,2.79925,33.6828,4.58312,0.0640357
3.8863,3.6954,31.4297,8.4533,0.158901
4.86791,3.68871,1.78279,3.63399,-2.61883e-06
1.53975,2.5208,8.15437,10.5396,-1.20772e-06
2.40603,3.9982,26.7336,11.0499,5.90227e-05
4.10972,2.31037,39.6029,9.72904,0.0123594
2.57596,4.16915,28.7311,5.46548,0.0201176
1.75194,2.43129,30.1658,11.8598,2.49958e-06
4.28913,1.50601,19.1747,4.35705,-4.22719e-05
4.76461,4.41337,33.0185,11.7178,0.000126271
4.21765,4.34468,33.5277,10.1334,0.0223469
2.48565,3.62627,37.1885,11.2597,0.000655725
1.52682,2.8468,34.424,8.28449,0.132189
3.02336,4.61205,13.7167,5.48774,-0.000208096
3.75565,2.47583,24.6356,5.80626,0.00569393
1.84531,4.3248,36.5803,3.32906,0.00304159
3.21481,4.44467,5.05692,3.76044,-3.52858e-06
2.78557,2.8991,38.0782,10.2478,0.00759999
4.91765,1.36069,34.6442,11.3779,0.000670857
3.17229,4.18775,22.5039,8.87655,0.000839966
1.63837,2.10101,19.1208,7.62921,-0.00030134
4.25928,4.15607,37.0993,8.21592,0.39937
3.38839,3.88988,9.79133,10.8722,-1.67038e-06
2.99247,1.15155,1.57502,4.90287,-9.85067e-06
4.47687,1.21176,24.0517,2.84853,1.70071e-05
4.50225,2.83052,5.10767,3.39404,-2.03489e-06
3.16772,2.26998,38.9132,6.52894,0.309121
1.0019,2.48711,24.542,7.13788,0.00484628
4.7085,4.47744,32.0912,7.2314,1.11834
4.09532,2.52415,19.9449,10.9587,-2.46881e-07
1.6213,2.52766,10.1773,4.0122,-5.37721e-06
2.16707,1.30768,20.3506,3.6706,3.32605e-06
2.09552,3.58489,28.582,5.43222,0.0139555
4.1988,2.48778,20.2073,4.33503,1.60734e-05
4.00981,2.25192,32.6575,7.17946,1.00518
4.89933,3.67776,10.1571,4.12914,-2.2002e-05
3.74446,4.71229,13.4185,2.08847,-8.005e-09
4.07971,1.1634,19.1552,10.1742,-1.39149e-05
4.74472,4.66609,21.8689,8.681,0.00114918
1.20129,2.63372,18.0167,10.6286,-3.19251e-06
4.34983,4.81002,3.78108,3.32055,-1.55403e-06
1.75687,2.39115,3.48174,4.65148,-6.56309e-06
2.99938,3.04327,9.09904,6.54593,-0.000311868
4.5609,3.80445,33.0798,7.88688,0.643805
4.65241,2.66406,2.99947,4.6017,-1.55896e-05
3.69916,3.41864,36.2437,9.21696,0.0906503
4.0783,1.88854,14.1767,3.64681,-1.18918e-05
2.42698,1.55506,20.2421,5.8213,8.0038e-05
2.912,1.5443,38,7.20349,0.511095
1.33498,4.17635,22.4902,2.90407,4.33156e-06
3.45515,3.24283,8.13463,8.93228,-4.9499e-05
2.40599,2.99519,37.8441,7.26979,0.515149
3.20219,4.40708,34.4857,3.05701,0.00268818
1.67292,1.63338,10.1016,3.40068,-1.33789e-06
2.2882,1.08502,3.16441,8.72222,-1.52149e-05
1.62099,2.26012,32.4094,7.26241,0.350335
2.33823,4.6076,10.0119,9.87604,-1.06228e-05
2.96572,3.0855,18.9389,4.24418,-3.58906e-05
1.79869,1.11133,3.4502,9.38898,-4.68683e-06
2.71844,4.13821,16.8698,4.50357,-7.08768e-05
2.2219,2.75084,14.4544,2.6609,-4.94642e-07
1.00817,4.26421,17.1713,8.8516,-7.17448e-05
4.21045,3.45029,33.5709,10.4232,0.011781
4.7831,4.21901,9.24498,10.5877,-4.4756e-06
3.27157,3.86889,6.7742,4.34734,-1.30431e-05
4.16653,4.01202,24.7164,11.2707,2.01664e-05
1.19588,4.51861,3.44284,10.0249,-1.6207e-06
3.36577,1.84929,30.4813,11.5145,8.94558e-05
1.50093,4.96035,14.1651,11.174,-6.58506e-07
1.19736,4.7026,12.1788,9.7749,-9.35626e-06
4.90687,4.62942,20.1315,5.8997,0.000127327
3.38615,2.75156,5.17683,7.98639,-0.000106162
2.40777,1.65626,32.5086,5.6008,0.127192
2.7532,2.78193,2.36337,5.49624,-3.14583e-05
2.34188,3.3249,26.1641,10.1607,0.000356532
1.96467,1.08909,31.1304,6.5715,0.154421
4.14166,2.89169,6.99178,7.68558,-0.000240341
4.90432,4.47727,15.2435,10.4022,-1.93782e-05
3.84787,3.65214,28.4329,8.3902,0.0299133
1.17121,4.16241,6.75353,10.2046,-1.71979e-06
2.57345,1.52817,28.7335,6.27128,0.0407927
2.4248,1.91303,35.6089,9.54819,0.0301769
2.94106,4.90695,14.7927,3.5111,-9.05156e-06
4.22399,1.13889,26.4844,4.25311,0.00110461
3.00359,1.73227,19.1614,2.10615,-8.12618e-09
1.86726,2.33918,22.1925,11.777,1.40323e-07
2.13962,2.47181,24.626,4.21324,0.000311205
3.29223,3.07646,34.8656,7.49074,0.742557
4.37116,2.83231,8.74826,3.12077,-1.67085e-06
3.52616,2.91213,20.15,2.36047,3.97423e-08
4.95295,1.0185,15.6301,6.5441,-0.00103609
4.27555,4.50815,26.645,8.09425,0.020271
2.85948,2.62481,6.07663,10.1345,-3.9378e-06
1.56092,1.18304,18.3511,5.84568,-0.000174948
2.72315,4.04456,11.2869,11.2917,-4.58866e-07
4.28904,1.73276,22.8627,3.8386,0.000128006
1.33428,2.45535,36.5702,10.279,0.00459124
2.36476,1.24091,28.4725,10.1488,0.000839336
4.61875,2.85065,37.3376,4.22765,0.0385787
3.53193,4.11156,25.319,8.3699,0.00645203
2.92114,2.19371,13.946,7.40371,-0.000659902
3.65799,1.13743,7.96418,3.5246,-2.39384e-06
2.44184,3.39753,4.41781,9.71144,-6.21428e-06
4.78454,3.23418,2.38828,2.80557,-3.05398e-07
4.6477,4.90262,15.1405,5.14851,-0.00026076
3.2232,4.03811,16.0101,7.6422,-0.000922619
3.88308,1.57694,5.92944,8.86899,-3.55659e-05
3.48024,2.23313,11.9049,11.2601,-6.30721e-07
3.07021,1.7084,28.7093,3.75952,0.00118113
3.59648,3.77043,33.6475,10.3535,0.0119498
3.99797,4.40446,13.6837,6.87231,-0.00136775
3.81955,3.4646,4.55295,3.47677,-2.03712e-06
2.56643,1.57505,1.88986,3.03307,-2.51397e-07
3.39229,1.2706,9.20943,11.3336,-2.42938e-07
3.9769,2.91714,26.7689,4.49778,0.00250596
3.53018,4.02194,33.8339,5.49022,0.244921
2.05641,3.97499,26.1372,11.9764,9.65298e-09
4.46023,3.95215,25.1197,3.92299,0.000526341
3.56622,4.07573,35.1636,11.9858,1.95656e-07
1.27293,2.73035,11.9691,2.07521,-1.33733e-09
2.14236,4.70724,23.3937,2.98209,1.39934e-05
2.47492,3.25214,3.25513,7.15856,-0.000158636
2.39502,3.78848,13.277,4.00976,-1.47552e-05
1.34033,2.94648,22.1187,8.78912,0.0002978
3.75091,4.64014,22.666,2.45558,2.25248e-06
4.7075,1.25143,17.6654,7.46498,-0.00130203
2.11394,4.38519,23.0453,6.20727,0.00297726
1.40812,2.64313,9.90036,6.18997,-0.000107127
4.92956,3.65746,11.617,4.73727,-7.71454e-05
4.45322,4.21669,27.9681,3.22332,0.000436551
2.6711,4.22817,3.91583,9.24089,-1.42969e-05
2.70975,1.83409,18.8509,11.5937,-1.81124e-07
1.87859,2.81464,10.5334,10.578,-2.01349e-06
1.1035,4.69138,14.0866,6.13995,-0.000183413
1.89198,2.30965,7.36553,8.83161,-2.55108e-05
3.32691,4.75041,17.0378,10.8003,-6.61804e-06
4.71078,2.30933,36.0187,2.42909,0.000305583
1.24925,3.13977,21.7178,9.91564,3.62286e-05
2.71213,1.74239,17.8037,11.7351,-8.42038e-08
3.53039,1.49741,8.58188,8.61944,-6.55924e-05
1.21802,1.36108,17.5454,6.81712,-0.000472372
1.43919,1.24218,34.0583,8.36576,0.0837935
4.84414,4.16716,28.5019,11.0654,0.000282513
3.99609,3.04795,10.6421,11.5174,-2.12532e-07
3.07037,3.92075,3.96697,6.79204,-0.000213287
4.52591,4.02978,37.8658,5.31966,0.188511
2.0244,3.06143,5.45795,4.69132,-1.11472e-05
1.48131,1.31454,6.32797,10.4482,-8.68422e-07
2.85687,4.88212,10.237,7.48605,-0.00037837
2.44118,2.98935,4.8493,9.76385,-5.82494e-06
4.8047,1.8847,27.7589,3.15446,0.000285224
2.63934,3.60415,22.4036,7.32046,0.00435763
2.5994,3.22726,16.8164,9.19431,-0.000102762
4.94088,4.12841,9.50556,8.31093,-0.000212934
4.88468,4.69938,17.0502,10.2262,-3.55851e-05
4.70922,1.0831,3.53749,4.88718,-1.87394e-05
2.10772,3.97368,14.9068,11.2236,-8.51756e-07
2.48487,4.157,27.7611,11.3441,3.68036e-05
2.15774,1.84896,39.6284,8.71141,0.0283179
1.98049,4.51307,18.6799,9.33823,-5.86048e-05
1.09381,1.78032,15.0561,8.33523,-9.3382e-05
3.03985,4.31101,6.8019,8.20393,-0.000101085
1.96597,2.60631,18.8138,11.4326,-3.40628e-07
4.97474,3.95605,19.9434,8.16994,-4.70816e-05
2.06857,3.28487,26.333,11.5622,5.26089e-06
4.35674,1.49269,12.5889,4.16947,-2.40636e-05
4.3143,3.42838,17.4217,7.46331,-0.00166524
3.19025,4.05262,11.4086,2.23751,-3.91205e-08
2.62709,1.87171,5.96257,6.22333,-0.000104277
1.00094,3.2641,18.2945,7.90234,-0.000217546
1.56054,2.24621,1.19579,9.67126,-2.55219e-06
1.7827,2.16971,36.3985,6.07854,0.218827
2.17434,1.31474,18.3981,4.20885,-2.30063e-05
4.71581,4.81031,12.0408,9.76225,-3.69344e-05
4.44007,3.4541,12.0523,3.90226,-1.76754e-05
2.16664,4.06769,27.8709,4.95692,0.00517776
3.9521,4.41029,36.5223,7.41237,1.02126
2.1163,1.57731,32.8779,3.4746,0.00345638
4.13428,3.83684,34.3794,9.11929,0.121723
2.28924,1.12155,11.7119,3.8113,-4.90835e-06
4.81735,1.72317,27.1722,3.71018,0.000747477
1.10383,2.98102,6.9517,2.41396,-2.28852e-08
1.89581,2.88442,26.3252,5.02066,0.00216407
4.57431,4.79373,2.3379,3.13475,-8.48704e-07
2.94436,4.69071,24.6764,6.32647,0.00975973
2.73479,4.96699,1.97555,10.6993,-7.47547e-07
4.20319,1.98419,13.5825,5.64087,-0.000279098
1.45777,1.30426,19.9039,4.02522,-1.09633e-06
4.93205,4.89995,38.7694,7.00588,1.01326
2.04184,4.99469,17.2438,9.3466,-7.17944e-05
4.58707,1.69802,36.383,9.28322,0.0820741
1.29134,2.74548,16.9634,2.71446,-5.10211e-07
4.79353,1.89009,35.3861,4.93811,0.126785
4.83189,1.18611,4.60853,5.72445,-7.27448e-05
4.28239,4.65417,36.1744,10.5234,0.0103106
1.41418,3.29375,10.8983,8.04577,-0.000101016
4.66623,2.83923,2.91451,3.17281,-9.19374e-07
2.23189,1.23018,11.2578,3.89228,-5.41966e-06
1.81579,2.18898,7.55488,5.05942,-2.11976e-05
2.3733,1.37704,35.597,4.80242,0.0453592
3.45612,2.6345,38.6445,8.68501,0.0919437
4.30601,4.84594,12.5425,10.7772,-4.48486e-06
3.42628,2.86399,24.601,8.66736,0.00287312
4.66977,1.26039,34.0305,11.8771,1.47044e-05
2.8737,3.74118,26.2845,11.2916,2.49918e-05
2.16587,1.21151,30.8317,7.9078,0.087793
3.36778,1.34296,25.0968,7.81648,0.00785951
2.38825,1.85712,22.801,8.31245,0.00126775
2.68289,2.92082,19.3598,3.18108,-2.40796e-06
4.45737,1.02404,34.6453,3.35643,0.00503931
2.07346,3.81883,28.8418,8.64619,0.0145851
2.5995,2.1032,27.355,10.5211,0.000287592
1.32281,3.45719,4.529,3.86754,-1.59047e-06
2.72844,1.05336,4.72092,8.62928,-2.48104e-05
1.50351,4.55226,24.7018,6.88072,0.00911065
1.20937,4.38815,38.0943,8.0445,0.106478
2.37288,2.16052,7.22692,8.82397,-3.10524e-05
2.83607,1.19751,27.0273,3.51561,0.000233168
4.03304,2.91096,17.9022,3.56588,-1.7282e-05
1.68135,1.789,36.1763,3.9056,0.00768452
3.37567,1.51737,3.77293,8.53379,-3.62384e-05
2.12589,3.38704,1.60633,8.54386,-2.20564e-05
4.77147,1.56269,17.9315,2.69351,-1.46277e-06
4.45579,3.68093,32.798,3.16901,0.0043829
2.54166,1.98184,4.26222,2.14981,-3.27785e-09
1.07,4.47697,36.7573,6.43864,0.230778
1.36891,1.94477,8.7091,5.19903,-2.22531e-05
4.4201,2.76422,4.78613,9.16567,-2.69825e-05
2.2603,1.15925,19.4388,7.93351,-0.000164067
2.79684,1.38229,26.6095,6.26283,0.0141221
1.5089,4.64436,36.9351,5.33577,0.082449
3.28446,2.94756,28.7958,3.38838,0.00070175
3.059,1.42342,11.9803,10.8444,-1.71994e-06
2.11481,1.5246,9.74353,10.4486,-2.1863e-06
1.5234,4.81583,25.6133,7.50911,0.00907333
2.83711,2.71355,16.4929,7.22126,-0.00124668
2.13921,2.34371,26.4602,2.77012,2.24426e-05
1.14708,3.62135,36.4522,11.5323,0.000101375
1.63891,2.54606,5.82139,9.33373,-8.68581e-06
1.3105,4.56382,21.4994,10.6722,7.20565e-06
3.74506,4.44166,30.5517,4.11401,0.0109507
3.11852,2.69377,35.823,4.22717,0.0293985
3.82422,4.39138,28.2481,9.18441,0.00918433
2.09019,1.50028,14.0996,4.48158,-2.56885e-05
4.91184,1.23779,16.2463,5.12459,-0.000210381
2.78891,1.80094,31.4824,4.42843,0.0185269
3.76214,3.43124,31.8579,11.5952,0.000159056
4.00102,3.13039,23.2822,10.8664,3.50319e-05
4.13685,1.63594,2.49171,5.38036,-3.47049e-05
3.76754,4.7634,24.6986,2.72596,1.8459e-05
3.51632,4.50733,24.9668,10.4521,0.000185584
2.07706,2.55445,13.8373,6.76639,-0.00057701
1.53011,3.25091,31.467,9.61477,0.0111652
4.6001,2.93315,33.1145,8.65137,0.233328
4.28039,2.39577,25.6235,9.34205,0.00196758
2.95651,1.28116,7.21898,5.1266,-2.96097e-05
4.82922,2.91635,20.9189,7.02703,0.00311668
1.4765,2.79952,20.7603,4.70432,4.41274e-05
4.63808,3.46467,4.00292,7.70429,-0.000183452
2.82288,2.11822,12.3655,8.30544,-0.000165683
3.76448,1.69367,5.75919,10.5921,-1.63326e-06
1.84129,2.74134,26.7774,8.32004,0.00627144
3.71973,3.62086,35.3619,5.28852,0.194145
4.66331,2.79225,4.69862,10.904,-9.3553e-07
3.49728,1.65042,32.3426,8.08868,0.26039
3.20497,2.69051,13.9141,10.737,-4.13777e-06
4.03931,4.55849,7.51641,4.06447,-1.12447e-05
4.37483,2.29164,18.0019,7.17368,-0.00202418
2.66405,2.32686,21.2532,5.98405,0.000784358
1.48257,2.96487,24.0697,3.50688,4.48173e-05
4.06215,4.35288,36.4235,6.22643,0.703437
4.50335,4.3644,27.6684,4.28218,0.00336608
1.94569,1.62673,14.8087,2.38386,-1.00445e-07
4.31773,3.76795,37.0078,2.75916,0.00126769
3.75431,2.78504,14.1334,9.51221,-5.74985e-05
3.0704,2.25099,17.2618,5.74956,-0.000418404
1.8761,3.39412,15.743,11.1303,-1.15262e-06
3.72613,4.35739,33.6246,3.64876,0.0127874
2.49919,3.80308,19.0191,7.5211,-0.00065291
2.16429,1.39541,15.8144,11.7814,-3.41878e-08
3.62174,3.03809,35.1566,2.34653,0.000153252
3.30782,4.90974,34.5739,8.38738,0.281926
3.59487,2.31185,28.8635,7.01928,0.151875
3.69741,4.55063,36.2248,8.03781,0.476447
1.31289,3.55328,5.73102,10.916,-3.10131e-07
1.0356,4.0485,17.3909,2.73273,-4.90271e-07
1.25964,3.11395,35.141,4.6411,0.0245258
2.49757,1.55107,20.3399,5.72611,0.000104964
1.91943,4.41807,32.6395,11.2551,0.000516859
1.65977,3.71226,13.6087,4.45822,-2.36267e-05
1.43217,2.37467,25.943,8.80746,0.00166718
1.965,1.76174,29.823,11.6008,2.14328e-05
1.11598,1.83887,22.8245,5.70394,0.000609845
4.65491,3.64111,13.212,10.2548,-1.68248e-05
4.66127,3.2881,19.2573,7.67134,-0.000818038
1.58882,1.69253,16.1027,6.17759,-0.000293916
4.87408,3.01474,34.8783,4.82007,0.124102
1.621,2.23548,2.32993,3.53334,-6.58733e-07
1.81295,1.09693,13.0276,11.5635,-7.85916e-08
4.06386,1.60146,13.3014,10.7924,-3.4536e-06
2.31538,3.9193,13.2307,9.72904,-2.27423e-05
2.546,2.62033,17.3183,9.91322,-3.00119e-05
1.15958,3.47705,7.00201,11.093,-1.93176e-07
2.43691,2.6459,38.2041,7.50767,0.339765
3.89745,1.96359,30.1965,4.84374,0.0247662
1.36285,3.10616,15.0748,3.83455,-7.87348e-06
4.68256,2.48526,27.3815,7.17854,0.0775917
4.41809,3.16399,10.8533,2.47209,-2.32492e-07
2.08016,4.55823,35.3952,6.69581,0.623429
1.88151,1.6177,28.2869,3.72172,0.000519484
1.47753,4.19967,10.0215,6.56266,-0.000194015
1.03418,3.00174,30.038,5.19659,0.0112776
2.4492,1.60042,9.67738,4.05625,-6.98984e-06
2.23662,4.07654,12.2224,5.05428,-6.36363e-05
4.42347,4.26569,23.6302,11.0793,2.61383e-05
2.27503,3.60134,1.00175,6.79111,-0.000107667
3.50154,4.9117,17.6124,9.90726,-4.80762e-05
4.53318,1.3137,24.6476,6.25889,0.00946722
4.18103,1.86628,8.0959,7.88452,-0.000198299
3.66886,4.18069,28.344,4.81145,0.00914041
1.67932,1.85828,15.9582,10.5001,-4.76857e-06
2.69369,1.45968,26.9746,5.422,0.00582635
2.13108,2.81497,24.028,2.02566,4.43893e-09
1.31653,4.39419,36.6062,7.35425,0.359665
1.24931,2.24307,25.2732,5.12943,0.000978158
2.87024,4.30622,12.6269,10.3215,-8.44549e-06
3.40327,3.84573,22.0929,7.75146,0.00294804
1.19679,3.2412,22.1067,11.6034,3.49403e-07
1.38695,3.80693,33.8624,4.7317,0.0322697
2.72394,2.70112,13.1467,8.31729,-0.000193932
4.96957,1.32194,10.5896,7.39733,-0.000526413
2.28061,2.82478,16.1281,3.11558,-2.93556e-06
2.26939,4.58113,25.8625,8.04551,0.00803173
4.28093,3.61225,5.94246,7.76191,-0.000207117
3.79879,2.42885,37.5228,8.51839,0.193432
3.77545,2.91775,3.83033,6.56487,-0.000189166
1.19338,2.94944,12.4642,2.31229,-3.03564e-08
3.71122,1.40309,19.2318,8.25153,-0.000254086
2.84269,1.45818,26.1594,9.8776,0.000567024
2.10269,2.20368,9.44232,9.51778,-1.35031e-05
3.31003,2.34756,10.919,5.46433,-0.000116402
4.60264,3.41074,4.44931,2.80236,-3.81908e-07
4.23546,4.7021,29.3036,9.87132,0.00606045
1.64726,2.90333,8.39533,7.54296,-0.000137922
2.99419,3.76933,36.1234,6.6791,0.842989
1.97948,3.04903,13.0887,9.13703,-4.6372e-05
2.31708,1.24854,35.7846,2.0364,5.86658e-07
3.00005,2.5561,26.2511,2.99877,6.11948e-05
2.10954,2.47448,38.2298,9.72436,0.0137128
1.66639,1.65858,11.807,5.07942,-3.55674e-05
2.6923,1.46298,38.0778,8.64053,0.0810152
3.8625,1.63547,4.85766,6.37236,-0.000149025
4.5928,1.98647,26.9763,2.8394,7.39583e-05
2.8683,3.26465,1.47207,11.418,-6.92503e-08
3.66437,2.23731,24.8044,4.57504,0.00102128
1.00949,3.61366,9.02713,9.20127,-1.13991e-05
1.56501,4.7581,35.7267,2.14489,1.04129e-05
4.43103,2.07698,11.6392,8.07468,-0.000304292
1.049,4.4188,11.9576,9.789,-7.61354e-06
2.72176,3.8061,12.5434,8.3746,-0.000175781
3.15241,4.00452,6.18048,10.9494,-7.39703e-07
4.37427,2.31772,25.1092,6.50573,0.0180078
4.46815,2.28398,7.14832,5.01036,-4.64208e-05
3.08676,1.91637,39.2812,7.25483,0.291453
1.64955,1.43447,21.7358,7.52382,0.0010802
2.31744,3.27323,28.3596,10.0633,0.00126074
3.68884,4.68659,33.7499,8.79647,0.177834
4.84139,4.43977,16.0587,6.62334,-0.00190385
1.05447,3.79815,35.5502,11.2298,0.000348572
3.29866,1.02989,17.8986,7.77945,-0.000578217
1.49748,2.65459,8.62607,6.45016,-0.000125813
2.82273,2.885,26.9742,5.21757,0.00577673
2.53318,1.93706,19.0134,11.2449,-7.57813e-07
3.49631,3.95187,2.26723,8.60132,-3.76104e-05
1.46184,1.06468,31.2825,5.87672,0.0551974
4.82043,1.26695,22.8946,9.40598,0.000486898
2.61325,3.56434,5.26816,7.67478,-0.000127075
2.99003,2.55345,32.0033,6.40764,0.408845
4.83877,4.59627,3.02781,6.85807,-0.00032928
2.89224,2.82706,8.446,3.11534,-1.04018e-06
1.29534,1.56962,33.0888,2.15114,6.54762e-06
2.52035,2.94424,25.9411,5.62699,0.00557484
4.80131,4.83024,18.2129,11.6424,-3.71399e-07
3.06124,3.53067,8.62395,3.30383,-1.93893e-06
3.357,2.14261,22.9995,10.1191,0.00012498
1.75288,4.43349,5.9812,2.94929,-3.03076e-07
3.74132,1.00907,21.9096,10.7612,1.369e-05
4.35446,2.4198,38.0882,2.0144,1.4818e-07
4.33404,1.0429,30.8803,3.26022,0.00160139
4.67537,4.6403,34.8929,3.23056,0.00630575
1.51604,4.0454,24.5781,10.5849,4.93846e-05
1.61202,4.6694,8.89957,2.50552,-7.98711e-08
3.5401,1.4717,38.1207,6.72512,0.539043
4.79802,4.98766,18.8289,5.78538,-0.000650974
1.723,4.20858,12.1624,8.20022,-0.000132625
4.75425,1.95291,29.6516,2.4814,7.63604e-05
3.44499,4.54391,35.6037,6.83578,1.194
3.0946,1.55367,33.0118,2.92571,0.00122068
1.28404,2.334,9.37521,3.02139,-3.87734e-07
1.98504,1.00858,7.70291,3.50251,-1.1231e-06
3.79531,4.84432,15.6724,11.8876,-1.98817e-08
3.16408,3.21105,6.10455,11.1076,-4.35706e-07
4.89757,4.01456,11.235,10.7074,-4.69608e-06
2.14685,1.46058,33.4297,9.78834,0.0155943
1.40929,2.14883,31.9351,9.89681,0.00693534
3.3089,3.49339,20.0277,5.59274,1.13063e-05
1.48886,3.38374,21.9183,6.60198,0.00166316
1.02508,3.84719,18.659,7.28314,-0.000416956
1.81608,3.574,7.35987,2.36363,-3.06077e-08
2.81737,2.69238,19.2474,2.43901,-1.92002e-07
4.38115,4.2222,38.2649,7.65827,0.560096
4.05083,4.3134,2.32168,5.19244,-3.36178e-05
2.47629,2.83499,28.3397,5.14589,0.00919849
1.08044,2.97045,32.3934,10.2131,0.00374333
3.75088,1.55392,28.7845,3.03625,0.000261496
1.45957,4.53824,9.38411,2.94081,-4.06503e-07
2.16365,1.35597,23.1488,3.11403,1.28342e-05
1.6904,2.9445,4.79739,11.3059,-9.57104e-08
2.54514,4.84329,24.6706,11.668,1.76703e-06
3.38329,3.45276,4.14118,3.69104,-2.71366e-06
1.924,3.25048,15.6842,6.98986,-0.000980674
3.73834,4.99607,31.1085,2.7051,0.000477473
4.2631,1.81758,14.9486,6.54254,-0.00101691
2.66826,3.68774,10.1961,3.76774,-6.07627e-06
4.78374,2.82577,4.77584,10.4886,-2.70221e-06
4.84874,2.56263,23.6954,7.84386,0.0076146
4.27569,4.42932,8.56338,3.38245,-3.39267e-06
1.73006,4.27297,13.4725,8.50349,-0.000113761
4.7038,3.89989,38.7513,8.01573,0.307109
4.27469,3.14558,12.6947,4.93498,-0.000104819
2.4193,4.75698,34.7632,9.66786,0.0310316
4.1367,1.23505,16.1596,11.7151,-1.18199e-07
2.01417,3.77721,32.3923,7.95676,0.226639
3.64562,1.12901,10.9019,9.69325,-1.70111e-05
2.37759,2.84823,35.192,10.1252,0.0119274
2.96527,4.95285,31.8254,2.45027,0.000171853
2.63354,4.09177,8.20122,8.17764,-0.000109797
2.3344,4.81667,22.2402,8.64237,0.00075704
3.81169,4.21595,5.7987,11.1452,-4.72332e-07
2.63032,3.06435,38.4974,8.89785,0.0582135
3.24305,1.33655,28.4191,3.93802,0.00136477
2.66538,1.20667,20.2772,2.25991,1.98305e-08
2.86809,2.89349,17.0993,11.1367,-1.95058e-06
4.95988,2.83041,35.2969,8.04908,0.574592
4.49054,2.98421,7.48266,11.2859,-3.99353e-07
3.78953,3.56817,17.174,9.82536,-5.60662e-05
2.81114,3.42252,24.4154,8.19939,0.00419309
4.02395,1.86209,2.07006,3.39144,-1.0808e-06
4.88931,2.85197,19.5757,10.4562,-7.34682e-06
4.71837,3.22254,7.37155,6.9975,-0.000616199
4.93432,4.26131,9.09473,5.14699,-9.6986e-05
3.2211,3.35041,16.301,4.15529,-4.16827e-05
2.45516,2.39007,10.2691,7.59426,-0.000246273
1.8119,2.71125,38.2589,9.79587,0.010532
1.90207,1.40805,28.1061,5.68084,0.0101023
2.06968,2.96241,30.7654,10.9213,0.000649543
1.49983,3.92224,5.65161,6.9869,-0.000158948
4.54405,3.86648,30.1881,6.78128,0.392013
1.92981,2.6208,27.9679,7.95313,0.0185232
4.11418,2.35197,38.2531,9.30242,0.0520005
1.72373,1.58788,20.4443,4.99625,3.63464e-05
4.86215,1.46002,25.9932,9.34253,0.00220955
3.35389,1.69411,32.7318,3.95135,0.0146184
1.9489,2.05098,13.378,2.84202,-6.3386e-07
3.45457,4.60074,32.8811,8.00156,0.428069
1.61511,2.68049,33.9714,3.01386,0.00106515
1.99275,2.19691,20.8266,7.47531,0.000655009
2.91976,4.60385,32.9687,8.5539,0.182266
1.35919,1.62112,13.1355,10.4052,-2.79204e-06
2.54374,2.74741,34.7365,3.574,0.00682882
4.45783,2.41478,4.95779,6.64522,-0.000267987
3.5672,3.39827,29.253,11.0509,0.000320369
3.55911,1.00519,27.7128,6.6567,0.0412541
2.25116,2.1139,11.6219,8.44504,-9.71093e-05
1.02009,4.99007,1.81201,8.66076,-1.00012e-05
4.68423,1.10858,30.485,10.9883,0.000723769
3.22948,4.63282,3.24391,11.9212,-1.168e-09
1.05717,1.66351,37.6033,4.54001,0.0117568
4.26094,4.11185,34.8914,4.21377,0.0433775
2.25144,2.47727,20.2534,11.0442,5.23122e-07
3.25295,4.26233,4.71903,9.50968,-1.26573e-05
3.0187,1.69574,35.8581,2.90862,0.00125506
4.35775,2.1963,15.6899,5.11379,-0.000210562
1.81279,4.31905,19.9054,5.43658,-1.73992e-05
4.97605,2.96023,18.3565,2.50797,-7.88333e-07
4.32809,4.83571,21.5624,6.18304,0.00250582
3.39194,1.0675,36.9244,9.45981,0.0358965
2.98799,4.84491,11.0741,10.9931,-1.34607e-06
2.65221,4.43682,38.5677,6.9218,0.552553
3.20355,4.63906,2.12381,2.77618,-1.92516e-07
4.39476,2.99236,29.3019,3.48544,0.00158028
3.99815,4.63659,17.4716,5.73138,-0.000636381
1.05907,1.85274,27.2381,5.04234,0.0016813
1.03856,3.9705,25.8149,5.86843,0.00315281
1.55256,4.7071,20.2752,2.08386,1.51192e-09
1.00213,1.77938,20.7782,7.29625,0.000346982
1.02088,2.82442,22.9831,10.8009,9.0082e-06
1.8605,1.40994,27.6623,2.02929,2.05413e-08
1.21356,3.12888,23.4761,4.98682,0.000395728
2.67074,2.13623,27.2425,3.41481,0.000242589
1.80423,1.02373,36.0517,7.56614,0.249436
3.01676,1.31026,30.7241,8.87702,0.0338407
4.82568,4.80715,18.8499,5.9963,-0.000834219
2.13479,1.78916,35.1703,5.27309,0.0893031
4.38954,1.56632,29.9117,11.3094,0.000191571
2.65651,3.0685,27.3077,2.88654,6.65147e-05
4.43456,4.15112,3.72884,3.23133,-1.22748e-06
2.35984,2.6211,19.1764,4.4549,-3.29259e-05
3.11881,1.88234,30.5187,7.77441,0.146534
1.96451,4.46017,24.4453,9.95526,0.000224609
3.69887,1.57613,1.24736,3.86737,-2.32949e-06
1.0485,4.8092,20.7327,9.26132,3.55835e-05
2.72129,4.90226,24.7175,8.11689,0.00547575
4.55534,4.63136,33.4539,4.32036,0.0554188
2.19908,3.21956,24.0564,10.2394,0.000115413
1.59678,2.47057,19.1288,6.7754,-0.000475549
1.12181,4.61668,38.8622,11.5341,4.98292e-05
1.55015,3.97698,29.355,2.18556,2.80304e-06
4.23273,3.92916,13.1434,10.6613,-6.27488e-06
3.11532,2.0688,25.5634,10.7348,9.02912e-05
1.85434,1.659,21.5241,9.66778,5.88876e-05
2.17304,3.02716,13.5566,8.49879,-0.000135369
3.1381,2.93923,39.3723,9.03143,0.0350314
3.55444,1.44322,16.9581,3.00353,-2.93138e-06
2.04953,3.07729,3.5187,2.14252,-2.45077e-09
4.69381,3.16238,28.7454,6.7456,0.158493
2.78831,1.24933,29.3817,3.20133,0.00039336
2.01237,2.12686,1.29871,4.71107,-6.08861e-06
4.09945,1.40205,1.0083,4.70613,-1.02061e-05
4.84465,1.44708,13.0649,3.12613,-3.05966e-06
1.55257,4.99893,35.5119,3.38651,0.00310351
3.85757,2.60955,5.38233,2.83676,-3.80633e-07
2.6345,1.46199,36.5654,10.2402,0.00819966
2.22909,4.51789,9.94036,4.38538,-1.57006e-05
3.56115,3.92587,14.9415,5.96546,-0.000539671
3.63474,2.47788,4.04575,4.57993,-1.31667e-05
2.23963,4.94309,19.6759,2.15971,-8.6273e-09
4.42381,4.77216,4.97544,11.722,-3.04704e-08
3.49946,2.7331,9.41522,4.29237,-1.73304e-05
2.56299,1.7259,8.42186,2.67341,-1.89343e-07
3.33102,1.82917,37.4301,11.2966,0.000599789
3.34682,4.19389,11.5258,7.96837,-0.000306713
4.98353,3.98823,5.46085,4.27631,-1.47638e-05
3.43611,3.19627,33.8966,4.84649,0.0916734
1.19225,3.49392,30.2182,6.98299,0.126003
3.57458,1.05742,3.7076,4.55327,-8.56976e-06
1.96532,4.11237,12.3033,5.56089,-0.000113741
1.44505,3.8349,34.1976,7.87497,0.220842
2.11983,4.19064,11.4241,8.08971,-0.000164862
2.77992,4.28135,4.65574,3.61602,-2.12994e-06
4.0862,4.79913,12.561,8.91919,-0.000131984
1.26406,3.47835,2.44596,11.094,-1.14918e-07
4.97466,4.72622,29.6529,2.13368,5.47334e-06
1.7409,1.0737,25.3305,2.97391,1.58666e-05
2.96095,1.56737,31.5314,8.80171,0.0616292
2.4528,2.95969,26.6235,5.28374,0.00468931
1.38912,3.83293,12.6808,11.394,-1.95084e-07
4.21121,2.24225,26.3767,10.7759,0.000161967
1.11254,1.54071,5.27231,5.70255,-1.98883e-05
2.85185,1.54932,20.8103,2.94759,1.99265e-06
3.55839,4.55892,35.4908,2.47245,0.000344751
3.71261,1.18158,11.8152,9.04692,-5.73466e-05
4.33839,1.35235,17.4319,3.01308,-3.66898e-06
3.91224,3.98574,35.5019,9.14888,0.111096
1.56753,2.12389,20.883,9.88218,1.93313e-05
3.56549,1.18959,2.88064,10.5311,-1.05598e-06
1.00615,1.91689,33.994,10.8656,0.000838806
2.80719,1.28381,24.5167,10.7173,4.55083e-05
3.05287,3.74766,24.6842,11.6352,2.53212e-06
1.29882,1.69508,36.6658,5.26882,0.050997
1.18634,1.45136,4.88286,10.2818,-8.46769e-07
2.3237,4.94533,27.7799,4.67134,0.00355985
3.27871,1.92085,20.8534,3.79968,2.05947e-05
3.33731,4.95919,11.3086,7.44427,-0.000552991
2.9378,3.68953,13.5343,10.2641,-1.10624e-05
2.47736,2.0517,28.9683,9.98954,0.00191436
4.96341,1.71093,16.6611,6.84087,-0.00204766
4.98396,3.65645,10.7884,10.0864,-1.66075e-05
4.27158,4.66392,38.3919,2.04276,1.34268e-06
3.66332,1.22614,15.135,9.11306,-9.31494e-05
2.10436,2.57273,37.6204,11.2243,0.000522442
3.32439,4.82952,29.7939,2.65697,0.000160727
3.36639,1.23239,33.049,3.12063,0.00212875
1.75353,4.76141,20.4212,9.97635,9.57999e-06
2.75878,3.2739,27.3559,9.08224,0.00456423
1.84609,2.0542,26.7143,9.28448,0.00144689
4.77484,4.0819,38.6337,2.04582,1.49743e-06
3.69404,2.79061,38.3124,9.03597,0.0713351
2.62219,1.55862,11.979,7.44462,-0.0003561
1.66463,3.15617,23.9472,8.26151,0.00185022
4.82361,2.27773,12.8117,2.25275,-7.49442e-08
3.04275,3.45778,37.2422,6.55197,0.656181
1.89952,3.97476,24.9879,7.64952,0.00714772
1.98816,3.81798,1.2775,8.73637,-1.56811e-05
4.86678,4.08299,39.726,2.28555,4.02485e-05
4.30582,1.55512,33.3669,4.8673,0.0921279
3.83542,4.01731,11.2865,6.53666,-0.000596679
1.26687,4.75076,18.3956,8.47063,-0.000143135
1.08877,2.23019,13.4009,11.8139,-9.46486e-09
3.79034,2.60701,19.7651,6.32102,-0.000229945
3.88988,3.55425,9.53297,4.16897,-1.68642e-05
2.27349,4.24557,1.64643,4.32389,-4.55125e-06
1.63832,2.21356,11.8279,5.60825,-7.9587e-05
4.47758,1.162,9.03784,10.8978,-1.23674e-06
2.02991,2.37095,29.4065,4.9226,0.00956485
3.69156,4.87729,25.3847,3.02113,6.34063e-05
1.09109,4.20211,38.9028,8.8522,0.0223397
4.75098,1.18284,19.4591,6.15513,-0.000374864
1.00263,1.4792,38.314,3.93081,0.00281692
1.83412,2.3436,35.9362,11.3623,0.000323278
3.08082,1.9698,24.7725,6.31401,0.00843492
1.86696,3.43561,23.7455,9.44864,0.000359255
3.96115,2.21996,14.9139,10.9876,-2.93673e-06
2.67497,2.19793,4.02693,10.7609,-6.69241e-07
3.99648,3.16909,37.5515,8.68424,0.173337
2.41332,1.92558,38.4618,8.663,0.06581
1.09659,3.08772,18.7639,3.70761,-5.28173e-06
1.02936,1.21353,19.5336,4.07366,-3.57124e-06
4.46218,2.60599,11.8205,2.7335,-8.14724e-07
3.61543,2.49752,17.8933,7.43409,-0.00131433
2.3682,1.32839,26.5881,5.23018,0.00315648
4.21604,4.61935,1.4613,9.94977,-5.16974e-06
4.5179,4.84814,38.0559,8.17626,0.349742
2.94606,3.24218,10.4844,9.57489,-2.25859e-05
1.43313,2.08634,6.50281,2.99912,-2.56174e-07
3.11011,4.942,31.7776,9.18386,0.0566407
3.93994,4.12465,35.3294,9.2141,0.10208
1.6301,4.05033,32.3596,7.21872,0.420525
2.91453,1.19394,4.53666,9.71132,-5.30754e-06
4.04084,3.67082,38.4715,4.93812,0.0744135
1.93117,2.97275,38.4849,10.9092,0.000941732
4.24171,4.78058,16.5953,8.35429,-0.00057309
2.18263,2.29709,19.8728,9.20972,-9.52893e-06
1.44592,4.91656,24.7149,7.60939,0.00527904
1.47694,1.42257,34.522,9.11681,0.0323248
2.23655,1.87375,26.2698,6.02882,0.00824947
1.52882,1.97897,25.6176,10.2291,0.000137943
2.31579,2.07051,35.5778,6.70743,0.577503
2.80434,2.16327,6.71395,4.83295,-2.07083e-05
4.36807,1.18497,35.7304,7.79563,0.501119
2.78463,2.74207,15.6071,4.28388,-3.88051e-05
3.63629,3.17554,25.9367,6.18131,0.0161365
3.36486,2.83284,22.8074,3.42318,4.71399e-05
1.43352,4.89573,25.73,11.61,2.28512e-06
3.52226,3.65604,8.89981,2.97247,-9.60048e-07
3.11484,1.49978,3.48711,10.3026,-1.80099e-06
1.17657,3.14993,11.2501,8.32801,-6.20184e-05
1.29617,1.56595,27.1172,11.4197,7.65593e-06
2.58114,3.05983,18.4099,6.01381,-0.000487169
4.06624,1.02694,34.2195,9.55778,0.0383828
4.03631,2.20936,27.7754,6.08454,0.0348391
2.45413,2.86056,16.9691,3.45851,-8.15067e-06
4.92111,3.78778,3.89047,7.73948,-0.000187862
4.45168,3.31857,21.9153,9.43198,0.000342294
4.83219,4.28352,37.2082,3.93871,0.0268316
1.89001,2.17869,10.0018,9.20207,-2.17274e-05
2.10297,3.83258,9.43058,9.49692,-1.60801e-05
2.28653,3.66816,34.98,5.8167,0.23883
2.48027,2.59556,8.45376,5.94709,-0.000112462
4.95628,4.94217,37.4218,9.72439,0.0495672
4.94301,3.40162,3.24329,6.37774,-0.00019395
4.46991,4.38608,25.6669,5.57906,0.00898835
4.69549,2.72554,4.92555,7.61296,-0.000219096
4.03512,2.98552,24.7529,6.7957,0.0209059
4.5001,3.26924,23.6511,6.11664,0.00704586
1.91895,2.55516,37.5031,8.10434,0.168962
3.67728,2.54045,27.7442,6.93828,0.0831056
3.45582,1.68625,30.6239,11.6166,5.46064e-05
4.53116,4.99593,26.0816,6.67687,0.0408126
4.84068,4.07534,37.5326,2.14854,2.74202e-05
4.28145,4.35261,7.36928,7.47718,-0.000362231
3.48553,1.24999,1.73298,3.91082,-2.29712e-06
3.58525,1.12587,14.7716,4.62372,-5.49914e-05
1.08803,2.04631,36.5327,3.53919,0.00241403
1.83725,2.55368,29.8431,4.09315,0.00296864
1.76645,2.71572,20.0695,8.75317,9.04348e-06
1.2771,1.06139,11.126,7.56976,-0.000110617
1.90477,1.57498,34.9221,8.99233,0.0521774
3.02966,1.89487,22.9775,6.57504,0.00501701
1.27684,2.93053,19.2848,7.50998,-0.000253584
1.56657,1.23948,21.2991,2.13971,1.74239e-08
2.72845,2.80674,32.2307,6.29662,0.366166
4.0564,2.88185,20.923,7.38454,0.00180842
1.9554,3.6768,10.8711,10.3009,-4.31826e-06
4.91786,3.76181,5.5322,6.19265,-0.000215286
4.62531,2.22889,38.6251,3.37316,0.00398413
1.86693,4.15249,4.16912,8.95269,-1.57936e-05
3.18671,3.86067,3.69726,10.9368,-5.52734e-07
3.56589,2.66715,9.12187,9.66729,-1.79582e-05
1.19897,1.8053,4.8065,3.63683,-7.77486e-07
2.29713,4.49938,11.0598,9.04069,-4.76483e-05
1.25162,1.40246,16.759,2.77068,-4.74675e-07
2.99469,4.4325,34.0499,7.2307,0.960986
1.10658,3.14337,37.4612,10.6884,0.00142277
1.1802,4.62241,22.6745,9.07659,0.000260445
3.82508,1.15528,22.5916,7.85655,0.00262814
1.46172,2.96099,11.4622,11.5391,-7.8942e-08
4.11386,2.30047,7.86691,7.94266,-0.000188465
4.05916,4.91686,1.21264,11.8268,-6.12997e-09
3.7352,1.79701,2.50672,7.24293,-0.000167834
4.74355,3.55024,10.8157,8.98343,-9.79878e-05
3.77454,3.57713,2.92284,2.78157,-2.42316e-07
4.86498,1.32711,33.6663,8.85406,0.149137
2.42425,3.58417,27.3473,2.08124,2.47116e-07
1.509,1.01869,27.3866,2.71958,1.47901e-05
1.68104,3.79302,2.937,8.59318,-1.96915e-05
1.56926,4.209,22.1546,8.64931,0.000467515
3.46471,2.47349,23.1847,9.95867,0.000198927
3.37843,3.23918,23.8637,6.10322,0.00569348
2.59788,1.82787,27.7258,10.7183,0.0002078
4.33869,1.6524,13.6827,5.17982,-0.000147893
1.86734,3.55654,33.3937,9.58361,0.0252257
1.93952,4.91283,32.8043,9.29742,0.0408822
3.77009,1.92539,3.49145,10.3112,-2.35029e-06
3.34955,4.40887,3.97043,11.9705,-1.75086e-10
4.1768,4.39859,2.10693,7.75826,-0.000128587
4.51671,4.03759,20.0782,5.94167,7.05552e-05
2.14208,4.41545,13.9861,8.14958,-0.000244038
3.22252,4.7133,21.8481,4.61995,0.000276114
1.29512,4.21823,11.4949,2.16502,-7.2983e-09
2.69399,1.034,24.8713,3.59917,9.47999e-05
2.04193,3.68342,1.65745,5.30154,-1.76209e-05
4.20565,1.35305,38.827,4.07151,0.0114504
2.32774,2.38937,34.1498,4.91173,0.0636649
3.56126,4.99771,18.5652,9.87011,-4.58571e-05
3.46492,2.56961,16.9905,4.92237,-0.000156142
3.08288,3.25893,24.283,10.9334,3.49471e-05
4.10462,4.87573,7.27976,9.87229,-1.2529e-05
3.43227,2.91944,38.103,6.44526,0.486451
1.01204,2.95663,22.1608,11.0747,2.69414e-06
1.11109,3.1177,16.9124,2.78657,-5.86148e-07
3.48808,2.63916,33.7289,10.2454,0.0133402
3.37575,2.92134,19.9588,11.2795,-5.6241e-08
2.77898,3.8668,33.5225,6.75773,0.841368
4.75074,1.32394,13.3431,8.64451,-0.000177715
2.87253,1.75284,26.1232,5.92732,0.00856677
4.08014,3.87256,8.02579,2.40985,-1.02462e-07
3.48443,1.1994,30.3369,3.66704,0.00251946
3.89647,3.14591,25.8109,6.52783,0.0241387
4.56246,4.39288,4.58739,8.79661,-5.14229e-05
1.88035,1.40873,8.14442,8.85562,-2.30264e-05
2.16683,1.18079,31.8989,11.2778,0.000281541
4.6861,2.62315,37.2282,2.10431,1.21253e-05
1.11611,3.83333,30.5227,9.02271,0.0125972
2.63124,2.32723,28.5267,9.66316,0.00293846
3.28052,3.16119,13.4071,5.59487,-0.000227358
4.64266,3.25519,32.8826,11.9953,2.38134e-08
4.02614,1.17357,28.8666,9.31794,0.0073709
2.40998,3.58833,33.8985,7.71386,0.435481
2.99754,2.54143,3.42063,5.92585,-6.57716e-05
2.65523,4.61483,39.7372,6.03589,0.107751
4.83017,2.76835,26.7754,5.51344,0.0132787
2.27346,3.20559,39.1285,4.59665,0.0169396
3.94408,4.18607,33.3541,8.23384,0.383184
4.22601,4.1696,2.9437,5.25328,-4.09561e-05
1.12275,2.54861,31.6624,2.53533,8.02136e-05
2.21191,3.78707,29.3883,7.86206,0.0575071
1.53999,1.74599,16.9357,10.3838,-6.19135e-06
4.68404,1.56321,20.0359,3.92842,1.2231e-06
3.6413,4.83719,39.709,7.22003,0.348409
3.52708,4.22601,20.9236,7.39648,0.00169221
1.21244,4.42927,19.1789,4.62976,-2.52182e-05
2.07969,2.08399,24.3297,8.22615,0.00252707
2.10051,1.69136,29.1804,10.3037,0.000928299
4.64872,2.20007,37.9741,4.5926,0.0547258
4.09388,4.88263,34.7894,8.8263,0.192954
3.5017,3.47402,32.6678,9.36072,0.0607507
1.74564,4.84512,6.73788,6.05628,-8.07032e-05
3.51692,3.86389,26.1885,3.8409,0.000561168
1.02885,1.04953,5.77523,8.53333,-1.22379e-05
4.21297,1.80681,28.238,3.67615,0.001074
4.0811,1.10554,13.3961,8.38803,-0.00019948
2.63971,2.3169,36.7121,9.78168,0.0225541
1.11963,4.77194,10.1304,3.57337,-1.76747e-06
2.88499,4.68026,7.80848,4.9985,-3.84132e-05
3.73096,3.04729,16.1861,3.70159,-1.95255e-05
2.20315,4.31209,26.7221,9.70029,0.0010633
3.85792,2.94684,2.75941,7.19555,-0.000218373
1.33637,3.04641,24.9896,7.42278,0.00609462
3.08182,1.16964,36.5129,7.08211,0.745181
1.77518,4.0458,29.6699,6.67439,0.100899
1.70726,3.94427,18.5795,11.3834,-4.44212e-07
4.55323,2.09853,16.8257,11.6116,-3.54512e-07
1.52524,1.37507,39.8837,2.07875,5.1238e-07
2.28244,1.08741,8.85525,4.29042,-7.35234e-06
2.72385,1.61116,11.9884,2.85177,-6.59112e-07
2.39311,2.13612,9.05775,11.7751,-1.51214e-08
4.2109,4.10084,14.8028,9.14131,-0.000141557
3.71492,3.26272,32.1823,2.89711,0.00138156
3.6922,4.56495,21.7334,8.79573,0.000691149
3.28135,3.8083,36.7143,11.6135,0.000181247
4.13108,1.69135,7.233,8.29724,-0.000100561
1.09754,4.25492,31.5563,2.74297,0.000197656
1.30536,3.27496,8.91374,10.8546,-5.66766e-07
1.91667,1.20279,17.775,10.0223,-1.39226e-05
2.88058,3.3649,6.45691,4.73648,-1.99628e-05
2.78691,1.9442,10.0026,4.88463,-3.51775e-05
3.74338,2.03073,12.8219,8.28224,-0.00024165
1.64661,1.72331,35.5905,11.7434,2.9411e-05
3.67875,1.57472,2.89723,6.15448,-8.46658e-05
3.07691,3.12192,24.5798,7.70861,0.00864771
2.62764,2.9731,6.63224,9.88071,-6.49607e-06
1.24464,2.62653,33.0946,11.6266,5.66905e-05
1.62612,2.20148,14.9704,5.70782,-0.000155215
3.48357,1.46337,18.4634,9.74428,-4.11417e-05
4.23648,4.66157,9.75302,3.24153,-2.89142e-06
4.63806,4.00086,15.733,3.40065,-1.24888e-05
3.53414,3.95269,23.0499,2.9338,1.64845e-05
4.16645,3.62706,11.0184,10.9783,-1.83548e-06
1.30905,3.27732,34.4817,3.051,0.00101566
1.74972,1.59827,31.4956,11.7802,1.22579e-05
1.07347,2.91356,27.847,2.45398,6.05609e-06
3.72726,1.5059,22.7331,9.5954,0.000274454
2.47263,1.02677,8.16235,3.24056,-8.11608e-07
3.3644,1.99654,18.4683,4.53918,-7.14734e-05
4.56063,2.38501,22.2775,8.57958,0.00139964
1.29067,4.77407,18.4515,6.83218,-0.000658963
2.73502,1.78772,19.1289,7.75973,-0.000407676
2.71906,4.92998,6.39297,11.6348,-4.29214e-08
2.73118,4.81059,3.52385,9.35231,-1.19722e-05
1.70683,2.84759,39.9423,9.88772,0.00335109
3.68103,3.05065,3.0951,9.98046,-4.77149e-06
4.27083,2.013,9.78766,6.68905,-0.000511977
4.79619,1.61529,20.9107,5.45198,0.000433845
3.01284,1.84088,28.9369,6.38444,0.0653854
2.37614,3.0027,5.59342,4.25777,-6.51272e-06
4.77519,1.85016,26.6938,4.58185,0.00289937
1.76133,1.67374,32.9057,10.093,0.00725426
3.72304,1.26805,19.1649,7.36791,-0.000726039
4.84323,2.91025,38.6272,8.99485,0.0862239
4.80473,1.98622,24.5546,11.5913,4.16497e-06
4.75839,4.48511,2.51308,7.66134,-0.000172598
3.37218,4.34162,2.87089,2.13964,-3.83218e-09
3.74975,1.02435,24.269,4.72737,0.000776845
2.01785,2.01384,6.93416,3.26287,-7.72704e-07
4.25107,4.04646,24.8303,10.3388,0.000264515
3.28401,1.42384,6.67917,6.34476,-0.00014917
1.99272,4.87608,5.64252,9.85537,-4.98447e-06
2.46163,4.40362,30.7498,11.2975,0.000248343
1.8012,4.47857,21.8321,4.36021,9.89634e-05
4.08188,2.85687,28.2519,4.88585,0.00992817
3.66749,4.06199,31.9081,2.36146,0.0001254
2.57639,1.6486,14.7715,7.53244,-0.00052971
2.20225,1.09565,31.3587,2.41551,5.2983e-05
3.6529,1.13552,15.2868,7.38871,-0.000819223
1.81421,4.8982,39.4879,11.5336,5.69494e-05
1.84325,3.49763,4.03618,6.09309,-5.79765e-05
4.6037,1.88217,5.1289,8.77142,-4.62947e-05
3.6616,2.14249,25.8318,11.0879,4.51808e-05
1.49504,3.72984,36.7529,11.1473,0.000623329
1.16948,1.70144,15.7542,5.01844,-4.56153e-05
3.66496,2.67416,14.0508,7.33041,-0.000966825
2.87645,3.53602,33.9345,2.10794,9.61025e-06
4.70118,1.1107,17.5768,6.70699,-0.00148291
1.28844,2.5465,4.30403,7.36706,-7.12164e-05
4.04063,4.96429,7.54235,5.22999,-7.267e-05
3.68956,1.80306,2.5066,7.46764,-0.000130494
2.30463,4.84297,36.7863,10.2789,0.00907025
1.8772,1.72189,28.0897,6.06114,0.0170888
4.47917,1.68079,32.6992,3.48381,0.0073917
2.01598,4.86287,19.6216,6.31822,-0.000216098
2.0543,3.5326,28.1331,5.81326,0.0174357
3.56817,1.44916,18.5481,6.36559,-0.000766107
2.60064,4.94909,17.6052,11.9661,-1.38218e-09
1.63359,1.85765,24.6698,7.81832,0.00360552
2.17767,4.09791,6.53849,7.46664,-0.000163665
1.7919,3.47762,3.18162,3.64214,-1.14999e-06
2.62629,1.57166,15.3577,10.0654,-1.55951e-05
2.46675,3.51904,3.42351,6.63363,-0.000132154
1.06318,2.02399,2.9757,8.9119,-6.80435e-06
2.8918,3.88762,1.62907,7.63122,-9.48165e-05
2.99399,1.08157,4.98822,5.5697,-3.72094e-05
2.72843,1.25408,2.39414,9.18097,-9.09198e-06
2.07476,2.66548,12.2052,7.3194,-0.000400083
1.78459,3.90414,36.6571,9.9785,0.012255
4.8716,1.50011,20.9528,2.81282,2.63214e-06
2.86344,1.71757,25.3526,3.14637,5.23056e-05
3.19934,4.71607,28.3261,2.37866,1.67084e-05
3.94025,3.8857,19.3633,10.0481,-2.04676e-05
2.85581,3.75247,32.9051,10.6114,0.00495952
1.88645,3.962,11.7571,2.44211,-1.03362e-07
1.94267,1.47271,13.3829,9.2403,-3.24183e-05
4.64383,4.62193,24.8896,11.9166,1.73059e-07
3.51116,2.78594,34.9986,3.53925,0.00877055
3.6647,3.75165,38.6014,3.93938,0.0120587
1.41981,4.70196,3.23111,9.83172,-2.68459e-06
3.58167,3.39878,29.4628,3.6135,0.00193317
2.75281,3.70467,8.09781,3.522,-2.70344e-06
4.96746,3.18233,23.2241,11.0005,2.91856e-05
4.95651,4.41436,34.4376,5.07037,0.198044
2.3419,3.00253,1.24604,10.6181,-6.42444e-07
3.31287,4.49686,11.0838,9.93627,-1.59936e-05
1.40937,4.68094,14.1903,8.50889,-0.000106244
1.35423,1.87022,12.4273,9.7009,-9.92019e-06
4.53419,1.64542,14.5201,3.68337,-1.44222e-05
1.43006,3.97476,2.4449,7.40493,-6.67471e-05
3.07775,1.74661,13.086,4.89187,-6.35447e-05
2.92421,3.24836,25.3393,7.7599,0.0107752
4.09591,3.212,32.6045,10.0933,0.0193321
1.84984,2.76012,31.1746,9.31033,0.0181962
3.53314,4.04759,39.5272,11.8753,5.3519e-06
4.91365,4.74001,12.7068,6.10236,-0.00061354
4.06078,4.49565,5.34975,3.36709,-1.96982e-06
3.48309,3.77619,24.4941,11.56,4.18144e-06
2.63144,2.51229,22.2032,5.54941,0.000931153
2.75717,4.16737,5.34359,3.33122,-1.20911e-06
4.83831,1.99851,7.431,5.16645,-6.27285e-05
1.24502,1.32513,8.92412,2.88448,-1.88293e-07
3.9984,2.06045,18.3626,9.07378,-0.00016016
1.11236,1.04525,22.1766,11.8293,3.36143e-08
4.99703,4.58444,10.0144,6.0206,-0.000358606
1.65774,4.97439,4.38071,2.41564,-2.71764e-08
1.09075,2.72776,4.98248,2.98681,-1.65339e-07
4.98084,1.87799,3.63368,3.60297,-2.61682e-06
1.74077,2.80222,33.9774,5.12702,0.0678318
3.70336,4.44711,9.02588,9.76748,-1.73617e-05
2.55621,4.88312,34.1856,6.6731,0.755318
3.58619,3.26213,1.87399,8.56472,-3.70465e-05
2.23202,4.37554,25.9732,2.56273,9.55613e-06
3.36641,1.80962,34.3467,2.34537,0.000120883
1.99323,1.46026,22.9319,9.26495,0.000271547
2.14846,4.24661,10.1653,8.04662,-0.000143592
1.94211,3.18319,21.9097,6.31217,0.00154227
3.56481,4.87787,35.7125,5.18369,0.170147
4.79394,1.58981,14.5885,11.2879,-1.11509e-06
2.58869,1.48493,8.62667,4.00707,-5.56938e-06
1.27291,1.02414,9.41573,7.01367,-0.000148148
4.16417,2.89209,34.3821,7.31745,1.11432
2.5629,3.18047,7.33235,2.15585,-6.27299e-09
1.82934,1.9243,28.5097,9.49051,0.00253556
1.29157,1.95297,34.535,10.2767,0.00428065
3.52958,3.87755,18.4779,7.02196,-0.0019959
4.66247,3.28852,19.7975,9.83071,-1.26158e-05
4.42064,4.48399,25.3865,3.92439,0.000600327
3.44705,1.38973,24.4314,5.05925,0.00144064
3.07886,3.45838,21.8858,5.23098,0.000629343
3.24704,4.32312,22.6683,6.35102,0.00446719
3.08894,1.89637,9.11613,2.17094,-1.03701e-08
3.37027,2.05207,20.0076,3.3677,6.25018e-08
1.36338,1.90468,22.1696,8.45607,0.000430388
1.73826,4.24019,20.598,6.40536,0.000406951
2.88067,1.24487,19.4187,9.15803,-4.32497e-05
4.26525,2.18056,4.84695,5.62546,-7.37881e-05
1.0002,1.54783,5.84101,10.4244,-6.17526e-07
3.48046,1.53486,9.48814,6.35012,-0.000248837
2.71897,4.51291,27.0097,4.1602,0.00118987
3.60018,1.32668,35.5387,7.25933,0.786365
2.01374,2.20568,37.6331,7.16333,0.473123
1.39271,1.67298,5.73607,7.28584,-8.85626e-05
4.6663,3.60827,26.6077,2.59347,2.93749e-05
2.88579,3.05474,39.0618,4.547,0.0203912
1.09318,3.68951,23.7782,4.25808,0.000132858
3.45704,2.13865,38.1503,4.81462,0.0530775
1.99943,2.24675,6.93879,7.68244,-0.000107627
4.18119,2.6402,36.9152,11.0084,0.00242439
3.47378,2.43535,29.1103,4.91268,0.0136531
4.02194,3.75763,3.49431,10.2592,-3.34922e-06
4.87705,4.49612,6.23813,10.614,-2.79382e-06
1.34461,2.01508,1.76979,3.91298,-1.07524e-06
3.16035,1.61587,26.0003,8.7648,0.00351588
2.15555,1.46378,14.3947,6.93584,-0.000650416
1.60423,2.05254,37.1442,8.66143,0.0695929
1.4397,3.41187,12.4763,6.56295,-0.000272651
1.42871,1.71907,7.67523,3.592,-1.23304e-06
3.63205,2.54488,6.05694,11.3455,-2.0073e-07
2.26376,1.18863,38.2996,8.36376,0.0816549
1.82603,1.31748,23.3786,7.19354,0.00404125
4.51444,3.41368,8.62264,2.44856,-1.50042e-07
1.61455,3.75256,24.7973,9.06501,0.00089096
1.6125,2.27688,11.7231,8.33557,-8.34417e-05
1.57571,1.05219,2.26092,9.31989,-3.84531e-06
4.9888,1.58867,22.2659,9.73273,0.000230947
2.06432,3.90534,30.0309,11.7932,7.08509e-06
1.21123,4.10873,28.3243,9.97511,0.000800724
2.34399,1.62752,31.2791,3.39143,0.00179921
2.84444,4.56778,5.05553,9.28294,-1.68077e-05
1.82304,3.65872,15.1489,6.85552,-0.000763128
1.97181,2.82138,3.51255,8.15693,-4.06759e-05
1.80321,4.32651,8.51551,5.33043,-4.19786e-05
4.37192,2.04326,35.2287,7.08186,1.35138
2.19754,1.41992,4.86661,11.0008,-2.72806e-07
2.19636,1.83959,9.31317,7.24919,-0.000252973
3.67007,4.43758,7.30616,10.791,-1.57916e-06
3.42423,2.2513,28.4853,5.78043,0.0300342
2.40392,3.26756,18.0764,2.36478,-1.83645e-07
2.01419,1.92079,35.1543,2.88476,0.00081386
1.23004,1.36708,32.5959,8.32927,0.0672992
2.8823,4.05291,6.96758,6.27538,-0.000172088
2.54011,3.52072,8.24831,3.24325,-1.30711e-06
1.3581,1.16619,17.6929,2.57252,-2.26039e-07
1.03518,4.45919,17.9626,11.0919,-8.90766e-07
2.15676,4.72074,6.64714,5.17731,-3.14266e-05
2.49567,1.31492,19.5566,2.02681,-2.13969e-10
1.16325,1.96807,14.5808,11.104,-5.49906e-07
4.55577,4.11576,36.9693,11.0999,0.00219903
4.25024,3.12813,4.36915,2.81006,-3.51143e-07
4.7224,3.32436,16.5926,10.0597,-4.25628e-05
4.52334,2.35926,25.7555,6.0735,0.0150773
1.97653,1.2809,3.18026,2.33561,-1.13003e-08
3.33385,2.1868,9.12777,9.53705,-1.97078e-05
3.14661,1.35574,32.5077,9.98777,0.0133552
3.95829,3.5816,5.9383,11.2645,-3.19743e-07
1.90613,1.57884,17.1912,3.96672,-1.51343e-05
1.20168,2.11143,7.01758,8.25575,-3.22785e-05
2.88287,3.69935,32.7771,3.54396,0.00693628
2.71506,1.34546,18.2392,6.97709,-0.00116798
4.33638,4.65463,34.5494,3.82511,0.0219479
3.28576,1.95881,17.3636,11.329,-1.01457e-06
4.18032,4.10827,25.7221,7.49992,0.0256111
4.44973,2.87455,34.97,10.085,0.0241779
1.42345,3.78879,16.5972,2.40739,-1.41761e-07
1.7077,4.72833,17.5041,7.21852,-0.000913695
2.33266,4.28595,3.6479,2.06036,-5.03547e-10
4.99527,3.66078,17.9452,4.70462,-0.000177735
4.6983,2.76968,23.9037,8.72944,0.00267456
4.65994,4.49521,29.5244,5.07061,0.0339955
2.08299,3.38653,34.9675,2.40718,0.000132478
3.72625,1.4185,28.2309,10.722,0.000350114
3.97125,1.11489,4.34209,11.7138,-1.71313e-08
1.52088,1.55777,2.05437,2.7656,-6.46251e-08
4.14979,2.96008,18.0409,3.57776,-1.80853e-05
2.46641,2.79461,22.6631,2.21573,2.34785e-07
3.03707,3.14362,2.49648,4.19654,-5.06865e-06
4.0874,3.81338,34.395,5.61643,0.33368
4.83938,3.65435,22.8126,4.64814,0.000718568
3.71524,2.83215,1.64128,5.63202,-4.66484e-05
2.3982,1.90367,24.4864,10.3157,0.000110847
1.50771,2.26175,39.2888,9.16223,0.0135272
2.91057,4.59564,7.46028,6.0133,-0.000140447
3.48811,1.31166,13.9907,5.2817,-0.000131773
2.30213,3.69857,8.99602,11.5434,-8.61017e-08
2.3767,3.6016,2.7822,6.93055,-0.000160964
4.35069,1.21843,16.333,3.10136,-4.11757e-06
3.19458,4.10564,17.0581,8.73317,-0.0002644
2.96393,4.27736,11.2409,10.8779,-1.85497e-06
3.52407,4.602,39.3008,9.11116,0.0401527
4.87391,4.61724,33.9698,5.96071,0.632056
3.97242,3.04089,25.8821,7.25601,0.0317518
1.55497,1.67258,38.1673,8.12334,0.0926899
4.2298,2.88204,35.9086,6.82407,1.30833
1.11615,2.26015,39.3502,3.2645,0.000495159
4.92146,1.42606,30.7088,5.67048,0.118584
2.30873,1.4327,7.56087,7.95913,-8.37874e-05
1.69438,3.46996,6.63085,11.4279,-7.74642e-08
2.61672,1.85719,15.8678,10.5523,-6.51373e-06
4.24353,4.58031,4.6573,10.6984,-1.60831e-06
4.45997,2.02276,21.9082,4.7021,0.000367232
3.83797,2.89841,37.5554,9.39079,0.0575271
4.01131,2.65922,29.3779,6.95957,0.23319
3.9049,3.82348,20.8105,2.00047,3.49957e-13
1.23047,1.29912,8.02587,10.2222,-1.4696e-06
3.07238,4.83685,8.42009,3.15635,-1.37848e-06
3.4025,2.99914,36.733,8.71943,0.160875
2.42763,4.84791,28.4074,7.68874,0.0460418
3.19539,1.35574,30.798,9.08156,0.0282255
4.40742,1.6433,1.42758,5.93623,-6.64251e-05
1.7489,3.57537,37.8432,11.1158,0.000631754
3.41047,4.37362,39.5735,8.50204,0.0769206
4.7936,3.14983,34.4075,4.11062,0.0383072
3.17877,1.0646,13.208,5.02412,-6.60363e-05
4.34679,2.14878,19.304,2.84376,-1.42166e-06
2.2339,4.6894,29.8489,5.13531,0.0218944
2.43882,3.86131,33.7165,2.52111,0.000287994
2.95793,2.7169,34.3691,3.0514,0.0021909
3.83314,2.76857,13.8293,10.7524,-4.72541e-06
3.07195,3.43798,5.70065,6.14203,-0.000127181
4.65548,2.82586,16.3465,10.0866,-3.71837e-05
1.16845,3.45829,33.8543,10.4544,0.00309304
3.87986,4.16354,30.4912,11.0456,0.000778504
4.65456,4.67817,1.43895,9.36395,-1.54253e-05
2.95576,1.36234,4.19714,9.33273,-1.01473e-05
3.97273,1.37932,6.30411,11.4187,-1.34909e-07
2.2271,1.23541,4.24533,3.13368,-3.50084e-07
3.66884,1.68156,15.8315,2.35452,-1.88007e-07
1.25522,1.47697,25.2238,3.50474,4.89136e-05
1.09337,2.01898,14.5385,10.5916,-2.05215e-06
4.3195,3.29816,5.81837,2.58991,-1.8857e-07
1.17347,2.99403,26.7056,11.0177,2.93291e-05
3.57677,4.34381,36.7392,11.958,1.69989e-06
3.53181,1.38009,12.5931,2.43954,-1.59979e-07
3.87832,2.90747,23.1395,2.3825,1.74164e-06
2.17095,1.76066,16.5449,6.71521,-0.000783628
1.87502,4.53343,5.22454,4.27892,-5.53838e-06
3.36985,4.03739,32.2655,11.1306,0.00123423
3.05549,3.64432,25.2971,6.43007,0.0140742
4.57037,3.05269,23.2599,2.7272,1.10639e-05
4.86801,2.40099,23.1684,8.43596,0.00285335
1.18682,1.83416,39.5932,10.3131,0.00110751
3.45283,4.58082,38.828,3.22682,0.0022194
3.73954,3.14625,24.7968,6.11953,0.00944739
2.10428,3.80953,9.02016,9.76073,-9.67565e-06
2.5705,4.09418,33.2855,6.09055,0.367093
2.38252,4.13121,23.1501,9.18501,0.000551593
3.04765,1.26335,29.9258,9.65483,0.0062527
2.50223,3.55186,17.04,2.32198,-1.47151e-07
2.43924,2.28739,13.6808,10.6511,-3.55781e-06
1.8911,3.07243,12.4833,8.59599,-8.60285e-05
2.7739,2.10289,23.0251,4.70596,0.000431331
1.23534,4.16873,18.5684,11.9461,-1.43619e-09
3.41783,3.02484,12.5331,2.19692,-3.14302e-08
1.09066,3.93559,9.34062,11.7983,-6.62916e-09
3.69341,1.98529,6.90586,8.13727,-0.000110935
4.35325,3.12836,5.32393,3.24376,-1.44161e-06
4.78288,3.00983,38.2996,4.71859,0.0654383
4.36775,2.1785,35.1633,5.79961,0.389539
2.48849,4.18856,39.1278,10.9442,0.000841316
2.86848,1.82034,21.1486,7.33526,0.00151994
2.76665,1.15994,6.5121,10.3117,-2.10375e-06
1.13092,3.88152,27.7932,10.732,0.000111372
4.88474,3.74561,27.0643,5.6476,0.0197292
3.78555,4.70799,19.2978,10.3924,-1.1031e-05
4.39001,4.75196,15.1255,9.26849,-0.000132056
3.92664,1.11868,15.8353,9.18264,-9.64961e-05
3.64158,2.42916,35.3425,8.20098,0.335403
4.27335,4.56339,14.1111,2.00601,-4.36649e-11
3.35203,1.65929,23.4586,10.2668,0.000105151
3.07063,1.76144,16.8999,6.61683,-0.00103468
1.91818,3.78845,31.4177,3.86579,0.00554212
3.88828,2.26155,4.3017,10.6195,-1.43614e-06
4.21616,3.94028,21.9853,11.2088,6.91753e-06
3.94609,1.98514,29.123,9.77582,0.00484973
1.79708,1.68529,31.0645,3.24262,0.00086653
3.86343,4.50796,14.8231,4.29832,-5.40979e-05
4.55968,3.43418,18.4405,4.17456,-6.12703e-05
2.73362,2.45003,2.50852,2.03495,-1.46461e-10
1.98173,1.65922,18.5875,3.47302,-5.09386e-06
2.0546,3.19748,38.917,3.12083,0.000883691
2.20161,1.11997,32.0368,7.18745,0.346739
3.45683,4.12109,35.4914,8.94464,0.133447
4.56078,1.64467,34.8148,9.66284,0.0444048
1.8528,2.89773,18.5947,8.82135,-0.000110514
1.51738,1.80226,15.0493,3.05959,-1.22927e-06
1.28047,3.22774,18.4811,2.02726,-3.60604e-10
4.61026,1.75602,35.7779,4.47806,0.0580523
4.24854,1.70299,19.3079,8.51476,-0.000206366
1.92071,2.00555,24.3053,6.11309,0.00344689
1.06883,2.62149,23.3738,4.73492,0.000217982
3.07354,2.82861,34.8242,4.86754,0.0826985
3.45409,2.32295,18.2632,9.87989,-3.95398e-05
3.0955,1.42336,13.845,2.84848,-9.76163e-07
2.76534,2.75652,28.6175,7.18195,0.0904945
1.67614,2.96675,11.2919,4.31603,-1.19561e-05
2.60324,4.89627,11.4955,2.60194,-3.06992e-07
1.87427,1.14191,35.2218,2.77527,0.000425052
3.5473,3.71882,38.8998,4.93584,0.0522601
4.5603,1.83909,21.9728,5.63956,0.00142388
1.08913,2.35833,27.8493,5.79496,0.00700474
4.68511,4.25155,7.21661,8.45471,-0.000119629
1.55332,1.75705,1.65723,2.50633,-2.24622e-08
4.40508,4.08912,38.4153,5.92937,0.321712
4.91832,4.64123,5.63235,6.54227,-0.000337035
4.34568,2.68442,30.9755,3.21792,0.00217344
3.8463,2.1114,28.065,3.85174,0.00134187
1.48259,2.4382,18.8197,4.56174,-3.05131e-05
2.67022,4.29604,20.8511,8.98444,0.000159751
1.87531,2.10352,35.4779,10.0529,0.00989328
2.77576,3.14012,16.0913,8.10564,-0.000440775
4.07648,1.84047,27.7512,10.8792,0.000218404
4.66402,1.52812,28.0447,2.18268,2.944e-06
1.44716,2.97824,10.3162,8.32795,-6.45532e-05
4.28926,3.3397,3.61569,4.70425,-1.93164e-05
3.49357,4.04418,11.1877,5.72538,-0.000206035
1.31805,4.51982,38.7242,8.87891,0.0290011
2.5762,1.65454,21.588,11.8335,6.02233e-08
2.64597,1.21912,35.2005,2.35615,8.71709e-05
1.35089,1.73928,20.6981,11.447,1.94393e-07
1.03742,3.6528,27.5239,9.29129,0.00139427
4.46949,2.8397,14.7171,8.31094,-0.000428876
4.67507,3.26874,1.28651,6.80253,-0.000226544
1.99507,4.02676,21.9793,8.97697,0.000333479
2.78877,2.70131,11.1683,8.41503,-0.000124638
3.01648,1.8994,37.5995,6.98248,0.790391
1.14061,4.22568,14.733,10.3627,-4.44551e-06
2.54646,1.69994,4.15559,10.4682,-1.18282e-06
3.83912,2.81929,8.69563,8.86748,-6.33896e-05
3.29592,4.37168,16.4513,4.88019,-0.000149367
2.25842,2.99192,8.06574,10.9423,-6.63669e-07
3.25524,4.3391,38.9346,3.60558,0.00471667
1.90486,1.97108,30.5248,7.82147,0.0864007
2.68724,4.20829,38.1741,6.49089,0.421858
4.37093,4.7646,32.967,11.6891,0.000145487
3.11334,1.05254,36.4232,6.96587,0.755876
1.73979,3.50737,7.98898,4.0264,-4.59214e-06
2.59659,4.5107,10.255,7.49375,-0.00033727
2.58143,2.24025,4.50475,3.14302,-5.38443e-07
3.08233,2.61481,10.5729,7.86839,-0.000243317
3.4126,4.6975,22.1236,9.90621,0.00014346
4.56702,3.53156,39.2508,6.78479,0.542623
2.47422,3.49716,25.4881,6.2174,0.00962718
2.84144,2.33052,2.80697,6.16472,-7.48754e-05
3.49232,2.63859,5.71851,9.59364,-1.21143e-05
4.36691,2.88009,13.1151,3.38689,-6.72711e-06
3.96762,3.53994,25.7343,6.27284,0.0183581
1.7693,4.12693,30.0714,8.07551,0.0547013
3.09165,2.71175,4.21802,6.12099,-9.66669e-05
4.44892,3.28294,8.03701,9.24437,-3.96426e-05
2.31568,1.72959,30.1985,8.83737,0.0224162
2.51046,2.31704,1.22127,7.23987,-0.000105354
3.30479,1.72246,24.8601,9.77963,0.000477108
1.59424,1.46901,37.5471,9.74724,0.0106155
4.35976,1.24044,37.4232,3.2109,0.00320982
2.07762,3.03156,26.2057,10.7233,9.17676e-05
1.01432,2.35555,20.2926,9.58289,6.32235e-06
1.93691,2.92224,32.9246,10.2327,0.00723785
2.0762,1.8384,13.2937,5.75478,-0.000147508
3.80699,3.98481,5.22481,9.32993,-2.08407e-05
4.28087,4.53939,18.4159,3.23452,-8.58704e-06
2.29568,3.3744,33.4024,11.8464,1.56743e-05
1.06109,4.60028,17.5597,7.22544,-0.00056098
4.08359,1.3302,2.04034,5.93059,-6.04159e-05
3.41007,2.79644,9.57602,4.98016,-5.16834e-05
2.811,1.71374,26.3577,4.72931,0.00179124
3.21051,4.90528,34.556,7.43384,0.847943
4.79053,4.06455,4.29039,3.33841,-1.85001e-06
1.01862,2.42008,8.58041,11.548,-3.13631e-08
2.63386,1.35936,16.6356,5.40941,-0.000182572
1.88792,2.66111,22.144,2.75751,2.7683e-06
4.74912,3.22126,31.4692,9.86399,0.0224838
1.35078,4.08432,18.0655,5.65611,-0.000185433
3.4845,1.45904,22.3865,10.4356,4.31223e-05
4.85459,3.3409,38.2418,2.09768,8.41697e-06
3.04528,3.94632,19.2529,5.98093,-0.000371739
2.64401,3.60937,36.1047,5.86318,0.289381
3.22618,4.83546,33.5149,9.15407,0.0920126
2.98364,3.6734,2.03467,11.2789,-1.38789e-07
4.07041,1.75172,25.9932,7.43891,0.0237752
2.33926,4.95587,7.53066,10.6651,-1.45041e-06
4.5323,4.33899,23.8815,7.52439,0.0125281
1.93585,1.74632,37.3151,4.07518,0.0106338
4.40802,3.32514,5.01002,9.48401,-1.76423e-05
1.86615,1.12902,21.3737,5.79923,0.000371301
3.15419,3.70976,14.3015,3.12306,-3.27479e-06
4.01143,1.29928,29.4775,4.28356,0.00572551
2.83224,4.85202,3.12794,8.52328,-3.90806e-05
1.96042,4.03644,12.2062,5.01015,-5.20803e-05
4.36867,3.28013,22.9944,7.23161,0.0104912
3.36865,1.14194,6.41458,6.35959,-0.000136063
2.51883,4.69441,33.7339,7.22972,0.810421
1.85146,2.9897,34.8465,6.43489,0.381925
3.8538,3.24006,22.9769,2.25501,6.45839e-07
4.16863,2.78674,26.2275,2.91281,6.63771e-05
1.3383,3.54981,7.8657,2.65002,-1.02192e-07
1.62082,1.19823,37.7767,4.43944,0.0126544
2.73486,4.89441,8.73133,9.88169,-1.01823e-05
3.11676,1.54761,24.6826,10.2562,0.000163718
4.04318,3.68329,20.7763,9.06095,0.000188445
2.37327,2.93685,20.0539,10.1968,8.9768e-07
4.1031,4.82048,6.92658,4.68501,-3.01398e-05
2.11781,4.37282,34.8131,3.17602,0.00245447
1.27784,1.78099,34.2944,10.6499,0.00179904
2.01827,3.63221,17.0359,7.66938,-0.000615919
2.01475,1.72364,39.3217,9.01778,0.0200507
3.11373,2.42726,4.58945,8.64048,-3.78392e-05
3.25742,3.78088,15.4481,2.47601,-4.02137e-07
3.9698,4.26064,21.6063,10.9379,1.17608e-05
3.02951,4.22667,10.6411,6.62098,-0.000468816
2.54997,4.18725,33.8215,4.39743,0.0353261
1.15302,4.27652,26.0705,6.0195,0.0047792
2.51235,4.41605,2.69104,3.66445,-1.66853e-06
1.69532,4.38329,29.2192,8.82717,0.0118767
4.92115,4.83787,7.06573,5.32146,-9.33142e-05
1.76875,3.02736,28.9454,6.77865,0.0685818
1.69252,4.29012,25.8216,8.97552,0.00169405
2.16613,1.3653,25.4346,11.6374,1.77861e-06
4.76794,3.1474,37.1411,10.9862,0.00298141
1.32302,4.54876,37.3526,3.76878,0.00517027
3.99808,2.62279,17.341,5.79413,-0.000604271
4.96502,4.90921,4.383,9.3658,-2.38828e-05
1.21201,4.05343,18.2779,7.66843,-0.0003631
1.05502,3.88166,1.57366,3.77829,-7.52931e-07
1.82595,1.56445,10.9612,6.77258,-0.000263834
3.95187,3.31459,23.5399,4.74999,0.000942392
2.87538,2.50841,32.8149,9.04559,0.076453
2.46719,1.11976,6.08879,4.23928,-4.93543e-06
1.96606,1.25744,7.21585,11.3332,-1.0427e-07
4.24427,1.01753,15.8627,8.73917,-0.000189955
1.08763,2.47919,29.4691,11.746,3.76196e-06
4.1959,4.37218,36.7746,5.17336,0.184669
2.21023,3.39452,11.3913,10.1771,-6.71283e-06
4.75456,1.56337,24.1572,8.95102,0.00183008
1.88782,1.29406,6.33052,9.45536,-6.95214e-06
1.51967,2.25627,25.5791,11.7443,7.13461e-07
1.171,3.17299,14.2801,6.46726,-0.000269786
4.86428,3.01275,31.3139,10.4832,0.00613352
3.69851,4.08272,37.0939,10.6589,0.00583888
2.89976,1.99983,39.5835,3.69958,0.00287814
1.13537,2.74605,36.6602,4.44013,0.0149153
1.71418,1.30276,11.0393,6.29527,-0.000138108
2.66314,3.32648,33.9782,9.27091,0.0600876
1.84181,4.37891,26.3543,2.38573,3.70556e-06
4.86392,1.94867,19.5735,11.8192,-2.48737e-08
1.8808,1.97117,3.31515,9.02602,-1.05553e-05
4.31539,3.85114,13.0926,11.8013,-4.71556e-08
2.12196,4.3976,22.516,4.58728,0.000254884
3.16373,2.30453,39.3525,6.59958,0.260345
3.51575,4.07557,7.81727,6.58568,-0.000335754
3.22933,4.64173,21.124,10.4776,1.96583e-05
4.78538,4.01266,37.0941,4.39268,0.0600772
1.13323,2.32698,11.3892,2.69979,-1.64105e-07
1.72227,4.09819,38.7566,11.6189,4.87925e-05
1.09351,1.00855,6.03769,2.66943,-4.47427e-08
4.21542,3.19538,39.2608,2.7847,0.00053318
3.60165,3.69608,36.5648,9.9633,0.0253374
4.65488,1.80905,27.5627,10.1743,0.00112724
1.04114,3.75993,14.7231,10.589,-2.398e-06
2.50001,1.77678,13.5403,10.7167,-2.78847e-06
3.31179,1.55076,37.9748,11.6519,8.22483e-05
2.70906,4.52972,16.6416,11.8711,-2.13809e-08
2.40275,1.60945,35.4053,4.29008,0.0214078
1.85917,1.80361,31.396,3.80608,0.00384173
3.919,1.60272,20.5174,4.96596,9.3906e-05
1.53757,4.89859,31.2724,8.66496,0.0461119
4.77001,2.09393,9.97301,2.72895,-5.91606e-07
2.6961,2.68201,10.5506,10.4783,-3.58389e-06
3.17593,1.07312,27.629,6.855,0.0448229
3.22787,1.94588,39.7174,5.39915,0.0474939
2.64701,3.40195,10.4978,7.48953,-0.000339181
1.52365,4.39293,35.8592,5.81207,0.163585
3.45038,4.01179,15.5897,9.59088,-6.47457e-05
3.05922,3.77923,35.9825,3.51324,0.00771739
4.53542,1.43745,25.7508,6.55229,0.0218454
3.50598,3.51416,3.16108,7.56094,-0.000146881
1.67216,4.05774,30.2023,10.0753,0.00274153
3.59272,2.41477,39.2372,10.2966,0.00468099
4.39246,3.43374,32.1208,10.0981,0.0180806
4.7953,1.57048,28.0977,2.71107,7.96327e-05
3.83835,4.83455,15.4182,8.6091,-0.000314321
4.05574,4.61934,7.49682,11.7207,-3.98355e-08
2.62576,2.80691,29.6178,8.83427,0.0209047
4.18065,3.39776,22.6908,9.13295,0.000803892
2.36471,3.00827,36.7674,6.96207,0.81449
1.39598,3.93439,2.09294,3.33961,-4.07447e-07
2.46998,2.72966,11.9074,11.6917,-5.43235e-08
1.43529,2.19519,23.3567,6.56977,0.00295647
4.52844,2.23346,21.9167,5.67234,0.00151547
4.21602,1.19974,33.9667,7.72089,0.527911
3.36352,2.92779,9.27979,7.15893,-0.000487102
4.97374,2.77321,33.523,5.62762,0.373523
3.9085,3.39627,36.7516,3.91177,0.0209909
3.82602,4.40045,39.7987,2.36811,5.53431e-05
1.76303,2.70743,24.1229,4.26685,0.000233822
4.54546,1.31948,23.1584,10.7342,3.97432e-05
1.40748,4.05738,5.47769,8.38431,-3.06178e-05
3.69405,2.31772,25.2791,8.03415,0.00876497
2.72523,3.77375,20.8807,8.02129,0.000591916
3.97474,4.81031,28.4115,4.8465,0.0111155
3.6413,1.86596,4.35649,10.8285,-7.56593e-07
4.40392,3.57048,27.0534,4.82545,0.00557721
1.14638,3.20344,30.8814,8.69021,0.024563
3.81456,1.11594,16.7826,7.85981,-0.000615194
2.32666,4.74891,36.6095,4.19529,0.0227827
2.25288,2.82334,5.27627,7.96367,-7.40595e-05
2.64668,4.08308,25.1785,4.91538,0.00169492
1.01291,3.4101,19.9402,5.88163,-1.04557e-05
3.40854,4.02717,24.2877,6.04823,0.00674926
1.94343,4.07303,15.368,2.48813,-2.55807e-07
3.45173,3.94754,35.6085,5.70815,0.319162
4.01091,3.68714,4.48539,4.93866,-2.94553e-05
2.74763,3.26811,39.5543,3.02649,0.000630617
2.3436,2.19584,34.514,10.3777,0.00653761
1.02796,1.28037,26.2158,4.36237,0.000302248
4.71761,4.18325,19.8294,3.16102,-1.33609e-06
3.10629,1.712,22.9296,8.41748,0.00148984
1.51937,4.81771,29.2147,9.70218,0.00278713
1.8885,3.91288,10.5426,2.60902,-1.88025e-07
3.82418,3.36337,17.6748,10.3687,-1.97463e-05
4.11109,4.60649,19.0748,2.77326,-1.56593e-06
1.41341,4.96638,15.3023,9.9972,-1.288e-05
4.44003,4.35846,28.9179,6.94004,0.216445
4.03064,2.22836,26.2796,9.88559,0.000973603
3.35747,4.10262,22.521,11.422,3.30917e-06
2.68058,2.37342,8.30166,7.38831,-0.000247873
2.34418,2.61283,2.57246,7.94409,-5.45418e-05
4.72483,4.54671,12.9943,9.52977,-6.4039e-05
1.98176,3.56398,32.4037,8.56244,0.102795
3.12618,4.76227,2.63214,8.23494,-5.86533e-05
3.53356,2.39292,2.20367,2.45743,-4.70255e-08
2.79179,3.41555,14.4545,10.0771,-1.75832e-05
1.05988,4.54078,30.8708,10.1939,0.00209627
1.81062,2.09,38.2418,4.38223,0.0133279
2.63839,3.2353,35.1755,9.84597,0.0229515
3.61291,2.63803,32.3321,9.13655,0.0756557
3.70655,4.10867,31.1512,9.27183,0.0418711
4.77717,2.91312,35.1007,2.48558,0.000449597
4.4376,1.87858,17.6829,4.4665,-9.10285e-05
1.38896,1.49167,13.1672,10.8497,-9.6472e-07
4.59351,3.9587,21.1416,8.94468,0.000405521
2.93563,2.50144,20.9295,6.44458,0.00105345
1.90888,4.80223,4.51719,6.84513,-0.00015632
1.68221,3.29735,20.3883,11.14,4.92842e-07
3.57961,2.72632,16.351,8.90465,-0.000197205
2.81586,1.68999,39.4085,11.9608,3.26032e-07
4.48834,3.21829,12.705,4.83187,-9.50451e-05
1.90585,4.48093,24.1435,7.15321,0.00880049
4.03088,3.98874,32.6407,11.0544,0.00207364
2.60448,1.49821,18.2175,6.45027,-0.0006738
2.62624,3.81678,29.3483,6.62675,0.115678
3.70404,4.45009,25.0845,7.79552,0.0125519
3.61841,4.89591,38.0035,2.63554,0.000534399
2.76615,3.13304,23.9186,9.92986,0.000246272
4.37618,3.58615,20.4217,4.87744,9.31751e-05
1.18946,1.26753,22.1689,7.4232,0.00109696
1.90343,1.65147,6.51067,8.61618,-2.72907e-05
3.1268,2.62867,4.88329,11.9828,-5.52524e-11
3.79924,1.08391,37.663,6.76692,0.622036
1.09133,4.07429,25.6836,8.63971,0.00163001
1.43068,4.44557,35.8371,9.02541,0.0497211
1.9732,4.9278,28.6668,4.76221,0.00562038
4.15181,3.29055,3.72384,11.6489,-3.8594e-08
3.95392,2.86287,23.4705,9.78565,0.000366793
3.31124,1.79859,31.8694,4.07467,0.0141869
3.49759,3.75719,19.4164,4.89653,-8.14166e-05
2.86354,3.7646,34.5169,6.75295,0.878072
1.36089,3.11709,16.2076,9.09002,-5.81255e-05
3.15373,3.59521,7.44935,2.46778,-9.87345e-08
1.30086,3.23288,11.2911,8.70667,-4.20645e-05
3.07451,1.65523,31.3389,8.2051,0.130581
3.8679,1.61924,28.3427,6.95798,0.105652
3.59661,2.66501,29.7058,9.18073,0.0179573
1.13186,1.14723,13.8864,11.9471,-5.87091e-10
4.0685,2.48058,38.4493,8.45777,0.15897
2.93785,2.47892,27.9955,9.11198,0.00601027
1.90713,4.16511,2.27068,10.2941,-1.29644e-06
1.63456,2.81322,32.4948,7.75136,0.224612
3.63453,1.49768,22.1145,8.26954,0.00128996
1.40253,3.4666,18.1775,2.97144,-1.35621e-06
1.72546,4.14082,15.7158,10.9333,-1.99144e-06
1.11707,1.99543,22.0118,9.80719,4.22346e-05
4.92572,3.61311,17.7411,6.38657,-0.0016249
4.37034,2.05329,25.9038,6.77724,0.0326339
3.64233,4.54352,23.1997,9.08217,0.00102461
2.46055,4.58165,11.3821,7.2258,-0.000513944
1.34185,1.57189,36.2379,7.76344,0.178233
3.32667,1.02807,27.8175,4.9731,0.00500017
3.79058,1.37081,35.6958,9.86643,0.0240347
1.60068,2.01421,19.7309,6.29628,-9.90188e-05
1.48887,2.07625,5.38876,4.20139,-3.23641e-06
2.72811,3.30134,11.3068,2.20437,-2.25505e-08
2.27518,1.00403,17.5727,6.29132,-0.000432574
2.18812,2.91037,5.97907,10.1375,-3.03814e-06
2.62916,2.73458,30.2235,4.65353,0.0140099
1.24446,3.88197,10.9754,11.1461,-3.29532e-07
2.70625,2.19533,21.4817,4.82803,0.000202012
1.43331,2.81774,8.19203,8.12971,-5.81597e-05
2.73553,3.65333,34.9227,10.5557,0.00589242
4.39598,4.97456,13.6796,10.8977,-4.08358e-06
1.35168,2.18196,38.2197,6.10577,0.113799
2.17367,2.12941,38.0447,6.64786,0.35931
2.07452,4.5875,30.1617,9.73159,0.00633494
1.82947,2.03405,16.2224,5.84617,-0.000246379
1.00604,2.78296,12.1998,3.29538,-1.05102e-06
3.86379,3.49529,25.7855,3.40357,0.000198616
3.12288,2.81629,33.5499,7.27128,0.85324
1.59824,4.20471,12.9172,2.14322,-8.4744e-09
4.98744,1.551,25.163,5.11842,0.00322491
4.7175,3.5313,34.7995,7.72494,0.844931
1.76006,1.3232,12.7951,5.88338,-0.000118215
4.46212,3.38117,35.2073,8.35092,0.37033
1.83924,3.04487,1.46847,9.03147,-9.26352e-06
2.75623,1.51126,14.9776,5.46291,-0.000167689
3.45425,1.13774,17.2979,3.04948,-2.99075e-06
1.92241,4.67538,27.0205,6.10897,0.0140037
4.69888,3.44372,31.3205,9.11588,0.070919
1.77733,4.03996,35.8029,8.65691,0.102045
2.4237,1.5218,8.68729,8.46946,-5.62292e-05
4.10135,1.13071,5.35874,6.64558,-0.000195312
2.89957,4.31027,33.2193,9.65735,0.0354105
3.45209,2.38075,25.1544,3.88068,0.000336282
1.81315,3.81156,28.9299,2.49205,2.4053e-05
3.59292,2.70492,6.28575,2.54011,-1.272e-07
1.20177,4.4951,1.18361,10.5885,-3.82459e-07
4.18681,1.49807,19.9565,7.49657,-5.04636e-05
2.17272,2.60241,33.3503,3.51062,0.00482259
3.17028,1.34965,32.9458,5.58192,0.164871
1.28405,2.81524,29.089,11.2967,4.3549e-05
2.81983,2.00689,17.9925,6.7024,-0.00109968
4.16071,3.39751,20.9753,3.40135,1.5258e-05
3.4234,1.74546,38.255,9.22633,0.0440487
2.65567,3.74114,10.7145,7.59751,-0.000319337
3.58637,4.50673,16.6111,10.1808,-2.7269e-05
4.62663,1.49967,29.8062,5.48909,0.0522033
3.45922,2.39048,7.5638,9.90111,-8.87507e-06
3.65788,1.58192,30.977,11.4988,0.000132671
1.52013,4.57865,28.9066,4.39919,0.00274266
1.62037,1.2682,33.0818,2.35349,4.99971e-05
4.14395,3.93989,22.7699,5.78572,0.00300843
1.00199,2.24961,1.9205,5.52704,-1.06319e-05
3.77241,3.66963,26.93,3.24113,0.000223052
3.26157,3.18834,22.1212,10.7545,2.1058e-05
1.08494,3.24014,39.0919,7.44541,0.10841
2.54517,4.28161,13.0121,2.06944,-3.00877e-09
3.6134,4.14795,32.9364,5.03844,0.125
2.03071,1.88587,14.0085,10.2285,-7.42428e-06
3.56314,2.09975,31.3982,8.35812,0.139629
2.23348,4.85979,8.74939,6.64536,-0.000270054
4.56814,3.43336,15.0517,4.23005,-5.59344e-05
4.80129,3.37326,30.6471,6.60943,0.441398
4.04997,1.6719,39.4488,5.79656,0.111039
4.66521,2.93395,22.6839,11.067,1.69536e-05
2.60515,3.98375,38.3975,11.6481,7.28529e-05
2.0249,4.16569,35.8775,7.2496,0.630337
4.6635,4.91618,26.7314,7.5757,0.0428625
3.68631,4.09118,22.8424,3.85479,0.00014249
1.46104,4.66133,1.69124,9.08668,-7.61982e-06
1.06063,3.40431,12.0679,7.11336,-0.000263219
3.51315,2.62633,16.6917,8.32348,-0.00043693
3.56436,4.51797,10.1464,5.49102,-0.000133722
1.90995,2.33825,7.19952,8.61732,-3.3909e-05
2.6785,4.62933,37.9422,4.9675,0.0676736
3.90873,2.96327,17.1448,3.93911,-3.58782e-05
2.56278,4.44499,33.5181,8.05106,0.319509
4.83736,1.6051,9.2393,4.88822,-5.08025e-05
3.26391,4.97648,21.5267,2.91789,6.09184e-06
4.75921,4.63662,2.97851,9.74522,-1.01215e-05
1.62991,4.50615,4.80022,9.58277,-5.74248e-06
4.09418,2.25207,33.6637,9.89465,0.0291214
3.7621,1.68289,1.54786,3.20086,-5.7247e-07
2.89713,3.45999,36.3893,11.575,0.000201487
3.39333,3.92461,14.5053,11.8588,-2.27944e-08
1.31235,3.54239,16.8414,6.58385,-0.000519042
3.0811,4.17616,29.3384,2.82988,0.000207683
2.52507,2.264,33.9934,6.12744,0.337394
3.90214,3.39477,25.2817,9.79962,0.000793629
3.81431,2.34615,34.1467,11.069,0.00189513
4.4663,3.26713,26.2988,5.22219,0.00691651
1.54085,3.33283,4.89809,5.07815,-1.43112e-05
2.99836,2.83785,27.6512,8.27484,0.0167856
2.52345,2.11992,17.3527,3.5054,-8.72699e-06
4.39064,3.34247,38.6835,10.0272,0.0143843
1.45721,2.38915,30.7376,6.77126,0.153315
4.06776,2.61934,16.7046,10.5259,-1.33441e-05
1.64693,1.79479,9.2401,9.89673,-4.99015e-06
1.90932,2.58969,10.2659,8.70136,-4.9651e-05
3.31888,1.99123,3.83174,3.25032,-8.0675e-07
4.87521,4.20589,15.0737,7.94097,-0.000857125
1.50173,4.38685,17.5153,3.88084,-1.35931e-05
2.79163,1.20697,11.8966,8.74757,-6.7671e-05
4.25331,4.14058,15.5309,7.92147,-0.000822902
2.60255,2.3889,33.9045,7.94954,0.321934
4.26158,1.51504,15.3342,8.01319,-0.000535112
4.2672,4.43159,15.9115,8.73773,-0.000311833
2.85861,4.48226,7.01631,8.04563,-0.000119967
4.76416,1.77677,24.8819,2.06085,7.17333e-08
4.903,2.56363,36.7567,7.79446,0.714203
2.18565,1.52506,38.6035,5.95363,0.112666
1.85826,1.6017,39.436,8.55464,0.0320956
3.16031,2.83525,12.726,4.85292,-6.71801e-05
2.13212,1.11035,32.9236,6.30672,0.244572
2.74954,2.6978,14.6755,9.76404,-3.00357e-05
4.38643,3.91638,33.6448,7.13164,1.50359
4.22051,2.19592,10.5061,9.29962,-4.5405e-05
2.39986,4.1288,34.9732,7.80822,0.403319
4.47881,2.97587,31.5787,2.63534,0.000497276
2.85779,3.05191,17.5725,8.42633,-0.000340324
3.79145,2.05669,26.9199,5.38639,0.00863352
4.57442,2.00939,27.8444,4.74844,0.00655615
4.41956,3.86212,18.237,8.11016,-0.000784262
2.2452,3.32991,35.7556,10.6873,0.00346722
4.98584,1.00908,27.5218,5.40885,0.0117503
4.82086,2.1965,14.4677,6.40182,-0.000964569
4.24256,4.8954,13.666,11.4767,-5.10971e-07
4.1408,1.17766,9.31431,8.11779,-0.000148196
4.48667,3.53479,29.8761,5.76258,0.0976324
4.22841,4.77435,12.3595,8.59493,-0.000206631
3.60893,1.29839,11.5961,2.73024,-4.89941e-07
2.14236,2.86479,4.04702,8.46947,-3.18952e-05
3.29432,1.04473,39.4446,7.48404,0.171713
2.11205,2.48926,31.6385,7.37077,0.313026
3.06125,4.253,8.91933,8.04404,-0.000168887
4.50831,4.06677,12.426,7.03548,-0.00133742
2.77877,4.44224,22.581,11.9515,1.20461e-08
4.90061,3.28614,31.2369,6.19309,0.392174
2.7831,3.82297,27.3293,10.839,0.000163995
3.35363,4.86889,6.93972,11.7852,-1.70445e-08
4.48276,3.19009,19.5933,6.16648,-0.000394623
1.34457,4.24269,1.85047,3.32105,-3.69825e-07
2.63873,4.47747,32.2772,9.56493,0.031209
2.24619,1.00397,16.5927,2.17877,-2.17858e-08
2.95,3.14036,38.2221,7.28134,0.544421
4.79,3.12817,24.7523,10.4739,0.00020391
4.5034,2.08652,5.67454,8.0128,-0.000134835
4.24999,2.12397,9.65391,7.58142,-0.00037816
4.76517,4.65827,20.1765,3.51473,3.6677e-06
2.41462,2.20937,1.56669,2.44006,-2.643e-08
4.51156,1.52056,14.3431,7.2787,-0.00109727
3.39759,2.8494,15.6868,7.36413,-0.00116168
3.80407,2.9105,19.1499,10.2931,-1.41964e-05
3.75288,3.30088,27.2937,11.2865,5.2218e-05
2.71851,4.15061,37.6548,10.7111,0.00332969
1.62928,1.21483,21.9886,10.3795,1.65748e-05
2.06299,4.38471,30.8292,10.6878,0.0013424
1.5081,4.37186,21.8002,4.73887,0.000148457
2.5287,1.27174,32.2998,11.9176,2.74211e-06
3.72821,2.82946,4.19709,9.08593,-2.38826e-05
3.02621,2.20377,26.3683,8.40273,0.00719279
3.59984,2.73367,18.7881,9.7029,-5.00742e-05
3.35853,4.2233,20.4412,6.58678,0.000683647
1.1377,3.3336,35.9362,7.62276,0.225011
2.50446,1.93915,29.637,3.80403,0.00189599
4.91776,2.78105,25.3935,8.39164,0.00824557
2.91928,1.27046,37.4366,2.41248,0.000118015
1.18683,3.66159,13.9181,10.1723,-5.73973e-06
3.77024,3.51982,21.691,4.92211,0.00043285
4.9435,4.19837,27.09,9.77946,0.00246831
4.7379,3.06467,33.6251,8.76973,0.215691
3.95637,4.1295,23.3579,6.86775,0.0130869
1.15147,4.34271,5.98324,2.98458,-2.20574e-07
4.25097,3.15849,5.01668,4.7713,-2.51485e-05
2.67559,4.17843,5.23036,11.4285,-1.04594e-07
3.6473,4.99711,12.3659,7.15134,-0.000987923
2.26368,1.98838,16.1315,8.50192,-0.000191472
1.84699,3.68528,13.2219,11.9112,-3.6639e-09
1.07597,2.95217,22.6561,3.69555,2.55655e-05
2.44143,3.75767,27.4551,9.93152,0.00108833
3.7866,3.58444,33.6676,2.21907,5.78084e-05
4.81832,3.5806,25.0958,10.662,0.000158523
3.20527,2.24339,8.31987,11.8575,-6.80079e-09
1.75049,2.01754,11.058,2.8028,-3.32818e-07
1.64456,3.99466,17.9419,11.4935,-2.94401e-07
3.77224,2.82185,30.6003,7.85415,0.191698
1.48177,3.1496,39.7467,10.3308,0.00142482
2.52761,4.44617,29.1566,9.90203,0.00310712
2.91804,3.79134,28.5477,2.58221,4.75549e-05
4.83276,2.5686,14.3171,5.27447,-0.000242919
4.3721,4.07469,20.6641,7.20847,0.00173579
3.97977,1.57074,39.9766,3.68773,0.00278569
3.84428,2.39866,13.8165,11.0101,-2.25278e-06
4.41962,2.01568,6.95603,6.04343,-0.000167354
3.6127,1.54334,23.7812,11.3039,7.88865e-06
4.8039,2.01937,5.35586,4.16838,-9.71808e-06
3.92543,4.37189,36.786,6.83301,1.28272
1.36547,1.47415,16.8594,11.4136,-2.59083e-07
4.79171,3.72928,35.3648,8.7804,0.228784
4.51476,4.36974,1.21391,4.05241,-5.34298e-06
3.67263,4.42591,8.7734,3.274,-2.31413e-06
4.2972,4.94046,33.8,5.06416,0.171891
2.1876,2.16162,36.6235,11.8364,1.51425e-05
4.42549,4.92905,13.9436,8.9217,-0.000182554
2.58241,3.30329,18.3405,4.94663,-0.000122142
2.79689,2.98731,33.3364,10.8951,0.00237541
1.17004,1.00802,9.02385,4.52154,-5.47899e-06
2.23875,4.27413,15.6735,2.8236,-1.22582e-06
4.52188,3.53802,11.9852,5.07961,-0.000124372
4.62165,1.24326,34.756,11.0937,0.00168503
2.9025,2.66988,29.2806,6.62793,0.112914
3.90488,2.33978,33.8983,9.95351,0.0254553
3.32054,1.39804,10.6436,9.81207,-1.32825e-05
2.28895,3.84109,19.2274,10.1781,-1.07101e-05
3.19589,3.94182,29.4861,2.16236,4.66651e-06
3.59336,1.84155,18.0505,2.47318,-4.35783e-07
3.75005,4.228,39.0369,7.46136,0.402086
4.00536,4.48923,37.0643,3.35139,0.00663087
4.54294,2.20235,2.12346,3.40156,-1.32931e-06
3.72453,2.17426,25.0784,4.41767,0.000893363
2.78676,2.77897,3.62814,3.39333,-1.03156e-06
1.76224,4.66516,15.4589,11.2877,-6.37626e-07
2.15275,1.54096,27.3453,4.32014,0.00108696
3.52922,1.13554,34.8941,10.6012,0.00463524
4.69409,3.49775,39.7406,4.12638,0.0112231
1.06717,4.04639,15.2328,5.32465,-7.49716e-05
3.43504,3.62963,9.56565,7.68461,-0.000309446
3.35881,3.70546,13.2662,3.16823,-3.27469e-06
1.36861,2.41512,25.5048,2.30264,9.31995e-07
3.96512,2.74334,2.41435,2.24998,-1.37215e-08
3.73232,2.33215,36.5264,7.56444,0.700628
3.35783,1.43419,32.2568,9.73633,0.0212823
1.04654,1.40747,9.00319,11.379,-6.30649e-08
1.36432,3.80706,24.1916,11.7406,4.20918e-07
1.617,2.25561,2.6325,11.281,-7.07855e-08
3.2091,1.30801,2.90349,5.89962,-5.04643e-05
2.26351,4.42704,35.923,8.58342,0.145828
4.9638,3.39932,7.69012,9.9241,-1.36353e-05
1.86926,1.10247,11.6493,8.58254,-5.21619e-05
4.83182,1.59188,28.3185,6.66488,0.0954736
1.29393,4.29605,10.2304,3.14135,-7.23475e-07
2.75567,4.17058,30.7273,4.56984,0.0191416
4.63172,4.8853,3.51611,5.87895,-0.000112341
1.58081,1.5858,14.4905,5.57406,-0.000104262
2.18517,4.74904,14.0753,10.0849,-1.35427e-05
2.79282,3.13117,20.2492,9.83562,1.02641e-05
4.20699,2.8581,28.783,11.0408,0.000284437
4.31669,4.20631,26.9636,9.99708,0.00136943
1.08873,1.51864,35.3581,7.42275,0.211279
3.92555,4.39252,19.6853,8.60441,-0.000111775
1.4808,2.72138,9.17251,2.14556,-3.96011e-09
4.17364,1.02835,12.2712,4.3355,-2.46372e-05
3.08724,4.25085,8.40419,7.8495,-0.000198641
4.81395,1.82419,19.1799,3.36922,-7.22155e-06
4.08966,2.20424,9.60091,4.76877,-4.23598e-05
4.23641,4.11793,19.2325,10.6377,-7.41788e-06
1.17889,3.13172,13.4607,7.29341,-0.00030341
1.8968,3.27434,1.99548,10.6693,-5.14478e-07
4.93105,4.9247,12.9615,8.52873,-0.000293934
3.13827,4.9507,20.5908,5.09549,0.000142201
3.9925,3.27764,7.49334,4.33938,-1.67886e-05
3.81251,1.23131,7.43793,8.55242,-6.02147e-05
1.6421,1.90793,5.99804,6.94109,-0.000143484
4.48832,2.09822,7.01932,2.76878,-4.12164e-07
3.72921,4.57674,10.5579,2.39447,-1.30767e-07
1.36219,4.00317,17.1441,5.65901,-0.000190034
4.09151,2.35824,4.34092,3.52611,-2.1442e-06
3.1517,1.3932,9.25611,4.76722,-2.6117e-05
1.90254,4.03757,10.2576,4.41196,-1.44268e-05
4.04255,2.31583,19.8588,3.3541,-1.34184e-06
2.13689,1.86873,6.74948,5.37208,-3.26181e-05
2.02503,2.19784,6.3979,8.21128,-5.3372e-05
4.97173,3.54148,8.16331,3.67699,-6.80733e-06
1.88081,4.31837,14.2559,2.07679,-3.41764e-09
1.06445,1.81906,19.7527,7.6153,-6.4975e-05
1.90476,1.70581,22.44,5.42166,0.000574043
2.07502,2.42191,39.7358,8.94583,0.0200145
3.61213,1.9419,38.852,6.95733,0.543676
4.06582,3.68003,37.0918,5.83809,0.398292
4.88307,2.34596,5.2753,7.51002,-0.000256571
2.2255,1.86871,9.84369,10.9198,-7.95251e-07
2.61797,3.16116,39.3116,11.3875,0.000165717
2.73759,3.45499,33.5306,4.83069,0.0714855
4.4641,2.03007,17.6116,7.71792,-0.00112268
4.97099,2.29535,38.2132,9.01111,0.0984262
4.19354,3.60234,32.1563,9.00182,0.10925
4.94693,3.41144,30.1682,6.04297,0.179781
3.81076,2.54765,24.0187,4.99744,0.00151171
1.78368,4.01239,7.97641,10.3286,-2.41047e-06
4.39307,3.16027,17.7094,7.28099,-0.00202089
4.04335,3.19438,38.8199,4.5059,0.0309026
3.62521,2.70515,37.8872,6.035,0.340837
3.20576,4.09175,10.6152,5.98321,-0.000237191
4.41689,4.59161,16.4188,7.76188,-0.00119391
4.42171,4.83432,14.265,11.8037,-6.04249e-08
1.58104,1.50283,1.49116,11.1394,-8.5565e-08
1.78383,4.1419,17.8305,11.666,-1.19218e-07
2.82475,3.22357,6.42017,2.2106,-1.1744e-08
4.24156,4.27174,19.0438,3.223,-6.20295e-06
3.9125,1.32013,6.61418,8.93422,-3.33928e-05
3.8115,2.90434,1.95872,2.38048,-3.33386e-08
2.13113,3.51946,10.1989,8.99203,-3.92559e-05
2.03075,2.6867,10.4817,2.02671,-1.99196e-10
3.45574,2.76593,26.4575,10.9945,8.07234e-05
1.49293,3.92847,37.8185,8.27717,0.106874
4.32051,4.6567,15.7051,7.8279,-0.000980426
4.45205,1.00647,19.6606,3.21989,-1.73026e-06
2.33213,4.47678,37.5889,6.27983,0.359731
2.19593,2.22835,31.7816,8.11273,0.143073
4.75254,2.24305,25.5443,5.6456,0.00838833
3.72389,2.67273,7.21661,7.06366,-0.000426406
4.43638,2.95,36.4959,8.66179,0.230466
2.0748,1.81793,14.3236,7.96654,-0.000248054
1.46461,4.81103,38.0499,10.169,0.0052663
4.54453,2.6902,12.2833,4.43819,-4.59092e-05
3.51405,4.44,9.60516,4.0336,-1.26129e-05
2.26147,4.11233,35.5646,11.6922,7.76889e-05
3.20057,3.32177,7.89393,8.31164,-0.000103012
1.32717,2.33461,7.09581,6.72607,-0.000115627
4.34023,2.3141,3.91074,3.25091,-1.11959e-06
4.655,1.68813,24.3808,5.15899,0.0023708
4.91493,4.11105,15.6411,5.91391,-0.000792468
1.86249,1.04798,22.0941,8.95997,0.000219177
4.16291,2.7056,19.87,7.31181,-0.000217654
1.32966,2.35684,16.4637,7.19511,-0.000574884
3.08944,2.65613,38.2474,4.0478,0.0135534
3.65775,2.43908,16.8442,10.2974,-1.9501e-05
2.21215,1.21572,19.4151,11.3193,-2.82399e-07
3.16696,1.67569,37.9409,5.3102,0.0990604
2.92477,4.40491,33.186,4.1706,0.0265195
4.99662,3.83985,21.2977,6.66722,0.00378243
4.89207,4.20274,29.6791,11.682,3.63041e-05
4.06166,4.71605,39.895,11.0317,0.000689171
4.74098,3.97506,6.66089,9.55038,-2.21872e-05
3.12752,4.03638,21.181,7.80158,0.00126591
2.25897,4.67432,28.8523,4.16631,0.00265581
1.28236,4.55605,16.9996,10.6178,-3.9599e-06
2.46948,4.694,31.6032,10.5389,0.00348382
3.59709,2.15773,32.3294,3.29183,0.00374443
4.79048,3.19735,36.3646,6.73339,1.36415
2.65673,1.47392,24.8976,9.40367,0.000686738
2.66806,2.9597,37.1041,9.41505,0.0427409
1.20779,1.33873,39.2507,11.2729,9.38873e-05
4.18317,3.17826,26.9661,8.25554,0.017565
3.12258,4.56284,16.9306,5.70895,-0.000468757
2.53195,3.20379,16.2792,6.7072,-0.00104792
4.0305,4.68794,3.03316,8.14178,-8.90249e-05
4.27847,2.94195,37.0068,5.19339,0.172422
4.96715,3.92822,3.37783,5.52102,-7.20953e-05
1.58577,2.384,18.6419,6.64004,-0.000530967
2.34359,3.26043,34.9743,9.95192,0.0168608
2.47821,1.90341,33.1643,2.92739,0.00108024
2.27493,3.77857,15.222,7.76268,-0.000494645
4.68192,4.35668,30.6012,10.236,0.00721571
3.66982,2.39795,37.6875,4.97354,0.087523
4.93041,3.94432,25.2257,4.56732,0.00187139
4.16851,3.32488,11.9254,4.09469,-2.30537e-05
3.55477,3.81299,29.9745,9.50432,0.0136891
4.38713,4.51617,4.87842,6.36897,-0.000223078
2.13287,4.20178,24.4919,8.50306,0.00232146
2.09757,3.96007,14.8539,3.27181,-3.57494e-06
4.33007,2.49085,14.9823,8.26951,-0.000442271
1.19229,2.09961,29.4833,11.6316,9.3037e-06
1.63482,1.43999,26.7895,7.66369,0.00993586
2.11198,2.00603,13.6909,7.82028,-0.000277559
3.82616,2.06281,39.2284,6.99619,0.493981
1.29338,4.33375,18.4649,11.3022,-4.91008e-07
2.46815,4.7942,10.0808,2.01446,-7.46437e-11
2.80969,2.14151,30.1804,10.3119,0.00241373
2.80747,1.17439,30.7849,3.49509,0.00180948
2.75315,2.41683,24.2042,8.9185,0.0013136
2.00034,2.40488,1.5267,4.50176,-4.63134e-06
1.96435,3.20318,17.3735,4.69419,-6.76613e-05
1.56156,4.8868,5.65479,4.18357,-4.19447e-06
4.78075,1.7671,15.8935,5.6012,-0.00042916
2.52458,3.01194,39.1124,6.81826,0.324109
1.17515,1.05879,5.52553,4.80852,-5.33479e-06
1.44655,1.58007,38.1841,4.27507,0.00823867
1.57737,4.23767,20.7346,3.29917,3.40944e-06
4.8289,4.82631,23.968,11.5937,4.01724e-06
4.86419,2.07816,11.803,4.46387,-4.37227e-05
3.08029,1.98072,35.374,4.0783,0.0203349
3.62841,1.05659,25.9947,10.4027,0.000208356
3.96714,3.62928,28.2675,5.94246,0.0427022
2.5503,1.4017,33.9959,11.6718,7.33794e-05
3.87333,4.17986,30.7865,7.75497,0.269316
2.00422,2.86201,34.0058,11.8581,1.13933e-05
2.47978,3.10232,21.4807,5.0002,0.000262813
4.36433,2.75453,30.5108,10.7716,0.00172169
2.77685,3.4476,18.1665,2.30761,-1.42628e-07
3.90509,2.16374,30.1759,4.55893,0.0162492
2.71119,4.5546,23.7029,2.48533,3.07014e-06
1.08346,1.25424,22.3518,7.06262,0.00161416
2.27427,4.00279,14.1529,8.85571,-0.000102928
4.67248,2.11153,20.1072,10.4049,2.10801e-06
1.45978,2.59047,39.9024,8.57079,0.0218381
3.49713,1.21778,6.7396,11.9977,-1.06551e-12
1.47332,1.25151,15.8132,6.48196,-0.000326262
1.03944,2.24668,20.9295,7.29899,0.00047721
1.44445,3.72229,25.5848,8.99139,0.0012386
2.17737,4.89636,38.1447,11.2589,0.000457039
4.49796,3.53058,5.76023,11.9509,-8.06512e-10
2.05283,1.45925,6.01091,11.6604,-1.85031e-08
1.70279,1.30472,36.2672,5.17255,0.0539561
2.16238,4.64636,26.7951,9.4897,0.00155578
2.29313,1.80332,8.32809,3.39678,-1.43221e-06
2.56802,4.28751,10.0647,10.7843,-1.69835e-06
4.23506,1.93248,35.7202,4.78801,0.0900137
2.55606,1.57625,30.3611,5.41797,0.0374415
2.09883,2.52306,19.5053,8.85563,-5.53105e-05
2.72335,1.60878,17.9403,6.10714,-0.000506481
4.49075,2.08713,19.1564,3.08112,-3.44332e-06
4.43533,3.59562,37.7901,4.05125,0.0251833
3.44792,3.70519,6.46929,6.09651,-0.000152948
1.97744,4.22141,32.091,8.16007,0.161049
1.25136,2.24765,7.49375,5.89241,-4.41494e-05
1.86387,3.34492,38.9533,6.75565,0.251485
1.24252,1.14377,21.64,11.3939,5.268e-07
4.20706,1.47836,23.6694,6.81628,0.0112189
3.42376,1.24219,38.5904,5.2922,0.0693626
1.36646,3.5119,8.4631,4.71979,-1.24687e-05
2.93263,2.99128,28.4873,4.20421,0.00273059
2.52263,4.25019,20.5138,11.1509,1.02396e-06
2.82521,3.17187,4.00991,7.9429,-8.29607e-05
1.99097,4.98339,5.51062,9.36929,-1.10942e-05
2.86553,1.83277,22.0093,9.58935,0.000152557
2.70624,3.69737,31.879,6.52175,0.437681
4.47521,3.45608,15.4812,6.46363,-0.00128621
3.61174,1.80259,24.2636,2.74081,1.21217e-05
3.14719,4.73219,21.6697,9.22298,0.000303098
3.75507,3.06812,22.9294,7.26376,0.0083167
1.6585,3.04423,10.7548,9.51755,-1.43837e-05
3.68276,4.76705,2.52754,4.3822,-9.24775e-06
4.58111,3.52213,18.057,5.7805,-0.000714617
4.55649,2.45676,23.1983,11.6711,1.40882e-06
4.64367,3.57641,7.53167,11.3983,-2.76633e-07
3.92526,3.85432,16.1396,11.5171,-5.59849e-07
4.89879,1.73832,33.475,7.41396,0.983902
1.25702,3.27377,39.6667,8.31786,0.0320423
2.65264,2.79926,23.9039,3.2435,3.94768e-05
3.05953,2.86229,9.30133,2.31128,-4.5547e-08
3.26677,1.3355,28.6365,8.66038,0.0144778
1.87232,1.22647,10.3225,5.44289,-4.56038e-05
3.49711,1.13488,27.6926,3.80191,0.000712682
4.60204,3.80999,3.85211,3.69403,-3.65515e-06
2.13558,4.8762,28.623,10.2015,0.00111328
1.24621,2.7872,1.2468,7.11869,-6.26562e-05
1.21752,2.15896,15.7454,7.84523,-0.000226175
4.78556,2.60488,35.9911,6.12313,0.662985
3.41889,4.45943,24.2051,11.3547,9.84882e-06
2.66827,4.06204,25.5949,4.3104,0.000780338
2.39479,3.52147,10.7669,5.72878,-0.000128532
2.70011,4.99326,24.333,5.97947,0.00521801
1.29133,2.25916,9.31486,9.41405,-9.68667e-06
3.39604,3.17429,23.8723,9.52856,0.000594995
4.95713,1.06205,13.5074,10.5785,-6.15642e-06
3.74656,3.4511,34.1922,10.3371,0.0128247
3.56332,1.04096,11.889,11.9543,-9.21227e-10
4.63715,1.65377,10.7649,3.93291,-1.26748e-05
4.06707,3.19255,12.2164,6.60392,-0.000757988
4.5622,4.17479,14.5775,10.8846,-4.98807e-06
1.32912,4.87935,7.93114,2.76331,-1.67452e-07
2.01272,2.3583,38.033,3.49617,0.00306426
2.2657,3.57068,21.2553,10.0524,3.56535e-05
1.99717,2.573,8.33221,9.02112,-2.44096e-05
4.08694,3.31053,8.44543,9.07776,-4.98524e-05
2.34369,1.50322,5.10563,6.78674,-0.000141705
3.65382,3.05789,39.0183,10.5595,0.00325094
2.7089,4.16403,5.28357,4.26803,-7.79025e-06
4.6385,3.01465,9.9893,4.00858,-1.55398e-05
4.60882,2.10283,39.7812,7.30248,0.316572
3.14991,2.37253,12.9006,9.25111,-5.609e-05
2.00942,4.31719,10.4996,2.47558,-1.08594e-07
3.58039,3.68261,36.7632,11.0108,0.00227558
2.27683,2.93804,1.7876,11.581,-2.46402e-08
1.92671,4.57493,26.4976,5.70575,0.00666394
4.90467,1.7894,19.5084,6.45374,-0.000594193
4.80529,2.96187,13.7909,6.24477,-0.000776507
3.68724,2.88418,18.9266,8.04093,-0.000524272
3.94507,4.74636,10.6818,9.26699,-5.52226e-05
3.53033,4.70745,11.3531,5.52411,-0.00016984
1.22417,3.92871,34.9503,5.4189,0.0775864
2.82206,3.55191,4.2305,6.04706,-8.64724e-05
3.14969,2.90803,2.72725,8.90862,-2.18309e-05
4.53743,2.16429,13.8551,9.27376,-8.9796e-05
2.81273,1.78514,21.3609,6.03005,0.000886812
4.75955,1.84526,22.5396,5.36822,0.00144896
3.63104,4.4093,20.7021,11.8013,6.17234e-08
2.81112,3.49056,2.69632,6.31557,-9.65845e-05
3.26333,2.30904,5.6444,11.4757,-9.37972e-08
2.51476,1.28501,24.3535,9.83444,0.000236964
2.81639,4.50268,26.1766,8.41512,0.0071835
3.90349,3.17916,14.5955,11.1808,-1.65001e-06
2.39907,1.42348,15.7602,4.24953,-2.58647e-05
4.96957,1.64213,15.3765,6.51754,-0.00119407
4.04987,3.69789,15.1844,6.72788,-0.00149658
3.8522,1.22348,28.2515,8.44005,0.0178146
2.59591,1.08274,35.1786,4.48791,0.0271526
4.57303,4.99601,7.29672,9.41777,-3.0302e-05
4.82129,3.26098,1.85417,3.19307,-9.10099e-07
2.28576,4.24571,29.37,10.926,0.000331562
1.43279,1.07326,25.829,6.0864,0.00369149
2.76442,1.64647,21.7823,10.4246,2.51871e-05
2.71296,4.48514,35.182,7.89127,0.420165
2.19882,4.56931,21.8848,6.66023,0.00271748
4.66332,3.45549,1.36296,5.9381,-8.72032e-05
4.87124,3.73031,2.93161,5.47771,-6.24619e-05
3.01537,1.95442,15.6017,3.75823,-1.42696e-05
4.12564,3.22791,34.5033,3.63592,0.013163
3.23999,1.04162,27.4101,2.67307,2.7189e-05
1.07393,1.05141,35.2619,11.7112,2.03185e-05
2.71245,3.74532,33.5723,7.70382,0.493786
1.6968,2.80973,12.8244,10.7337,-1.84306e-06
2.81578,3.30321,11.5631,5.73222,-0.000170786
3.28404,2.9337,14.4069,9.17485,-9.08703e-05
4.24218,1.79166,22.924,3.22879,3.4117e-05
4.04141,3.37619,2.8222,3.06981,-6.21156e-07
3.42376,1.51182,19.8778,3.99814,-3.28668e-06
2.89307,2.66034,2.44971,11.2158,-1.64423e-07
2.17553,1.63868,18.9014,3.30028,-3.23349e-06
2.50576,3.50665,22.7308,4.22503,0.000175648
4.72272,3.79562,8.42385,4.51971,-3.17355e-05
3.13015,4.40177,35.0669,11.4713,0.00039861
4.22291,4.2705,24.8302,11.7481,1.63102e-06
1.29388,3.83197,7.83149,11.8438,-3.56834e-09
1.34912,1.03527,29.1658,2.90881,6.69044e-05
1.56833,3.48243,22.3913,9.63897,0.000115816
2.60945,2.67497,36.1741,10.6551,0.00409003
1.76317,2.57003,35.3047,10.3948,0.00497
4.90001,4.158,34.6365,9.83517,0.0458508
4.33967,1.70403,15.5345,11.1301,-2.10668e-06
2.78564,4.34888,10.4512,2.81192,-6.01569e-07
1.81603,3.50313,38.2119,6.06022,0.16488
1.92278,2.87565,27.7573,5.34481,0.00692663
4.91472,4.26593,19.0207,10.1107,-3.16458e-05
4.01238,3.41763,31.1553,2.05918,1.83236e-06
3.90073,1.82069,19.2389,7.92248,-0.000438558
1.74622,4.73239,39.3289,11.7311,1.64167e-05
3.32226,3.75093,1.57198,5.38201,-3.17826e-05
3.31154,1.0366,39.6895,5.49088,0.0431514
4.47272,2.38177,17.5681,4.27501,-7.18763e-05
2.305,2.80571,27.1602,3.37516,0.000198329
1.8789,4.23674,5.48834,8.92472,-1.97858e-05
3.52975,4.1553,5.51985,9.08968,-2.92359e-05
4.8135,1.0946,31.1338,8.04958,0.186124
3.13783,2.32431,30.1126,11.6415,3.46485e-05
3.2023,1.93093,33.771,10.9181,0.00230425
2.77269,3.36648,39.9477,3.65926,0.00234868
2.09839,1.46211,23.0382,6.82388,0.00422378
3.3773,4.41096,21.0298,5.62131,0.000582119
4.86056,2.69316,8.34466,2.48304,-1.7515e-07
2.69187,3.16291,20.5453,8.65002,0.000145117
1.30202,2.86117,16.5479,2.90841,-9.69705e-07
1.46301,2.51086,34.8917,8.90453,0.0531798
4.45166,4.37936,19.3494,2.02631,-7.24009e-10
4.14577,3.73366,38.4361,4.80059,0.0634363
1.49169,4.97165,10.9869,8.59126,-5.84696e-05
2.5067,3.67113,36.4323,5.27937,0.126922
3.41675,4.64067,35.6079,10.1888,0.0168086
3.68321,2.35949,33.6415,6.26333,0.57675
1.5833,2.09057,35.6846,8.00162,0.177645
4.47942,1.66765,10.774,5.40803,-0.000127177
2.67578,1.82745,9.41776,2.9824,-6.69859e-07
2.36095,1.21062,17.0456,7.51664,-0.000597355
4.7448,2.02371,2.66794,6.44348,-0.000161501
3.25193,2.99928,36.1441,2.17431,2.90521e-05
3.40149,1.99284,1.05062,3.62367,-1.38881e-06
2.34207,3.90737,32.4628,4.06983,0.0151112
2.3993,1.39684,16.2846,2.65603,-5.58485e-07
1.18489,4.78121,11.3277,2.78359,-2.72673e-07
2.64461,2.95293,15.641,8.00439,-0.000437312
3.46012,2.46869,33.7913,5.05169,0.116302
4.22361,1.45676,15.9758,8.00737,-0.000581218
3.58033,1.93937,36.1742,7.83547,0.473238
3.99537,4.54836,22.9609,8.73717,0.00164605
1.52733,3.59606,29.6944,2.64539,6.2679e-05
4.33935,2.99985,13.3312,8.69889,-0.000198002
2.91815,4.88083,33.7062,5.77379,0.300905
4.17719,3.55015,13.2805,6.22345,-0.000627963
1.70224,1.40082,3.18133,4.37793,-3.24959e-06
1.52909,4.80518,9.05954,7.92622,-0.000101516
1.29927,2.87699,2.60756,6.16607,-3.54785e-05
3.79998,2.80926,8.71435,6.00424,-0.000196204
3.01415,1.07697,21.9609,9.47284,0.000150905
1.22816,4.27419,13.4883,4.66368,-2.4483e-05
3.17744,2.49562,21.3942,11.6438,3.99833e-07
2.20566,2.79598,16.4725,7.54003,-0.000691707
3.72478,1.97747,30.647,11.5764,8.01388e-05
2.90619,3.88578,35.9015,9.81499,0.0277176
4.29114,3.93315,12.9299,9.81982,-3.41361e-05
3.10318,3.20769,28.9044,3.1711,0.000420116
2.42424,1.82777,38.5284,2.58321,0.000176904
1.68916,3.40987,33.1045,4.54924,0.0272656
1.47027,3.76296,32.4063,2.69342,0.000298172
2.38161,2.16494,12.6992,3.51476,-4.20851e-06
4.29129,1.30621,30.1443,3.65111,0.0027741
1.69556,3.62769,6.98016,4.04411,-4.02333e-06
4.45816,4.66221,11.2149,7.78656,-0.000489899
2.25117,3.02254,5.0364,6.82163,-0.000174968
2.0638,3.67999,24.3334,7.16946,0.00976249
2.15068,3.89263,37.172,3.85217,0.00998676
1.0921,3.32245,15.2135,7.53897,-0.000296817
1.37904,4.22138,26.7275,6.75906,0.0176772
1.40257,3.48381,35.7171,7.65915,0.269588
2.23181,1.02996,22.571,4.72546,0.000213528
3.91158,4.36711,31.1141,11.7253,4.89975e-05
3.11336,1.36828,27.8148,8.11445,0.0181037
2.77543,1.08181,33.8951,5.06954,0.0701095
4.01119,1.45523,15.4487,7.11655,-0.00137036
1.34777,4.17191,18.5985,4.45785,-2.9178e-05
4.07435,4.12624,10.9597,4.12539,-2.12025e-05
4.91754,3.72663,35.6343,11.9523,3.07971e-06
2.77952,1.51152,4.61609,2.57768,-7.67513e-08
3.37082,3.68375,27.7874,8.86307,0.00979768
4.93311,3.03727,11.1315,8.71254,-0.000151772
4.57501,2.41815,12.418,10.8956,-2.91015e-06
1.65666,3.01912,2.56844,5.49775,-1.98638e-05
2.41977,1.04638,10.6422,10.5162,-2.10635e-06
4.464,3.69172,33.7669,11.1548,0.00187594
2.73003,4.4268,16.6594,10.2511,-1.80703e-05
4.68217,4.00185,9.2701,8.3703,-0.000179163
3.16729,1.82644,9.30472,3.74784,-4.94408e-06
1.32272,1.84802,10.3183,6.24565,-0.000102633
1.63822,4.52015,12.6694,8.63644,-7.91101e-05
3.60969,4.26691,7.57757,6.37349,-0.000265695
2.19042,4.21183,15.6974,7.69681,-0.000566915
4.70292,2.90011,30.5114,5.47218,0.0984993
1.19333,1.25165,35.4094,2.25099,1.78189e-05
1.24997,1.12469,17.0726,4.03545,-9.68436e-06
3.01262,1.5478,27.2699,11.2741,3.43362e-05
1.98083,3.8961,24.5256,2.00381,1.18108e-10
3.52348,1.65416,17.6159,7.6342,-0.000906453
1.8423,3.29836,24.3427,6.53247,0.00621885
4.09017,3.676,30.185,7.16607,0.368068
2.81721,2.39765,1.79776,2.13707,-2.34223e-09
2.83775,1.17835,6.57184,5.83932,-6.42429e-05
4.58467,2.25913,31.2395,9.64771,0.0255176
4.64729,1.85184,13.7487,10.6352,-6.6488e-06
1.70478,3.7092,19.5491,3.76731,-4.59256e-06
4.59849,2.98912,37.4662,4.67713,0.0791493
2.99222,4.62397,35.528,10.3247,0.011165
1.70061,2.40504,31.3899,7.08474,0.298097
3.72822,4.1604,15.9169,11.0454,-3.20317e-06
3.46494,2.67034,12.2683,2.00278,-4.84609e-12
2.9939,3.23892,24.7554,11.8251,4.72164e-07
4.10528,1.83101,6.85559,5.31401,-5.83634e-05
1.20561,1.60998,34.6836,8.44934,0.070398
3.30261,4.09976,21.2983,6.24401,0.00158535
1.19248,1.74675,25.1287,9.70865,0.000219143
2.51689,1.80881,2.08347,10.691,-5.50224e-07
3.1553,4.2989,18.2452,10.2132,-2.23656e-05
3.9743,2.03218,10.5068,6.83916,-0.000627544
3.19048,2.80208,12.6494,3.4963,-5.77897e-06
3.72312,1.04643,27.0304,7.23446,0.0351181
2.8093,2.73798,34.8995,10.8387,0.00281893
1.40683,2.66006,8.09137,6.24168,-8.62249e-05
3.1864,2.37348,31.784,4.2442,0.0194912
2.93203,3.12781,12.3908,11.1853,-8.24895e-07
3.31031,1.91299,16.6337,10.5423,-9.42308e-06
2.10371,1.98835,17.1117,2.66031,-6.18491e-07
3.65963,4.14129,25.2816,4.27067,0.000877193
4.93346,2.23148,37.8018,6.82454,1.0893
1.69865,2.38964,33.7738,6.13237,0.230609
2.31544,4.27897,4.11167,2.82934,-2.11235e-07
3.75809,4.03061,31.2144,2.93811,0.00107868
2.85733,3.82664,31.1728,10.8066,0.0016282
3.23272,4.37155,34.3906,9.80757,0.0320487
1.45403,2.81903,35.641,4.11233,0.0113327
4.66221,1.37975,6.65594,3.67307,-3.78398e-06
4.3689,3.81119,29.3779,11.9455,6.02067e-07
3.07337,3.33959,28.9545,6.41378,0.0826919
3.93726,2.79154,19.0145,10.7427,-5.82224e-06
1.39325,4.70526,11.8034,7.83844,-0.000159401
3.4731,4.04001,4.89858,4.87841,-2.5098e-05
2.89841,1.32908,21.9859,11.7349,2.29985e-07
4.47575,3.77481,10.854,7.03009,-0.00100805
1.08853,4.59208,14.886,9.21909,-3.37069e-05
3.83014,3.62472,19.7046,3.04427,-1.27769e-06
3.74378,3.09438,35.8745,8.00871,0.464467
1.8016,2.49005,20.575,4.428,2.43536e-05
4.21664,1.08504,5.96221,7.50376,-0.000181805
1.63874,3.86246,1.33485,3.00158,-1.78046e-07
1.05197,3.26749,14.4526,5.23917,-5.48597e-05
3.71605,1.90811,34.5639,3.43123,0.00649107
2.41827,4.8743,31.7911,9.47355,0.028087
1.4769,2.01575,19.4888,9.27705,-2.00361e-05
1.80957,3.919,11.7979,11.7952,-1.69385e-08
2.88811,3.25902,17.729,11.9981,-4.51388e-12
4.85182,4.85103,33.3662,9.36424,0.099073
3.45235,2.297,20.6583,9.27874,8.4916e-05
4.94759,3.03331,31.5431,3.52079,0.00707386
2.33538,3.02339,11.7771,8.1348,-0.000169763
3.10807,3.65024,15.6925,3.05181,-3.34002e-06
3.8583,1.04785,26.7479,6.79654,0.0328647
4.8292,3.90472,22.7172,7.37158,0.00906386
1.86807,4.41599,1.17887,7.81748,-4.80765e-05
4.47574,2.26986,34.109,7.02622,1.50838
2.55984,1.15226,2.6751,4.96156,-1.05087e-05
1.66236,4.85418,29.3844,5.10635,0.0119016
3.4906,1.77276,30.075,3.81931,0.00344035
4.23657,1.63864,4.36566,7.14366,-0.000258169
1.51059,3.67714,19.0374,10.1984,-7.85856e-06
1.99805,4.03353,8.80309,2.5391,-1.11495e-07
4.90947,2.44879,17.9922,2.25894,-1.59492e-07
1.37907,3.67416,15.6725,11.7706,-3.20045e-08
4.05234,1.15169,3.77521,7.61476,-0.000118819
4.57704,2.23846,17.7362,2.9119,-3.42154e-06
4.95057,4.11219,33.72,2.22522,8.28695e-05
3.50254,2.39775,34.266,2.86153,0.00140677
1.17843,1.43178,31.7335,5.27803,0.0290267
2.16498,2.08438,31.3019,10.5989,0.00187679
2.91828,3.55355,35.9124,11.6909,9.79175e-05
1.20169,3.95473,15.1627,7.12517,-0.000522689
4.078,1.58755,37.9292,8.40839,0.182614
2.78013,4.66153,12.461,5.37258,-0.000131788
3.43251,4.98919,30.6117,5.31894,0.0695466
2.20986,3.19995,27.8167,6.27416,0.0269044
2.91188,3.70024,13.8782,4.47756,-4.48504e-05
1.31312,1.86134,27.6119,11.6087,4.00834e-06
3.56518,4.58576,4.18443,9.6902,-9.69907e-06
2.03257,2.61422,34.8857,2.07525,2.98371e-06
1.79943,1.71002,37.1822,7.98958,0.171813
2.42747,4.06996,6.76558,9.76463,-8.05742e-06
1.39831,3.51294,30.3136,2.28967,1.18533e-05
4.20325,3.60534,39.3562,3.45412,0.003297
3.44849,1.74867,8.30598,2.14322,-6.79249e-09
2.57823,2.78001,4.68516,3.02247,-4.19121e-07
4.3781,3.95556,2.87261,2.26199,-1.94089e-08
1.73387,2.41707,12.7026,4.98582,-4.27652e-05
2.81096,4.37591,4.47303,3.17633,-7.50806e-07
3.96317,4.00802,12.364,6.14494,-0.000475089
4.81662,3.83288,10.2504,11.5038,-2.71261e-07
1.23808,2.16419,5.34601,7.88969,-4.1549e-05
4.49512,3.74226,31.9363,4.63638,0.062864
2.78189,3.8138,33.5726,9.10969,0.0813543
1.94264,4.09528,21.6082,11.1701,2.80934e-06
1.53355,3.1729,31.3754,2.23011,1.3844e-05
2.57895,2.78049,37.7925,8.82144,0.0831627
3.16784,1.72199,13.6745,5.66658,-0.00021025
2.41571,3.16464,31.8962,3.30589,0.00247981
3.89453,2.97828,5.64851,2.18093,-1.02332e-08
2.0566,2.37976,22.9012,4.94131,0.000446914
2.43678,3.21573,12.3858,4.68152,-3.87501e-05
2.92922,3.88792,26.6614,7.35814,0.0316311
4.35417,2.80027,33.102,10.0501,0.0235843
4.59252,3.9313,34.1815,8.24068,0.451928
1.72847,1.06058,23.9031,2.87478,6.3097e-06
4.01478,3.81182,35.5604,6.95833,1.52428
3.38335,3.68025,28.8895,10.5106,0.00101259
3.38393,4.54992,15.4116,4.23712,-4.71507e-05
3.02152,1.41922,15.5752,4.46894,-4.57658e-05
2.00094,4.28752,10.1925,8.11797,-0.000123325
4.46512,3.5573,17.7959,4.90558,-0.000216424
4.03298,4.03324,30.2045,10.8692,0.00111912
3.27264,2.06287,20.7004,2.12052,1.56035e-08
1.18996,4.03995,24.4574,3.52977,4.77415e-05
2.46609,4.3616,8.42402,6.33816,-0.00019852
2.27537,2.93439,5.4082,8.52599,-3.78674e-05
4.67278,4.33414,20.5904,8.2089,0.000523393
2.12984,4.50098,22.5836,4.74835,0.000342664
4.57116,3.9218,24.2566,3.14137,6.54905e-05
2.89801,3.6299,14.0622,3.9432,-1.79424e-05
4.9881,2.40821,7.81895,8.09493,-0.000191371
2.06979,1.87372,9.37258,8.63701,-4.61029e-05
2.4533,1.29092,28.2328,3.14422,0.000157118
4.96151,3.48517,8.47969,2.07357,-3.017e-09
4.32722,2.55442,37.927,6.8717,0.998864
2.60271,4.63492,38.3042,3.65462,0.00583257
1.55776,2.34074,31.8085,5.30999,0.0492967
3.55852,1.97572,14.5926,10.1862,-1.59403e-05
2.65998,3.54476,22.3402,5.83525,0.00159914
1.92276,4.45316,17.289,11.3849,-5.81912e-07
3.30734,4.60704,6.26799,11.9631,-3.74961e-10
4.40809,3.30971,18.9951,2.6303,-9.61314e-07
1.82561,1.21895,7.68629,2.15587,-3.39783e-09
1.65866,3.92536,14.2089,4.9653,-5.83545e-05
1.14787,3.23432,11.927,3.36785,-1.41534e-06
2.20931,1.62686,39.0666,6.39476,0.152133
2.49669,1.08898,16.8734,5.48289,-0.00017681
2.5657,3.0896,19.5849,5.14933,-6.1761e-05
3.36432,3.79915,14.6058,8.95375,-0.000141816
4.68146,4.77508,3.07126,5.62153,-7.73035e-05
2.4854,1.21766,30.6311,10.108,0.00338814
4.38272,2.59214,36.8766,2.05465,3.12267e-06
2.3302,1.64072,35.7061,3.61002,0.00572121
3.98386,3.40883,35.9545,5.63482,0.323896
4.9601,3.7919,29.7799,2.96746,0.000660737
3.41009,2.64464,17.984,11.7754,-8.23865e-08
4.3798,1.77389,39.7892,3.34881,0.00169306
1.88027,1.02557,5.08043,6.35338,-5.96803e-05
4.66149,1.96463,36.9868,8.93815,0.138812
3.24532,4.84558,30.2022,2.98595,0.000618131
2.96799,2.55548,3.65036,5.04343,-2.083e-05
2.53963,2.89477,5.55507,4.54713,-1.11201e-05
1.11466,3.4489,13.9332,3.4953,-2.65741e-06
2.49195,4.84384,10.5798,5.83528,-0.000157762
4.85784,2.12783,20.0045,6.76321,9.26906e-06
1.9615,1.67091,19.3023,7.73374,-0.000249362
1.43104,4.84016,12.2177,10.2317,-4.81272e-06
1.32335,4.08795,7.98822,6.44557,-0.000111217
4.69935,4.20397,17.0601,6.09584,-0.00112751
4.58461,1.43764,25.1614,5.25405,0.00347578
2.66548,3.98463,23.9727,4.06092,0.000251804
1.21396,3.377,27.5614,2.83277,2.96265e-05
4.00385,3.32063,32.4963,9.7124,0.0369966
3.67723,1.41186,33.168,5.48441,0.1768
2.50922,1.8007,30.5397,7.79274,0.115064
1.16937,4.87595,31.3464,5.2437,0.0321253
1.545,1.54755,25.0962,3.12671,2.30745e-05
3.1226,3.86968,7.70286,9.18283,-3.01609e-05
2.6372,1.03504,17.6523,10.1981,-1.2757e-05
1.58107,4.6262,18.2262,7.83227,-0.000405933
3.47258,4.50431,14.6535,11.3007,-1.03715e-06
3.5525,3.78844,34.9328,5.665,0.308487
4.13346,3.24522,3.36392,10.0273,-5.15459e-06
3.22563,3.97627,5.39614,10.3329,-2.99469e-06
2.19069,3.3087,14.7648,11.8074,-2.90563e-08
3.31979,3.04598,4.30863,6.87524,-0.000248199
4.95699,2.27803,11.8028,10.1241,-1.6106e-05
2.89515,1.73127,14.0637,7.76164,-0.000413254
4.27818,3.62168,28.776,3.30708,0.000780767
1.86827,4.41245,15.9049,5.74091,-0.000256414
2.81003,1.47395,37.4855,11.7871,2.61638e-05
2.46932,2.86009,23.3516,10.7162,3.2113e-05
3.93319,3.85735,14.0184,2.53916,-5.19811e-07
4.71197,3.81225,12.086,2.56834,-5.0586e-07
3.78354,3.74733,1.16228,8.84902,-2.50535e-05
2.6637,3.39744,1.93589,4.17811,-4.09252e-06
2.10438,4.00501,12.6226,11.4275,-2.55114e-07
2.56741,4.89272,9.17958,3.09569,-1.09992e-06
2.0224,1.65903,19.4023,7.74258,-0.000224554
2.78888,1.55479,35.3523,11.0656,0.00121864
2.74564,3.93457,20.6143,7.76676,0.000536944
4.43142,2.84631,30.5208,3.70887,0.00529495
2.55011,2.28237,18.3107,10.7609,-4.49745e-06
3.6377,4.54769,4.07838,8.11179,-9.47145e-05
1.13337,3.01247,11.8892,5.84903,-8.2239e-05
3.96074,3.07834,29.0548,6.75954,0.161034
1.7215,2.45043,20.652,10.8557,1.9175e-06
2.04384,3.10271,15.6794,8.78274,-0.000125536
1.4098,2.82861,11.1848,2.70081,-2.09223e-07
3.5695,2.99519,26.5711,11.7371,3.01017e-06
3.58792,2.3828,14.7992,8.05793,-0.000455798
3.52191,4.94082,15.81,4.035,-3.69077e-05
2.7001,3.63122,1.44455,8.84107,-1.8572e-05
4.32501,1.44589,30.1532,3.41501,0.00174334
4.64319,1.16838,29.4573,7.65958,0.108198
3.65847,4.08679,36.3426,7.17353,1.21214
2.48521,2.30275,29.9199,3.1068,0.000473111
4.98244,3.79239,25.8075,6.38505,0.0274376
4.17522,1.99487,30.6538,2.36293,6.25961e-05
3.92593,4.38617,3.11429,11.6939,-2.60796e-08
3.82318,4.90141,27.2925,6.82937,0.07117
2.65995,4.67408,15.0336,11.1417,-1.49593e-06
4.85383,1.3249,17.1649,8.31984,-0.000496095
4.21441,2.40058,32.2642,9.59347,0.0408834
2.42244,2.61327,21.7308,5.02653,0.00030988
3.57343,2.95946,12.4418,5.22299,-0.000124819
3.00797,4.27325,13.3613,4.36895,-3.63407e-05
4.5273,3.35096,13.4276,3.92676,-2.3849e-05
2.38871,1.95506,20.7035,7.29884,0.00075894
1.63819,2.66815,39.2726,6.069,0.0807546
4.65938,1.86515,35.4949,4.5284,0.0651595
1.79545,4.92032,8.20743,9.9069,-5.90794e-06
4.65343,4.74278,9.65285,11.2232,-7.95587e-07
1.45083,1.53096,31.1443,8.73935,0.0267175
4.42301,1.70776,23.924,5.32751,0.00235723
3.41148,2.96696,27.9948,7.32017,0.0700745
3.05956,4.78795,6.69958,11.9633,-3.66733e-10
1.1589,4.55345,33.9511,11.3605,0.000240206
4.89714,2.33745,25.1083,4.54458,0.00149694
2.9307,3.79126,19.5146,9.29967,-4.34969e-05
2.08945,2.23019,33.4321,4.62529,0.0351309
4.404,1.99049,27.2332,3.85582,0.000991476
2.96452,4.13062,8.93405,6.66223,-0.000364419
4.19048,3.42353,27.966,3.22585,0.00039544
1.10502,1.1349,28.1904,8.04484,0.00785544
2.58609,2.04194,16.3312,5.16247,-0.000143407
2.46877,3.17355,13.8027,9.1975,-6.04818e-05
3.44551,1.82385,7.36388,7.57889,-0.000206754
4.48976,4.41892,18.8057,2.29963,-1.89479e-07
2.7589,4.8343,38.1219,10.4687,0.00516953
2.28475,4.69434,8.6809,8.27044,-9.34883e-05
2.64265,2.48292,10.153,7.86123,-0.000193727
4.4363,1.64772,14.1611,8.22033,-0.000364329
4.96987,4.56697,26.8703,11.0904,0.000117709
4.55586,1.7924,1.3132,3.00855,-4.07163e-07
3.78579,4.95579,24.3311,5.10095,0.00230434
3.60862,3.85475,34.8639,8.7995,0.168938
2.71824,2.88796,8.21801,2.40766,-6.48111e-08
1.31677,1.6571,25.7145,10.6366,4.78834e-05
1.8622,2.54861,31.3568,5.35954,0.0521798
3.60429,4.6783,15.1173,11.7311,-1.14419e-07
1.32927,2.16779,19.1424,3.63218,-3.92771e-06
3.08916,4.03963,5.21217,11.4235,-1.2231e-07
4.18007,3.25051,24.1804,3.16616,5.9454e-05
2.18208,4.71972,12.4908,10.1347,-9.282e-06
4.24229,4.78794,9.77518,8.59068,-0.000135936
1.56112,1.71663,29.3141,5.36716,0.0117362
4.31713,3.04403,14.1309,3.86503,-2.23517e-05
2.39238,4.16778,34.0125,10.5595,0.00522305
3.1996,4.61568,21.879,4.98241,0.000484015
3.16796,1.44979,9.25586,2.1652,-9.12234e-09
4.68134,4.21891,16.1958,5.58082,-0.000540931
2.76111,1.03126,28.3062,5.1306,0.00676819
4.27998,1.80789,1.0297,5.71933,-4.86741e-05
2.58531,3.94923,16.3617,6.13535,-0.000598203
1.07439,3.61357,39.2691,9.6259,0.00527012
1.06119,1.04259,31.1977,6.32116,0.0641434
3.92014,4.22532,36.9559,3.31754,0.00601112
3.56256,1.16176,34.2302,3.00128,0.00167757
1.87193,2.06921,3.99721,7.83454,-5.53004e-05
4.97282,2.34792,37.9785,6.89922,1.13022
3.86265,2.09728,36.6102,4.66026,0.0670821
4.57658,1.60175,11.0795,6.6863,-0.000621396
2.42426,3.65994,30.5441,10.4365,0.00229268
2.7334,4.88375,33.8216,3.40033,0.00556976
4.96324,2.17794,30.2179,8.08859,0.140509
4.78031,3.51912,21.7222,6.26606,0.0032335
4.34046,3.95761,27.2609,9.56613,0.00334854
1.26048,2.82031,25.1182,4.18753,0.000223451
1.87469,4.87544,33.8071,8.5192,0.132976
1.04479,1.44474,39.795,10.9863,0.000154235
4.89254,4.65917,38.2895,10.1714,0.015733
3.44375,4.8995,28.5709,7.87461,0.0577747
4.96318,2.59242,29.1315,9.72955,0.00720871
3.3154,4.56833,5.16487,2.74959,-2.66392e-07
3.84764,4.49287,6.10851,6.85702,-0.000390598
2.25403,2.87549,8.75267,6.87613,-0.000310643
2.53595,3.23234,21.7515,6.15751,0.00151527
4.19854,2.79385,6.40385,3.78905,-5.29263e-06
3.0138,3.69754,35.6494,9.1277,0.0869355
1.7293,4.46421,16.7345,9.66039,-3.4394e-05
3.73739,1.71991,27.5473,10.9583,0.000141259
2.08903,4.21599,25.6829,3.53069,0.00014237
2.79598,1.78122,12.112,11.2799,-4.52453e-07
1.86263,4.90654,18.3437,4.85839,-8.35589e-05
1.2091,3.19358,30.9661,3.19339,0.000590173
4.57243,4.4404,28.0994,7.93213,0.0544175
4.24262,3.95418,27.332,7.31027,0.0668668
4.33578,1.89497,9.12094,2.7039,-4.14343e-07
3.95705,3.61177,22.0696,8.52104,0.00128817
3.96956,1.01561,29.3791,2.45182,3.53275e-05
2.39535,1.72851,30.1467,8.37336,0.041983
4.58234,2.57034,2.96422,7.64342,-0.000157923
4.39136,4.60406,12.9996,6.77788,-0.00121717
1.44486,3.33639,30.9206,7.1029,0.21001
2.88355,1.00364,32.1047,5.14295,0.0581134
3.11035,3.71883,8.00593,7.29159,-0.000341821
2.90406,1.74951,13.4091,9.51808,-3.35086e-05
1.32761,1.63222,12.5542,6.54851,-0.000201165
1.02699,4.56967,32.9548,5.11637,0.0405708
1.2711,4.45453,18.5877,8.65885,-0.000104512
1.03325,3.39014,2.83384,2.1325,-9.92625e-10
2.49993,1.45825,24.9258,9.26229,0.000812414
1.70302,1.9449,20.5419,10.0471,8.60898e-06
1.78079,2.64923,9.20094,2.01972,-7.69059e-11
3.49207,4.45275,30.6489,3.49278,0.00312623
2.27953,1.78265,30.4031,11.5263,5.37036e-05
1.0415,3.33819,34.505,8.76248,0.0497382
3.29831,4.95941,35.0084,9.84289,0.0314302
4.2657,1.61231,31.9242,7.41255,0.591852
2.89828,3.75579,25.5791,2.78891,2.47144e-05
2.02842,1.88323,15.2663,9.28041,-4.849e-05
3.35311,1.47392,17.6748,3.46403,-9.27821e-06
1.05233,3.16809,20.654,4.01562,8.51369e-06
2.96789,1.80582,37.3868,6.56565,0.522362
1.7303,3.08351,21.4876,10.6217,9.78411e-06
1.35713,1.53295,27.2505,7.58211,0.011586
1.62208,1.70075,29.4654,5.07245,0.00881751
2.72974,2.64393,3.28835,11.2763,-1.38236e-07
2.70402,4.86414,25.284,2.8555,2.67223e-05
1.42415,2.86982,38.9546,4.05026,0.00448465
1.86956,4.30117,34.3382,7.23426,0.59622
4.07514,3.38064,38.8709,4.43331,0.0272521
1.23493,1.84827,18.5543,4.99777,-5.02953e-05
4.87457,4.09111,37.9886,4.907,0.108163
1.38946,2.36784,27.3026,4.62059,0.00130368
4.31941,1.8954,5.03823,3.41621,-1.80433e-06
1.61936,3.46918,10.3981,4.1653,-7.96196e-06
1.65395,2.26129,24.6094,9.50469,0.000374727
3.16248,2.42946,24.0485,3.13871,3.66374e-05
3.30762,2.1702,25.8216,3.78231,0.000343968
4.82184,3.43101,13.9599,2.50018,-5.09688e-07
3.53794,1.15777,23.6335,8.37486,0.00210092
2.7706,3.60369,9.55193,7.88839,-0.000196375
3.34767,4.16142,26.2818,7.04275,0.0426948
1.30934,2.26333,25.7876,10.393,9.45879e-05
1.17346,2.24163,7.19294,6.16706,-5.50365e-05
2.85383,4.20067,3.51011,10.122,-3.19702e-06
4.91447,2.46999,30.4932,2.58058,0.000226145
2.59197,3.12712,18.2774,9.86567,-3.29032e-05
2.19222,3.88798,37.1484,10.9344,0.00166336
4.72967,4.72694,4.2753,10.7616,-1.46476e-06
3.50198,4.43415,18.9737,5.09255,-0.000170028
3.55765,2.37899,22.5867,3.39277,3.95245e-05
3.92126,3.04395,39.2431,5.64316,0.120205
3.07186,1.10553,14.4331,5.29827,-0.000118783
1.08663,3.70801,3.94692,9.69279,-2.73808e-06
2.98117,2.58035,15.1066,9.38572,-6.49209e-05
4.03059,1.83562,28.3024,6.40265,0.0624797
4.47743,2.21018,32.3651,7.96938,0.428715
3.41727,2.94471,1.83029,3.69703,-2.00143e-06
3.24242,1.37268,35.4568,5.2139,0.112666
3.011,1.31107,10.4137,4.53814,-2.03793e-05
1.81449,1.51379,18.1357,11.5328,-1.96015e-07
1.40619,1.51802,7.63873,9.33364,-8.09289e-06
3.58295,2.67112,3.86507,7.51945,-0.000160635
4.71512,3.5136,2.61285,4.38484,-1.13183e-05
3.07171,1.56072,39.0569,2.27751,2.68058e-05
3.55656,4.55784,36.4659,5.43653,0.232085
2.67988,2.31389,17.764,10.6503,-6.6396e-06
4.6704,2.25004,19.4988,7.09629,-0.00100177
1.75155,4.24307,22.6169,7.12136,0.00412643
3.64336,1.82029,38.2825,9.34708,0.0389903
1.53624,3.17155,20.9817,7.89808,0.000422519
2.30013,2.37637,11.871,2.69654,-3.59142e-07
2.19886,4.8869,11.3273,10.0481,-9.11009e-06
1.81689,2.61759,39.4679,9.5795,0.00791083
2.47232,4.10845,13.7068,9.67101,-2.94546e-05
1.38946,3.45012,25.7721,4.4639,0.000548389
3.14664,1.69229,1.84535,8.32161,-3.65475e-05
2.80934,2.8552,36.3637,3.12862,0.00256754
3.39722,4.51994,11.1714,2.63424,-4.28496e-07
2.56875,3.46531,19.3884,4.02514,-1.44606e-05
3.05383,2.51336,21.6373,10.0571,6.04788e-05
1.65986,1.21492,12.9103,4.5248,-1.6213e-05
4.6404,2.60259,24.9473,6.9261,0.0287653
1.97794,2.9376,8.99445,5.55335,-6.12552e-05
1.19552,4.03505,32.2379,9.93183,0.00723735
2.97718,1.70061,30.8083,9.82784,0.00866575
1.55512,4.30942,3.90091,8.38488,-2.77757e-05
1.55427,2.97109,17.6677,8.80073,-0.000110785
2.58766,4.21492,29.4979,8.65934,0.0267753
2.07309,1.13753,9.52692,11.1083,-3.28939e-07
3.51973,3.7828,21.9747,2.40628,1.03637e-06
4.05083,3.1324,32.6927,9.74711,0.036438
4.32183,4.43906,9.52425,11.3791,-3.94021e-07
2.2509,4.66046,39.7476,6.21388,0.112127
4.54189,1.20977,25.813,2.11888,3.52434e-07
3.81595,2.7263,25.4163,10.9019,7.27579e-05
1.09589,1.37573,10.0093,2.80903,-1.55459e-07
1.42911,4.25,38.5491,6.53758,0.198876
2.619,2.4643,19.4638,3.24631,-2.29721e-06
2.40871,2.91207,23.2142,3.86137,0.000104216
1.4048,4.49616,15.7769,6.72408,-0.00059121
4.51311,2.21276,33.127,11.7625,6.95169e-05
4.82891,3.3014,13.1017,5.53489,-0.000296271
2.01671,4.39642,30.5201,2.29356,2.08811e-05
2.01359,2.26839,39.9137,11.6726,1.75925e-05
3.25932,1.38111,2.1644,9.22419,-1.03091e-05
3.68798,3.1827,38.7133,8.8313,0.0811217
2.94948,1.90161,30.3185,2.8791,0.000342703
4.10569,1.84652,24.1536,4.30164,0.000520194
3.70895,4.86747,4.28851,6.59384,-0.000226629
2.46384,3.47307,35.3141,9.4521,0.0424208
1.88277,3.9985,27.3071,10.0795,0.00059879
1.0785,3.04271,7.77529,2.10847,-1.28748e-09
4.90293,4.14413,2.27401,11.2197,-2.98166e-07
4.04927,4.15069,20.2404,9.57806,2.36999e-05
2.55711,2.52643,31.3185,6.9308,0.445218
2.12885,3.44538,12.4496,10.8073,-1.88769e-06
1.80278,3.41723,38.0653,4.81178,0.0323981
3.58593,3.61742,11.0556,11.085,-1.15328e-06
1.97904,3.16111,8.95822,6.90408,-0.000296508
4.04664,3.08531,6.39569,11.8783,-5.07086e-09
3.90752,1.50275,39.0657,8.22421,0.125238
1.12139,1.60547,38.7026,10.5215,0.00105638
2.36515,3.461,27.5407,7.72802,0.0253791
3.31561,4.01629,25.1386,2.96857,4.23857e-05
4.57861,3.3136,36.6865,6.51391,1.01548
2.82561,3.25657,31.4976,6.41191,0.330946
2.1279,4.40644,1.3055,10.9588,-2.65081e-07
4.32885,4.00954,9.98782,10.4653,-5.94291e-06
2.80267,1.4062,15.9403,5.28062,-0.000151103
4.43708,3.16426,38.1029,10.5114,0.0069888
2.89563,1.49899,23.0968,8.49295,0.00129445
3.74998,2.48556,9.59094,11.9876,-6.60771e-11
2.7595,2.92505,1.98428,8.9271,-1.70316e-05
3.23709,4.50902,13.5957,7.58539,-0.00067077
2.34616,2.16049,10.0564,7.763,-0.000182065
1.88683,3.33666,9.46642,6.98907,-0.000337517
1.68118,4.30434,22.4692,7.86754,0.00161722
3.76095,2.80279,34.6118,4.53757,0.0604477
4.3933,4.92896,2.02872,6.62434,-0.000209286
3.70555,1.2471,1.42763,5.06992,-1.58624e-05
4.43162,4.79534,39.4132,11.5535,0.000130321
1.5944,1.71341,27.0725,6.72644,0.0181927
1.13666,1.20641,19.5606,10.8086,-5.62181e-07
4.52164,2.57078,6.44264,11.1777,-4.89676e-07
3.13033,2.67157,27.3512,3.84626,0.000801724
2.50339,4.89309,29.0901,4.67075,0.007879
1.28036,4.37719,17.0169,9.96685,-1.51306e-05
1.3994,3.2091,10.1928,3.32922,-1.17803e-06
2.03929,4.96302,36.9525,5.8434,0.217424
1.34946,2.30126,8.76113,8.60963,-3.03519e-05
3.7607,1.12256,9.29427,5.61178,-9.32984e-05
1.83223,3.95778,6.14577,7.28034,-0.000158141
2.61789,4.22125,18.6041,6.13399,-0.000577597
1.33765,3.66357,30.5403,10.5516,0.000976882
1.67135,2.87745,27.5466,2.42939,7.03287e-06
1.1229,3.49271,35.5473,10.6678,0.00183971
1.60478,4.84808,13.3,5.98487,-0.000194022
1.26819,1.84137,16.5391,5.39761,-9.62742e-05
3.69338,4.61761,17.8607,10.6246,-1.13899e-05
3.93778,3.56261,1.53267,11.3911,-1.09706e-07
4.57749,1.38932,10.208,7.12643,-0.000619075
3.42569,1.95741,20.8311,8.9238,0.000177526
1.63644,4.16735,26.1916,3.02572,3.9432e-05
1.80062,3.17241,37.4028,10.5107,0.00356504
1.01783,1.45178,38.3905,10.369,0.00150137
2.03824,2.59025,27.1573,9.20675,0.00238813
2.00266,1.56468,7.56938,9.6204,-7.25564e-06
2.55578,3.927,29.6408,9.73067,0.00553656
3.22932,3.06429,17.4465,10.3352,-1.75147e-05
2.18104,4.09256,32.1386,9.8467,0.0149283
4.34785,2.5595,34.0557,9.46928,0.0671671
3.91576,2.24371,16.4033,7.9967,-0.000674799
2.58513,1.91836,11.8372,6.60968,-0.000392175
4.83914,4.68337,35.1729,11.3054,0.00126099
3.92211,2.8445,9.80399,9.53717,-2.77795e-05
3.31338,3.02878,36.9803,7.8023,0.486223
1.84649,3.00718,35.5212,7.1916,0.569754
2.8015,3.73501,25.0622,5.03791,0.00200657
1.44267,4.58534,19.6042,4.53309,-1.4282e-05
2.64793,3.66982,14.8887,8.41191,-0.000244238
1.47422,2.96016,37.309,6.38621,0.251537
3.48917,4.58771,10.8619,7.5151,-0.000490128
4.11462,1.36021,12.2395,9.01975,-7.56817e-05
4.0769,4.44285,17.8405,10.8628,-6.86918e-06
2.80057,4.40949,22.8385,5.73697,0.00202218
2.25638,1.00388,5.64359,2.04504,-2.14732e-10
4.42954,1.20974,31.8624,3.09296,0.0018603
4.6456,1.17613,29.1151,2.92727,0.000251719
2.79113,4.70427,5.15694,9.57764,-1.04807e-05
1.56819,2.9159,7.47284,9.04017,-1.69791e-05
1.95274,1.16806,19.8025,10.8822,-3.77708e-07
2.61375,1.77153,12.7998,11.1515,-7.46043e-07
4.02769,1.88859,33.6536,2.21079,4.71886e-05
3.076,4.4317,3.03011,6.18088,-9.90257e-05
4.43216,3.29341,3.76851,6.51146,-0.000214068
3.66725,2.76549,14.1654,9.61474,-4.75848e-05
1.22668,3.10505,29.4047,8.59483,0.012261
2.87254,3.26387,19.1753,3.71266,-1.09168e-05
4.00443,3.8764,35.3174,9.01731,0.137457
2.66991,2.19956,17.5374,10.7733,-4.82963e-06
1.71981,2.91096,16.5287,7.2632,-0.000739781
2.43097,4.0316,34.5294,4.86296,0.0704354
1.60924,4.64418,38.1252,8.29171,0.103986
4.86384,3.49367,22.1909,2.75443,7.76021e-06
2.63465,4.93168,12.0506,6.28822,-0.000366961
3.6158,4.76914,38.1601,5.32303,0.139298
2.63357,1.83028,14.5038,3.85105,-1.21728e-05
1.73387,3.81922,36.7703,4.71331,0.0377145
1.76864,4.0399,17.9413,10.5441,-6.3719e-06
2.71702,3.31221,27.778,6.09997,0.0266861
2.77396,2.4599,10.5844,5.85123,-0.000153755
3.06697,3.70415,16.7649,7.22747,-0.00148621
3.47954,3.04744,3.5372,9.63139,-8.82663e-06
2.44356,1.83913,19.2867,8.07827,-0.00021758
1.29133,4.92757,25.9038,9.08405,0.00117171
2.42335,1.92919,26.8856,6.80005,0.0284675
4.15529,2.8187,18.2738,11.7106,-1.73513e-07
1.42683,4.65471,15.3681,9.22451,-4.76378e-05
2.09324,3.13401,8.44659,2.04927,-5.41004e-10
2.16684,3.42914,26.8464,8.57852,0.00574646
3.30751,4.91671,29.7774,7.5698,0.159349
4.36097,2.49164,22.6706,7.78059,0.00454056
1.93677,3.52878,15.0782,2.1577,-1.78037e-08
2.11634,4.49125,19.5594,10.8709,-1.33102e-06
3.59131,2.16303,19.0637,9.53805,-5.23983e-05
1.52143,1.3064,1.19736,6.51442,-3.96727e-05
4.04403,1.71849,6.65393,2.04897,-6.62997e-10
1.81143,2.385,7.03061,6.73098,-0.000158165
3.86486,2.99629,8.37771,8.61943,-8.70756e-05
2.49219,4.74896,33.9969,11.595,0.000166594
1.73406,1.20398,4.00088,3.24276,-3.46836e-07
4.73791,4.98734,27.1151,9.77793,0.00247649
4.43941,1.11658,32.9282,8.86724,0.114927
1.44964,4.79368,17.2767,3.79972,-1.13042e-05
2.58678,3.69725,11.9113,5.56796,-0.000138225
4.52618,4.83551,24.1574,4.09623,0.000511048
3.77473,2.77182,28.8023,11.7803,6.5967e-06
1.35112,1.31158,16.235,11.5945,-9.12794e-08
1.31327,1.27026,27.3365,6.13503,0.00782349
2.25125,4.92944,39.2177,3.95059,0.00568082
4.17827,4.32987,26.8367,8.07638,0.0219985
1.55483,1.17094,4.45113,10.2026,-1.12093e-06
3.21981,4.34201,19.6566,4.33317,-1.99762e-05
1.28797,4.77756,31.758,5.20894,0.0409243
1.9653,2.90733,16.1428,4.71235,-6.05939e-05
4.53669,1.75284,2.94185,11.4332,-1.01874e-07
2.93985,2.79164,15.4872,10.1689,-1.75799e-05
4.72054,1.2998,30.2021,11.8454,6.77325e-06
3.85612,3.2793,14.3945,3.95336,-2.52263e-05
3.39197,1.8987,26.1838,2.67749,2.07754e-05
1.87962,4.89316,11.6316,11.1961,-4.90314e-07
3.55278,2.14421,27.0725,3.49704,0.000358493
4.96911,3.24581,33.5632,9.23937,0.1152
4.06948,1.52724,4.51284,6.70454,-0.000209973
1.37379,3.46705,5.63273,4.74781,-8.70448e-06
2.97163,4.84049,32.0669,3.4009,0.00446108
2.41194,2.74595,13.4263,8.23762,-0.00020045
3.36712,2.38589,2.89207,9.57592,-8.08627e-06
3.87921,4.37048,25.5706,2.11988,4.09779e-07
4.43934,1.49656,37.0268,8.33185,0.270448
3.8282,3.89278,34.8901,9.6559,0.0482493
3.99126,2.24649,4.44935,7.86751,-0.000123479
4.99434,2.07136,26.028,5.77773,0.0125648
3.78247,3.94814,38.6504,8.73303,0.103382
1.63499,3.90585,24.1307,4.1891,0.00020707
1.17684,4.73248,32.2851,8.17787,0.102236
1.00258,2.56481,19.0182,3.55325,-2.88384e-06
4.7707,4.40278,34.9916,5.01594,0.176218
2.40327,1.7005,12.5077,6.9442,-0.000555805
4.69214,4.19867,39.9265,4.63609,0.0245137
4.11406,4.58807,25.0437,8.0054,0.0107505
4.45112,1.35348,5.54719,2.59299,-1.42231e-07
2.90875,2.19465,32.5457,3.84652,0.0108486
2.56451,1.8042,33.5514,9.26291,0.0482252
1.25443,2.12986,13.6782,11.7986,-1.34169e-08
2.8238,2.53732,13.688,7.05625,-0.000915135
2.9071,4.10205,6.68982,10.1558,-4.64507e-06
4.03033,3.50297,13.8637,4.75475,-9.49323e-05
1.54929,2.95631,7.78852,7.23791,-0.000165433
4.9028,4.62823,9.23208,3.97838,-1.5094e-05
3.78862,3.56038,32.6391,2.04137,1.51841e-06
4.0982,2.0285,15.2261,7.5279,-0.000984632
1.16191,4.92194,2.59121,7.92187,-3.19745e-05
4.79669,4.61039,21.824,7.79119,0.003446
1.8422,2.96466,10.7412,3.17318,-1.12243e-06
1.18894,4.57337,5.68228,11.5138,-3.34856e-08
4.18607,4.3223,8.66137,5.04917,-6.71491e-05
3.83439,1.14254,34.4062,5.80549,0.267862
4.02093,4.53098,33.1674,2.8788,0.00187951
2.29186,3.32072,39.2355,4.63643,0.0172389
4.98758,2.75515,3.14196,9.30269,-1.99527e-05
3.52838,2.50097,12.5701,5.68017,-0.000221545
4.62971,4.87976,10.9121,6.29796,-0.000537458
1.54276,3.12853,1.82986,2.32894,-9.61944e-09
1.6533,2.56969,25.5318,4.94406,0.00115133
3.01321,4.14788,27.4331,6.3392,0.0343351
1.47419,2.14782,30.9085,10.9728,0.000396371
1.50126,4.92062,18.5995,11.3627,-4.40527e-07
4.01233,1.15949,21.2476,8.24802,0.000677421
3.77027,3.47967,14.9605,11.4213,-6.87672e-07
1.69106,4.6915,10.2799,7.66482,-0.000183498
3.16911,4.07019,35.3204,10.0294,0.0207078
2.44236,3.52721,26.8369,4.68059,0.00222563
1.2462,3.73623,26.0571,7.09118,0.0133819
2.63456,3.33484,27.4808,8.11828,0.0171073
3.89114,1.27129,10.0495,5.21656,-6.7693e-05
4.34706,3.56868,37.3138,10.6169,0.00707056
2.51777,3.1177,38.8326,9.75814,0.0121898
1.07783,4.62185,13.2725,2.613,-1.79332e-07
1.69594,2.01017,21.7517,11.7861,8.31046e-08
4.55151,1.72016,7.94894,11.7295,-3.41765e-08
2.02613,4.30466,2.96799,8.1417,-4.37104e-05
4.8722,1.85589,28.1476,6.56476,0.0833714
3.69358,3.14011,8.17191,6.44886,-0.000302233
3.19934,3.74555,7.05342,8.37919,-8.58243e-05
4.86561,3.84213,30.4134,10.0235,0.00988492
1.14307,1.1455,23.9036,5.01717,0.000330382
4.82429,4.39905,7.60358,3.98073,-1.15718e-05
3.42565,2.06999,6.01384,8.8574,-3.55547e-05
3.42361,4.08972,16.073,11.6403,-2.41053e-07
1.80656,1.18292,14.594,2.56067,-1.99055e-07
2.80358,1.97603,5.99508,6.18549,-0.000108983
4.66932,3.87841,29.3424,3.4197,0.00157019
1.2435,4.34814,7.7411,9.03682,-1.53621e-05
4.55503,3.19292,27.0705,10.1622,0.00104581
2.62664,1.21474,29.8778,2.22139,6.57962e-06
4.53107,1.71452,13.6234,7.26512,-0.00103047
3.88243,1.75229,13.5055,11.8408,-2.25937e-08
2.30041,2.00735,8.33741,11.7272,-1.96937e-08
4.93349,4.54656,7.46259,4.75907,-4.3442e-05
4.95445,4.37079,34.8568,2.18549,5.5463e-05
3.61057,2.93385,30.0542,11.5088,8.76983e-05
4.20764,2.92056,28.6397,7.89299,0.0643925
2.19547,3.90316,27.4409,4.63594,0.00256053
2.01734,3.50127,34.1176,6.94672,0.741403
2.91435,2.6526,5.30173,8.30559,-6.1994e-05
1.59416,1.59663,14.3149,10.9866,-9.52347e-07
2.32487,4.54614,1.86517,4.66834,-8.48733e-06
1.13866,4.30465,1.62075,7.14354,-6.43393e-05
1.20582,4.48217,31.9314,11.2344,0.00028077
3.38264,1.50727,6.01548,10.5455,-1.61792e-06
4.67327,2.13426,12.8156,6.67834,-0.000935998
4.5769,4.35914,21.0027,7.28222,0.00274932
2.00019,3.46758,24.0708,7.31904,0.00714874
3.38092,4.52174,23.1193,4.90991,0.000904867
2.047,3.44543,3.94129,8.92153,-1.69115e-05
3.46718,3.25512,20.5778,6.20851,0.000589931
1.00721,3.53236,38.1162,9.60413,0.0092198
1.76789,1.01729,16.5972,4.88361,-5.07537e-05
2.08335,1.29215,8.26151,5.78866,-5.8951e-05
1.2416,3.91171,11.6043,3.07075,-7.04711e-07
1.39108,2.73696,27.5082,7.7317,0.0138028
3.94432,1.70434,25.7277,7.91477,0.0118192
1.15228,3.82135,26.4893,5.4693,0.00282059
4.0882,1.48619,31.0446,3.66994,0.00493235
3.68834,4.96708,37.5644,2.90627,0.00166065
2.62937,1.39899,35.9043,4.02929,0.0138779
2.7502,1.42863,12.3041,9.37575,-3.03934e-05
3.72282,4.06553,10.1394,10.2554,-8.17895e-06
2.91484,1.58518,32.2984,7.35951,0.48628
1.81159,1.44406,37.8121,10.2495,0.00432007
1.1889,2.32664,4.26629,9.43757,-4.2302e-06
1.5561,1.73874,9.69265,4.15419,-5.48145e-06
4.90559,2.24209,23.7953,9.32072,0.00105457
2.04596,4.1685,36.5023,8.07659,0.243973
2.09751,1.45905,33.3511,6.17039,0.244377
2.49436,2.82743,14.2009,9.19228,-6.42115e-05
1.91019,3.47692,39.4693,3.3715,0.00114734
4.87525,4.79787,10.581,8.96239,-0.000105969
4.99764,2.49956,6.22267,4.22876,-1.35206e-05
3.79974,2.19555,29.9054,6.30804,0.142529
2.70461,3.64046,23.0562,7.46704,0.00532279
1.00219,3.48066,32.1933,9.0782,0.0234574
3.85779,1.28952,36.1798,10.7475,0.00372891
2.85212,1.83578,10.828,6.04413,-0.000189386
2.16252,2.33851,9.89308,7.34894,-0.000265408
1.79948,3.45615,22.404,2.56745,1.53137e-06
3.60563,4.9694,33.5087,3.07285,0.00315524
3.27812,3.81024,7.60779,3.84529,-5.90002e-06
2.18153,1.61413,4.62403,3.56785,-1.14309e-06
2.36053,4.723,10.1663,10.0646,-7.79067e-06
2.67486,4.67103,38.4484,8.39424,0.131259
3.26136,4.70315,11.094,3.71834,-8.15433e-06
2.32228,2.4737,26.6758,4.87302,0.00240519
3.87152,4.08366,28.2602,4.06611,0.00266308
2.33327,3.6539,11.8807,8.84283,-7.08846e-05
3.23954,4.80215,37.2421,8.09872,0.351274
3.92324,3.84531,21.6507,9.19535,0.000373425
1.89122,2.98531,7.81511,7.56898,-0.000142132
3.48603,3.31033,21.3365,11.9415,9.00334e-09
2.89053,1.56796,32.8856,9.31002,0.0445553
4.01352,3.23303,36.0194,10.9735,0.00288012
2.60151,1.34436,28.232,2.75938,5.20517e-05
1.64277,3.47428,32.5224,6.21788,0.230956
1.42165,4.2861,13.4113,4.7979,-3.44095e-05
3.27457,3.65026,14.9628,3.95131,-2.41265e-05
2.79448,4.93788,1.47145,9.44149,-8.29474e-06
2.89876,4.29646,8.08605,7.12116,-0.000396232
3.41856,1.6837,22.8705,3.92721,0.000120295
1.66609,2.07437,16.4894,9.40699,-4.0388e-05
2.3353,3.12332,12.9631,7.79191,-0.000316624
1.32664,3.91723,8.72217,3.82385,-2.71769e-06
4.01466,1.71982,32.2402,3.55654,0.00693669
3.15892,3.25103,38.0685,7.06107,0.787061
3.85694,4.97736,19.5958,10.3126,-8.48297e-06
2.17455,3.3463,4.11993,10.3381,-1.6253e-06
4.34026,3.72896,30.6017,4.5433,0.026228
1.62142,1.50073,21.0783,7.97179,0.000360475
2.9916,4.91824,4.27291,3.42412,-1.46073e-06
4.43547,4.29822,17.189,4.33281,-8.97426e-05
4.78961,1.98224,30.3432,9.68318,0.0143597
4.09031,1.20412,39.4564,10.6594,0.00161763
2.63272,3.12563,17.748,8.0295,-0.000517002
2.42448,1.47979,33.1353,6.40456,0.363061
2.27295,2.41328,10.0211,10.1219,-5.62506e-06
3.42159,3.25143,24.7973,6.99694,0.0226424
3.0301,2.47444,13.6689,8.24127,-0.00025423
2.44045,3.90326,25.6971,9.39545,0.00120125
1.69875,3.28284,34.5219,3.79664,0.00756658
4.58531,2.99924,4.04893,11.0313,-5.97196e-07
2.40209,2.95493,27.5488,10.3494,0.000469234
4.18876,4.04312,5.65885,2.75707,-3.61205e-07
1.6093,2.02541,31.8847,4.56221,0.0166179
4.4576,4.37898,32.9436,5.8327,0.451654
2.12587,3.09093,39.6207,11.7638,1.14817e-05
2.27244,4.71679,25.8588,10.4595,0.000174456
1.95233,1.79958,9.30084,4.88335,-2.14398e-05
4.14222,3.09064,12.6994,8.15563,-0.000345875
1.5771,2.55644,11.2876,7.52241,-0.00020647
3.09033,2.40161,11.0676,3.16435,-1.83286e-06
3.36921,3.58988,29.6665,11.1345,0.000301253
2.34417,2.64572,22.6082,10.96,1.09463e-05
1.59974,2.12577,21.668,9.26672,0.000118526
4.65498,1.78826,22.5715,6.14294,0.00378452
4.9356,1.56838,20.1919,6.42865,0.000261525
1.71513,4.54893,21.7579,9.01958,0.000237144
1.38398,1.1845,12.7472,6.58236,-0.000196751
2.30364,1.37362,26.7537,6.16737,0.0111137
2.10111,1.24724,24.9081,2.33936,1.13587e-06
4.90906,2.87583,19.4218,8.9408,-0.000135179
4.04793,1.17746,15.7666,5.3739,-0.00022343
4.01308,4.42104,20.1904,11.677,4.92023e-08
3.953,4.14297,36.3378,11.9467,3.12717e-06
1.73751,4.57649,29.3652,8.19699,0.0308124
3.67064,1.00719,25.932,3.1566,7.03557e-05
2.96392,4.91787,30.4708,3.83182,0.00494292
4.39158,4.09631,36.9311,2.97341,0.00266759
2.91762,4.43096,25.5332,6.85426,0.0243537
1.79812,4.86037,37.0462,7.20626,0.555444
1.31357,4.03562,2.73493,4.96213,-8.13908e-06
4.03101,3.02731,18.1006,11.9659,-1.90554e-09
4.49471,2.43254,26.3179,9.97807,0.000957941
2.08823,4.2077,34.0115,4.44044,0.0312518
3.43695,2.52374,23.1978,2.54354,3.60271e-06
2.46996,1.85614,27.6013,7.13622,0.0435402
3.87326,1.76921,26.6101,10.1567,0.000605813
4.47314,4.4654,21.1629,10.8633,1.10477e-05
3.66357,2.22647,15.0814,7.85691,-0.000608431
1.56256,2.62676,21.8259,11.1643,2.43556e-06
2.83626,2.3986,32.422,6.97516,0.799572
2.79338,3.442,39.8851,2.40255,4.50935e-05
4.17041,1.61147,10.2044,3.92007,-1.00567e-05
3.54476,4.79177,4.80815,2.8376,-3.71726e-07
4.72044,2.74802,7.83466,4.71214,-3.65159e-05
2.21469,3.30641,38.62,6.78758,0.368251
3.82654,1.47786,33.9263,8.76081,0.141076
3.02201,1.53313,36.7168,5.02566,0.0805811
1.81036,4.67041,17.0449,6.61654,-0.000796428
2.65768,4.43345,17.1777,9.2179,-0.000111317
1.39424,4.28108,9.83733,7.63694,-0.000143068
2.07617,1.09415,23.5153,5.67685,0.00121818
2.18178,3.58417,1.86723,11.0764,-1.96584e-07
2.97383,3.76634,14.8135,7.29666,-0.00100918
2.62546,3.77385,16.4014,3.43864,-8.38227e-06
4.73293,2.46983,25.5044,10.2989,0.000378044
4.9913,2.41849,29.2223,3.81498,0.00323519
4.77995,2.01878,18.7838,8.94844,-0.000198601
4.49569,4.90704,1.47641,11.6028,-4.58961e-08
2.43999,3.06509,2.00578,8.79305,-1.84691e-05
3.27013,3.65838,25.3395,4.62434,0.00140445
3.10679,2.91086,16.2944,2.27105,-1.087e-07
4.88642,2.0719,13.2751,5.8839,-0.000423149
3.78799,1.98338,23.0601,3.98082,0.000171213
3.8831,2.00312,38.8026,2.05296,1.245e-06
1.71237,3.91475,9.39505,3.09073,-7.17827e-07
2.90301,2.32802,11.3977,5.78363,-0.000166484
4.19034,2.257,22.8878,2.06041,2.82347e-08
1.80598,3.74508,11.2345,8.39226,-9.08989e-05
1.15254,4.13573,31.702,7.56117,0.161215
1.15611,3.28056,10.7698,7.94807,-9.08605e-05
3.0175,1.76307,17.2308,3.63952,-1.30428e-05
1.73489,3.02546,24.3135,11.112,1.14761e-05
1.29299,2.76286,23.0825,10.2948,3.79745e-05
2.5058,4.01795,39.0943,10.8348,0.00115467
1.66811,2.91714,5.89782,10.4386,-1.23383e-06
4.91419,2.4436,1.68709,10.2743,-2.8525e-06
3.96214,2.05142,2.50308,5.05583,-2.29336e-05
2.54598,3.87954,13.0517,5.46112,-0.000145506
4.05089,1.97128,28.7539,5.64834,0.033475
3.19293,3.73019,3.71435,8.54185,-4.40351e-05
4.38647,2.63054,4.69493,4.88314,-2.80875e-05
4.39784,2.0467,27.0051,3.89539,0.000965387
1.63858,4.98339,19.6255,8.21542,-9.24201e-05
4.0798,4.56213,37.0907,3.58995,0.0115769
2.98677,1.08937,32.6157,11.8554,1.07584e-05
2.73729,2.05752,17.764,3.46621,-8.57132e-06
4.94737,2.03998,22.0095,2.43645,1.50197e-06
2.34829,3.75678,37.5471,3.43204,0.00408733
3.66523,2.57645,25.3497,10.6186,0.000137244
3.23949,2.11303,5.41208,5.08917,-2.8896e-05
2.8285,1.0832,7.71254,2.24514,-1.35121e-08
4.06175,4.65361,8.44478,7.10185,-0.000606233
1.8371,4.86178,24.1185,8.40548,0.00199437
4.10419,1.47407,10.1007,10.6129,-3.05378e-06
3.34265,4.30143,2.02284,7.8978,-8.61901e-05
1.31615,3.14126,14.2959,8.27791,-0.000125477
4.97768,2.42044,28.382,6.63303,0.113406
3.11663,1.96232,12.4797,8.50188,-0.00014103
3.17191,4.96769,29.6385,8.45072,0.0485793
2.90876,1.23922,29.1632,4.46638,0.00459009
2.50835,4.52567,34.0648,10.8976,0.00239237
3.67566,4.93304,24.962,8.12516,0.00812126
4.22177,1.74586,36.7736,3.55115,0.00891178
2.08331,1.30808,32.7114,3.10003,0.00120578
4.25037,3.42495,16.9567,11.9593,-2.98005e-09
1.87692,4.52714,9.37751,7.36497,-0.000244164
1.04483,4.72345,36.3807,8.20417,0.109683
3.4505,4.14273,3.67852,10.6788,-1.1858e-06
1.86643,3.58375,21.8594,3.65644,2.67959e-05
1.0467,3.35793,20.5875,7.84856,0.00017104
2.35079,2.67134,19.1343,9.31661,-4.92721e-05
3.68492,4.92965,38.8331,11.6446,8.79419e-05
3.60916,4.10899,19.9678,6.51831,-4.40742e-05
3.08191,2.80326,19.5294,6.28909,-0.000343445
1.79463,1.98929,14.7795,3.32529,-2.86984e-06
3.95911,1.49716,5.27216,4.8329,-2.10087e-05
3.55924,2.53831,11.0344,6.17768,-0.000317235
3.7977,2.96521,37.9186,9.07226,0.0830068
3.61985,3.17689,11.7414,8.86158,-0.000101319
3.05855,1.74235,39.6614,2.39966,4.55577e-05
3.66548,2.57654,21.6861,4.88031,0.000364505
3.05746,2.50509,16.5331,4.14428,-3.70486e-05
1.48428,2.06694,16.0668,11.4036,-3.02663e-07
1.73931,4.02899,9.20889,7.34021,-0.000221381
4.90004,2.28378,25.7403,5.4931,0.00776253
1.36892,1.41456,38.5166,3.69484,0.00214876
4.71642,2.86048,14.5814,11.3933,-8.67929e-07
1.09562,1.60845,11.1475,9.69312,-6.19278e-06
4.48096,4.03232,5.05782,9.53093,-1.74256e-05
4.06893,2.26369,17.5349,3.63983,-1.92812e-05
1.43663,1.42034,23.2376,5.56959,0.000727854
3.92378,1.10158,34.7177,5.9414,0.318737
1.61807,2.06112,37.1072,9.49486,0.020522
2.83236,3.85403,38.7717,6.27186,0.255961
1.35097,1.36207,10.7369,7.6388,-0.000113752
2.75712,2.45207,39.201,2.40995,6.41249e-05
2.1033,4.98887,2.51872,9.06661,-1.26429e-05
2.06384,1.14659,21.9541,6.19561,0.00103614
1.32103,3.67712,37.2388,2.37528,6.25913e-05
2.85197,2.42214,25.2156,11.9896,1.52242e-09
2.3869,1.20979,39.2263,7.9595,0.0879449
2.64565,4.1539,1.62606,2.21085,-6.26386e-09
2.63634,2.47435,24.3482,5.09956,0.00138054
3.29329,1.66804,26.547,4.54296,0.00168949
1.85678,4.31236,32.5038,8.90653,0.0639674
3.82775,3.24944,29.6774,11.2479,0.000228465
4.40332,1.14508,9.36145,11.7645,-2.53202e-08
1.3795,4.78381,26.1772,8.78565,0.00216048
1.86532,1.44405,1.0909,3.71533,-8.22096e-07
4.84207,4.13701,28.2087,7.46904,0.102277
3.37946,3.7836,31.9747,2.9035,0.00122844
2.57232,3.83975,39.3332,11.0732,0.000518115
4.80447,1.54441,31.9484,3.59832,0.00784842
3.82864,3.26026,11.4085,4.78376,-6.05388e-05
2.53531,4.56591,19.11,10.2218,-1.24515e-05
1.32084,1.05037,29.4743,4.04576,0.00111772
4.61581,3.65576,9.12313,8.40806,-0.000161372
1.33718,2.30095,17.5746,8.124,-0.00021611
2.84938,2.65193,24.4194,7.4541,0.00953835
1.69032,2.76023,9.41049,11.0506,-4.34678e-07
1.84953,2.55243,12.7651,9.55373,-2.02918e-05
3.09247,3.43637,20.5535,8.4723,0.000219108
2.27601,2.16708,31.4179,8.22641,0.107567
1.58141,4.28991,21.8448,2.48505,6.73506e-07
4.96514,1.48789,11.5994,10.8058,-2.94847e-06
3.15247,1.81287,15.726,10.4984,-8.59992e-06
2.54751,4.06628,24.3946,7.06374,0.0140612
4.95764,3.03206,37.1619,11.2012,0.00155196
1.8853,1.65147,18.0586,3.04784,-1.85804e-06
3.57312,4.83618,27.1037,3.36996,0.000332051
4.03078,2.28979,11.3968,10.4854,-5.79625e-06
1.56979,2.96971,4.44663,4.98425,-1.16629e-05
4.72729,2.5662,4.77311,7.18713,-0.000336699
3.02922,3.55788,6.35752,11.818,-9.27069e-09
4.94736,4.138,22.6328,9.0086,0.00115677
2.30555,4.13912,24.1769,11.0732,1.74346e-05
3.42459,4.27569,32.7837,11.5549,0.000252925
3.98659,4.47481,4.05045,2.74511,-2.71153e-07
2.0129,2.57725,17.0585,11.0819,-1.57591e-06
1.88044,4.89813,22.883,3.98734,9.87297e-05
1.09254,4.5418,8.93926,3.07794,-4.23889e-07
3.77326,1.59592,37.8243,7.20593,0.713176
3.04772,1.63741,15.9801,6.97252,-0.00129607
2.57624,3.67016,34.2341,2.70305,0.000660087
1.27875,3.10738,22.902,2.13142,4.8111e-08
4.85026,4.27862,3.18064,3.38062,-1.81492e-06
2.1054,4.41333,21.7966,8.44061,0.000662004
2.94716,4.75567,17.8525,11.7623,-9.30235e-08
3.82203,1.97788,16.6877,10.9927,-3.49441e-06
4.6829,1.64247,38.3643,10.4244,0.00652003
1.75091,4.00146,11.0768,3.3654,-1.9484e-06
2.00038,1.39388,16.3181,11.5927,-1.41696e-07
2.11223,2.97948,2.98713,3.39216,-7.32179e-07
2.2616,4.70306,3.79538,3.71756,-1.94862e-06
3.21686,3.59849,30.3456,7.13174,0.328951
2.2764,1.78537,1.64981,3.43793,-6.37783e-07
4.00194,3.00364,36.4637,8.71715,0.193994
2.40216,4.07718,11.5384,2.46158,-1.41698e-07
2.07705,2.03872,19.0876,7.83743,-0.000305664
3.24753,1.001,3.47433,2.50325,-4.54275e-08
1.47875,4.38937,31.096,8.02386,0.0900467
1.96399,1.43413,12.2237,2.78818,-3.80972e-07
3.12765,2.43312,31.8093,7.53117,0.417279
3.71427,4.07433,4.35142,4.19772,-8.31572e-06
4.58178,1.49027,10.364,10.0579,-1.14653e-05
1.35135,4.07414,29.4745,9.34544,0.0050309
3.37557,2.55272,19.2783,9.90852,-2.2625e-05
1.419,1.22272,5.0593,2.76705,-8.02491e-08
3.80908,2.79003,14.2141,9.96904,-2.68082e-05
4.9735,4.71021,4.89275,4.38062,-1.68196e-05
3.49296,1.93971,28.0107,9.90101,0.0018325
3.49996,3.52425,32.6239,9.3824,0.0582814
3.49789,2.5167,24.7723,9.67932,0.000654607
2.28235,4.08691,32.8364,6.06579,0.297463
2.32527,4.84973,21.1474,5.87466,0.000638371
4.76446,4.67091,21.7801,8.25338,0.00190218
3.92486,2.08167,38.3152,9.20678,0.0538092
1.76572,4.83426,12.4635,2.33141,-5.71753e-08
2.29444,2.63615,1.01608,2.6592,-6.86706e-08
3.27813,1.52878,35.2119,2.62775,0.000480198
2.24557,1.56934,9.87182,8.31112,-7.77712e-05
2.28258,4.46364,17.3258,8.41689,-0.000297335
1.43418,2.42392,1.4787,4.73614,-4.79633e-06
1.80164,1.71846,27.3623,9.06544,0.00252972
1.33124,1.215,37.7983,8.14422,0.0779817
2.91874,3.93422,11.6716,9.86817,-1.71448e-05
4.85371,2.85371,17.6958,11.6956,-2.42124e-07
2.35513,3.07794,37.3666,2.7514,0.000600274
1.50274,2.06175,12.6962,3.55764,-2.87111e-06
1.01535,1.80271,1.26562,5.6653,-1.10726e-05
4.62838,1.15518,37.7949,7.32431,0.680071
1.85245,3.50104,30.1811,4.8983,0.014856
3.04218,1.99268,16.8942,10.2879,-1.55984e-05
3.39151,3.97095,29.903,4.52137,0.0131483
3.57519,3.37062,38.0984,8.05948,0.292203
1.49759,4.32577,20.9372,6.87484,0.000976588
1.50732,2.75292,1.2778,9.18165,-5.78224e-06
1.72737,4.21046,20.5648,5.52721,0.000130525
1.24769,3.86955,3.38166,8.57817,-1.58346e-05
3.18809,2.00861,21.5065,7.87479,0.00132841
2.95302,4.24657,36.8317,11.4489,0.000392592
3.25289,1.85479,28.6001,4.73256,0.00666428
3.26156,3.16429,15.2016,2.17977,-3.96513e-08
4.6226,4.92,2.7565,10.9778,-6.62997e-07
2.63128,2.48094,13.1843,7.31705,-0.000591417
3.82253,2.96226,25.625,3.63554,0.000294642
4.11391,2.79441,18.3366,10.237,-2.47849e-05
3.94242,3.22771,9.23189,11.5238,-1.64349e-07
3.63742,2.6215,22.7154,9.04795,0.000752781
2.55379,4.96831,3.06394,10.9655,-3.94945e-07
4.60184,1.75205,22.5358,9.07186,0.000736577
2.76888,3.54884,28.5337,9.6917,0.00329813
1.86276,3.10824,30.2979,2.93001,0.00028972
2.21719,2.01452,2.68705,4.13763,-3.00552e-06
4.25497,4.72899,17.7728,3.62675,-2.32236e-05
2.14952,3.21982,2.50205,10.3295,-1.32172e-06
3.87528,3.46473,33.0387,2.78485,0.00123186
3.21717,4.64411,31.1076,4.17062,0.0144526
4.60962,4.623,23.5283,4.59834,0.000923405
3.62522,1.35673,25.1378,9.97689,0.000375404
1.25279,3.00591,37.9593,3.73456,0.00348532
2.61399,1.25289,4.02745,7.72163,-7.28713e-05
1.99458,4.13698,39.3751,8.11996,0.0815466
3.25559,4.11405,6.61814,7.3707,-0.000274739
4.82314,2.41958,26.6995,7.9844,0.0231704
3.77132,4.54863,23.5523,8.80297,0.0018581
2.08974,1.91125,34.1726,10.6899,0.00273567
1.10817,2.88297,2.87407,8.79366,-9.18161e-06
2.20665,4.46693,35.5016,2.03787,8.92673e-07
3.22762,3.75191,22.1463,4.24909,0.000173523
3.87198,1.63333,4.63367,6.09438,-0.000105167
3.91845,4.27463,14.3873,7.94929,-0.000607534
4.35632,3.42744,25.9821,6.06114,0.0174282
4.42451,1.18121,37.8676,6.29828,0.422613
3.38125,4.87143,30.4605,9.21139,0.0290221
1.64371,3.00246,16.0589,10.42,-6.51449e-06
1.82544,4.94843,39.1731,7.99675,0.100796
1.36562,4.47261,37.7092,4.25724,0.0120036
1.31954,1.91979,37.0752,10.634,0.00181508
3.56704,2.86177,29.6896,2.6704,0.000152773
2.79989,1.0526,36.8179,2.99297,0.00116624
1.33167,1.07958,1.23897,8.8235,-6.06637e-06
4.12926,3.23394,16.7451,2.217,-9.49533e-08
4.73388,1.58218,13.1444,8.10582,-0.000368545
1.16435,3.08424,12.8584,8.73332,-4.69444e-05
4.89719,3.36341,21.068,11.2202,3.47214e-06
2.37885,1.74001,4.33132,4.98108,-1.47102e-05
4.05929,3.0515,26.6812,4.67785,0.00330814
1.60598,3.80539,18.9138,8.44882,-0.000146762
1.34695,2.30301,1.42535,5.618,-1.52705e-05
1.13969,1.13726,37.6043,11.988,2.40004e-08
2.65896,1.62103,10.5958,6.68782,-0.000335503
4.02195,4.94553,11.4905,2.81825,-1.07798e-06
4.37615,2.40059,12.0864,10.8564,-2.91666e-06
2.19917,2.96746,6.93436,2.52899,-8.29311e-08
1.64657,4.69923,15.1588,7.57009,-0.000459513
4.15533,2.46286,17.885,11.3395,-1.31052e-06
3.37117,3.69029,6.42461,4.51257,-1.66586e-05
2.18747,2.85767,15.6034,4.68496,-5.93654e-05
4.45454,2.8133,18.5703,7.08424,-0.00213498
4.46516,1.17432,26.046,2.92057,4.92746e-05
2.99614,2.53746,22.6073,3.66442,6.24812e-05
4.90727,4.63911,30.6012,5.25517,0.0893912
2.5464,3.99477,26.3622,3.68564,0.000323627
4.64459,4.81856,11.1938,11.0032,-2.06981e-06
3.07968,3.18865,30.1945,3.72959,0.003245
1.7715,1.81798,36.6268,8.78742,0.066212
3.3863,4.28191,16.3683,6.74685,-0.0015724
3.73561,1.75184,19.9266,2.23321,-6.1429e-09
1.46104,3.9118,36.9504,6.88987,0.485377
2.73576,4.99051,37.7981,5.25014,0.110211
2.52945,3.84638,28.1892,2.94976,0.000128122
1.0229,2.63099,17.5915,6.07349,-0.000218198
3.41038,3.23166,33.4994,3.24959,0.00436945
3.08071,1.0366,11.0348,4.86958,-3.46575e-05
4.90558,3.92218,8.09626,2.35439,-8.84061e-08
3.56534,3.74424,5.63169,5.88453,-0.000109333
2.47224,2.58427,3.14582,3.37832,-8.14859e-07
4.79371,2.22036,34.7789,2.95145,0.00250023
1.94802,3.71005,16.8591,10.2501,-1.27237e-05
2.87268,1.95806,8.4576,10.2097,-4.39557e-06
3.7871,1.50658,11.7894,3.93404,-1.18723e-05
3.12442,2.63724,29.3443,11.8525,3.10072e-06
3.80723,2.84665,34.6122,3.09367,0.00321512
3.20218,2.03727,36.9333,9.21525,0.0645184
3.19266,3.2716,11.1613,5.09901,-7.71796e-05
3.98531,3.03352,33.956,3.66084,0.0131253
2.65861,4.48048,31.0448,10.3073,0.00460005
4.97844,1.16074,29.3487,9.84232,0.00501974
1.56218,3.59118,15.9672,7.33779,-0.000605715
1.74027,2.25348,17.2603,2.94249,-1.42885e-06
4.21847,3.11335,29.271,8.52428,0.0428305
1.21716,3.97213,37.2044,8.62274,0.0653805
3.61102,2.62159,21.8598,6.57387,0.00352768
3.06848,2.30892,8.89334,6.53391,-0.000282859
3.56285,1.1935,3.343,5.99625,-6.39255e-05
4.84265,4.17316,14.7449,9.28351,-0.000130212
1.23267,4.02316,27.1546,6.75955,0.0192263
4.56846,3.70142,34.1057,4.81545,0.120718
4.29917,1.52978,7.16906,6.02583,-0.000148676
1.57836,4.30084,34.4348,7.88851,0.243218
2.3629,4.9584,20.9492,2.40123,2.89359e-07
4.29093,1.15053,6.81396,10.6226,-1.7079e-06
4.36013,1.3228,26.543,5.04534,0.0043723
1.11871,1.68111,4.81246,6.64667,-5.85824e-05
2.93014,3.36934,32.3069,7.84569,0.357458
4.90986,1.73724,6.01288,8.94255,-4.24731e-05
1.79035,4.80546,12.4885,10.8204,-1.64961e-06
1.65562,3.98418,10.3668,7.60787,-0.000188392
2.61951,4.05406,20.4101,6.72145,0.000563754
3.1573,2.47309,36.1778,11.8029,3.50038e-05
1.76865,2.28789,14.6913,4.24761,-1.88569e-05
4.02138,4.91437,5.87285,2.08823,-2.62336e-09
3.54179,3.05568,36.8585,6.63799,0.865418
2.83107,2.23408,20.7092,11.2375,1.0485e-06
4.45243,4.26465,38.4213,8.35168,0.229953
4.59755,1.61437,10.1267,8.38281,-0.000152917
2.48147,1.66055,19.4305,8.00969,-0.000193462
4.96939,4.56553,26.1036,3.5963,0.000477306
1.35243,1.18845,12.8708,9.01471,-2.63537e-05
3.56786,2.1573,39.0744,2.26463,3.10317e-05
3.93502,1.88473,10.1795,7.05561,-0.000639729
3.05296,2.00201,12.57,10.7524,-2.73716e-06
4.50183,3.91019,34.3597,5.47799,0.308149
4.53245,1.88283,1.29177,6.73076,-0.000173891
2.41839,1.45282,32.5021,6.64294,0.414207
3.17929,3.6134,13.5005,4.10224,-2.39003e-05
3.14517,4.36961,22.622,9.533,0.000328469
2.0452,2.57828,5.21502,10.0521,-2.91937e-06
4.90343,4.18189,8.77187,4.80492,-5.53831e-05
1.95111,4.42993,15.8319,5.18263,-0.00012609
3.5623,3.69266,34.8237,6.86779,1.22587
4.48185,1.46304,10.2211,10.1521,-9.07187e-06
4.26237,3.26861,36.1669,10.4831,0.0104498
4.12937,3.78484,39.4447,10.108,0.00775554
4.8873,1.17811,18.7763,4.86447,-0.000125184
4.10789,3.50455,39.5221,11.356,0.000267855
1.07362,2.5662,1.59573,9.38295,-3.07271e-06
2.37109,1.22466,30.8323,11.4484,9.04598e-05
3.68032,2.78204,9.23469,9.90405,-1.25942e-05
3.7916,1.00722,35.9145,5.36862,0.140882
1.51019,1.37247,13.5439,4.65662,-2.14639e-05
2.21797,2.447,5.09851,5.91987,-5.94528e-05
1.38102,2.44286,3.95082,9.92755,-2.07242e-06
2.14303,1.36224,23.9595,4.94487,0.000616376
1.31845,2.91294,5.10365,8.06663,-3.77022e-05
2.61905,4.88752,22.3172,8.80888,0.00070762
2.15526,1.43821,9.96285,7.84912,-0.000128635
4.08762,3.87831,9.39985,7.31419,-0.000546766
4.35364,3.55087,38.33,2.90676,0.00138601
4.47388,3.81471,12.7081,3.97525,-2.34169e-05
1.69065,4.58923,28.0005,5.56051,0.0102043
1.71493,2.46909,16.8206,6.77047,-0.000753545
2.8094,2.26505,18.6696,2.87018,-1.56054e-06
3.85597,3.70092,39.046,2.70578,0.000428132
1.29511,4.2569,10.667,9.82764,-7.0271e-06
4.04703,4.85364,33.8595,10.319,0.0152884
3.97586,4.94999,1.40549,5.44883,-4.29753e-05
4.31686,4.32904,17.1434,5.72346,-0.000663713
3.83447,1.90902,1.56815,2.95844,-3.11239e-07
3.43861,4.31692,23.2164,10.9899,2.21571e-05
4.43498,1.77998,3.15968,11.7125,-2.01899e-08
1.44137,4.54273,25.4184,5.02862,0.00123149
2.15998,4.71763,19.7789,2.49108,-7.58639e-08
4.30062,4.57707,13.2117,9.21066,-0.000100391
1.80074,3.92038,5.16661,7.32965,-0.000128832
3.1165,3.52403,13.8691,5.49577,-0.00021112
4.00021,3.02915,2.13085,11.9748,-1.11561e-10
4.26226,2.87776,30.0751,5.24565,0.0503569
2.13498,1.87492,19.5302,11.3288,-2.59855e-07
1.72076,3.34708,22.522,6.38956,0.00217106
1.36934,2.99508,32.4838,7.96957,0.147564
1.42221,1.53958,15.2269,4.26358,-1.48819e-05
2.64539,3.25388,6.0191,3.48113,-1.71084e-06
2.38423,1.11333,36.6047,9.65308,0.0193513
2.98255,3.74304,38.3566,8.78936,0.0861048
3.94277,3.3944,4.4231,3.98846,-5.86379e-06
2.78184,2.94676,6.07037,6.30272,-0.000140635
4.79581,4.48419,28.3139,11.3375,9.92706e-05
2.72736,4.36167,38.0109,10.4138,0.00591184
4.33038,1.45247,7.62249,8.72956,-5.92988e-05
2.3412,3.01778,15.7692,4.17867,-2.85465e-05
3.88346,1.29659,36.1112,8.83862,0.121436
2.60277,4.539,16.6984,7.86918,-0.000639663
2.02347,3.31263,26.584,7.59406,0.0157196
2.44055,2.26484,15.0751,9.33186,-5.53894e-05
4.8205,1.18379,16.0797,8.07411,-0.000567684
2.30751,2.21506,9.58966,11.184,-3.73157e-07
2.49551,3.44016,3.49078,4.17167,-4.60892e-06
3.98997,4.60764,4.46029,9.06516,-3.03342e-05
4.68594,3.19906,31.5381,5.79187,0.267714
1.69785,2.26919,6.26828,2.07371,-6.72199e-10
2.78081,2.37298,34.9493,10.0658,0.0148625
4.17718,4.6671,21.6909,5.87974,0.00184492
2.31651,1.70354,8.63427,10.2716,-3.05815e-06
1.00668,4.92517,9.42439,8.40343,-3.92742e-05
1.47723,2.22743,28.6588,2.93614,8.08573e-05
3.11311,3.52233,4.64291,6.40309,-0.000151676
2.1877,4.64542,28.4908,5.44528,0.0148301
2.67589,2.96799,10.9038,11.4942,-1.65755e-07
2.05212,3.32709,11.559,9.27294,-3.06513e-05
2.54543,3.62624,20.4335,7.19676,0.000619885
4.44533,4.19992,23.3847,10.8244,4.85699e-05
3.84494,1.10469,26.4758,5.91346,0.0109096
2.38593,3.0204,34.3308,6.94961,0.851109
1.69109,4.4998,36.845,8.23665,0.162622
4.14852,3.41203,29.5594,11.1654,0.000310683
4.65083,1.95723,26.5861,8.15489,0.0160988
2.98207,3.91957,9.65164,4.74741,-3.4898e-05
3.11161,3.79384,39.5782,11.1089,0.000482964
4.39681,4.14227,19.5786,11.3504,-5.52245e-07
1.74772,3.04464,19.745,11.8491,-4.33139e-09
3.30972,4.58667,30.0432,11.1746,0.000341752
4.9172,1.28855,31.6578,3.27137,0.00309667
2.57379,4.54283,16.1678,9.67178,-4.70416e-05
4.05164,4.68458,10.8306,11.8659,-1.33515e-08
2.8463,4.98593,22.644,4.27465,0.000222693
1.72114,1.2386,6.08833,10.4824,-8.81837e-07
1.16482,3.10884,31.4843,9.62672,0.00831288
1.34742,4.58978,26.1091,6.62637,0.0114717
1.93343,4.41914,13.5241,9.42111,-3.41302e-05
4.99694,2.80462,32.5423,3.55583,0.0109649
2.88757,3.61499,2.1072,8.87128,-2.05909e-05
3.22032,3.96057,8.13056,10.159,-6.25726e-06
2.85778,4.09854,7.37884,3.09957,-9.15222e-07
3.98746,3.63284,23.7229,5.44087,0.00282462
3.77529,1.7356,30.1987,6.70372,0.241265
4.62804,4.40506,3.75474,5.28862,-5.27204e-05
4.4063,1.15236,2.00927,3.46019,-1.13298e-06
2.80327,2.80171,39.4038,9.06933,0.0286913
3.74757,3.51835,13.7771,10.1487,-1.83535e-05
4.29286,2.16771,16.1006,3.32263,-8.67161e-06
4.86994,3.57416,18.1344,2.54738,-1.01268e-06
4.771,3.7973,27.4459,10.7954,0.000333485
3.42793,1.92332,12.0964,2.01798,-1.78592e-10
2.62614,2.06202,9.90499,9.62721,-1.4812e-05
1.25598,3.10769,12.9708,8.25865,-9.68161e-05
2.7621,2.55547,3.57924,8.80133,-2.39519e-05
2.11652,3.04316,32.2778,9.67736,0.0190891
2.74763,2.74591,21.1741,8.97408,0.000220791
1.26947,2.9486,8.35205,6.20104,-7.92968e-05
1.31184,1.77982,9.31934,9.97159,-3.49869e-06
2.55233,1.14866,7.90307,5.43599,-4.11589e-05
4.69974,3.5274,30.2832,11.8019,1.67369e-05
3.80066,3.91191,36.1565,3.23185,0.00493447
3.29836,4.55837,6.76501,9.35751,-2.19362e-05
3.82887,1.6627,5.41182,5.65608,-6.76832e-05
3.49395,3.23071,14.6207,10.7686,-4.94091e-06
1.49987,3.38487,27.0817,4.56158,0.00126188
3.51423,4.95693,27.2101,4.68486,0.00412435
3.06823,2.01433,5.38135,11.4969,-7.35258e-08
4.1087,1.07062,13.7111,2.69807,-6.53668e-07
2.03737,3.0913,14.2639,10.4679,-5.44606e-06
1.61422,3.39403,21.5698,11.1615,2.24061e-06
3.85687,3.09362,19.8697,3.94745,-4.49591e-06
2.91456,3.71791,11.4651,4.34677,-2.37599e-05
3.25913,4.56027,38.0347,2.80163,0.000875268
2.64201,4.15299,23.443,11.6024,1.61715e-06
4.23805,1.01248,10.6466,8.17397,-0.000162755
3.32147,4.14714,1.83945,5.28976,-2.95321e-05
4.62641,2.50712,22.7431,2.97091,1.86325e-05
2.86699,3.17011,8.17913,8.59803,-6.54365e-05
2.08272,1.0785,24.7048,9.61535,0.000306092
2.98647,4.75851,20.469,5.64279,0.000218012
1.73441,2.70329,8.06202,5.40937,-3.77294e-05
3.36908,4.59324,16.3963,3.01953,-3.8166e-06
2.80961,3.8265,6.77064,8.68928,-4.81589e-05
1.92203,4.53636,6.43946,3.62487,-1.93245e-06
4.89858,2.56636,30.9028,7.24393,0.569702
4.21487,2.29708,35.7046,7.18853,1.21021
3.80685,3.60898,37.5637,7.68064,0.592622
1.57608,4.54387,8.02399,11.5,-6.62749e-08
2.08311,4.50167,35.365,7.8082,0.355811
2.92882,4.48982,21.3955,6.95983,0.00338297
1.69939,1.29457,5.92933,5.03507,-1.25082e-05
1.39154,2.11748,37.9144,11.1863,0.000337598
2.42307,2.3149,29.0996,8.65511,0.0172207
2.08109,2.47333,36.3615,2.83342,0.000756745
1.81575,2.11288,14.2952,6.79368,-0.000531534
2.58863,4.25261,10.5153,4.72898,-3.43529e-05
1.71959,4.91931,9.95387,3.07088,-7.77193e-07
3.92136,1.12525,30.87,6.8563,0.365438
4.19131,4.55163,22.0299,7.41633,0.00524216
2.6881,3.43544,9.36154,4.03931,-8.90728e-06
4.76342,1.09872,1.37141,2.23912,-9.39799e-09
1.60872,1.34806,8.50163,7.92828,-6.78767e-05
2.73464,1.40337,28.8949,9.99621,0.00173775
3.77925,4.10966,20.3236,10.1858,1.0109e-05
1.94516,2.39384,36.9107,6.87666,0.567665
2.26996,4.15124,21.3527,5.81167,0.000684036
1.52205,3.87905,1.83544,10.3087,-9.38838e-07
1.06955,1.06393,21.5875,9.39008,4.65589e-05
3.09012,3.90756,29.2529,8.89796,0.0195337
4.1421,4.96585,22.2313,11.4966,2.53664e-06
1.3077,2.04518,27.3911,8.65013,0.00356313
1.59143,3.53781,14.9397,11.1005,-9.51582e-07
3.33633,4.48405,4.15609,7.97098,-0.000103828
4.67447,3.16705,4.07631,6.87949,-0.000343825
3.37439,3.30395,10.6386,11.9951,-1.19194e-11
2.85573,3.78759,24.5626,9.57847,0.000641147
4.64802,3.36867,24.6252,3.79287,0.000333956
4.38797,1.08531,21.3326,7.66035,0.0015702
3.2712,3.99905,22.2666,10.3801,5.74427e-05
2.59811,3.44727,9.2495,3.2178,-1.45248e-06
3.00081,1.99513,21.7939,4.93843,0.000325192
1.03241,4.31217,5.64371,4.95211,-9.31594e-06
3.72541,1.03198,2.22513,5.72287,-3.87402e-05
4.20648,2.40483,12.7094,9.08887,-9.29206e-05
2.42716,3.67964,25.5692,7.0666,0.0215007
2.84836,4.36593,4.56322,7.8299,-0.000109911
2.75786,3.23501,32.8128,11.127,0.00111846
2.81198,4.76877,36.804,7.32102,0.792593
4.61236,4.42143,6.44561,7.27913,-0.000424583
2.82008,1.87359,15.9748,8.6088,-0.000198201
4.52294,1.94329,34.3463,4.52125,0.0633745
3.32844,2.99215,6.94783,3.94204,-6.21114e-06
1.44806,4.78585,10.3374,4.61964,-1.60784e-05
1.14806,2.61038,26.0791,2.03342,9.60598e-09
2.28124,1.95373,29.4937,8.45641,0.0252647
2.69149,4.39605,2.97706,9.39235,-1.01727e-05
3.59338,1.51366,33.1593,7.51109,0.598033
1.12697,1.96896,16.8024,5.92852,-0.000177737
2.39578,3.05696,10.0331,2.14446,-7.43549e-09
1.15513,2.29074,28.6215,2.3789,6.00328e-06
3.94685,4.7533,2.02665,2.41348,-4.71489e-08
4.28982,4.58112,11.2798,10.799,-3.37213e-06
1.00685,4.58067,1.63552,4.72035,-3.88215e-06
4.82,3.76492,25.5388,11.3997,1.95475e-05
2.77603,4.19579,26.3748,5.63361,0.00814256
3.56023,4.84433,25.0542,4.18222,0.000683287
4.29351,3.79343,17.1418,6.66068,-0.00191478
1.47234,2.06688,12.1594,2.39602,-5.59554e-08
3.38041,4.14432,9.57063,3.39275,-3.16873e-06
1.46973,4.17867,21.2176,5.37291,0.000220775
2.80157,3.09377,5.65678,8.87288,-3.03601e-05
3.76931,1.28804,2.52566,10.5583,-1.04054e-06
2.86957,3.23405,37.3916,9.70855,0.0272796
4.21449,3.47755,26.3758,7.86641,0.0220053
1.71679,2.98103,11.1734,10.529,-2.32046e-06
1.98437,2.95913,21.1857,9.16294,0.000124463
2.07677,1.18236,31.6819,10.987,0.000636135
1.26474,2.52451,25.4549,2.41625,1.80464e-06
3.03551,1.14004,25.1838,7.74235,0.00744259
4.2771,3.91977,7.72212,5.60814,-0.000125521
4.47655,4.2234,22.4513,10.7259,3.98985e-05
3.24601,3.92212,24.0218,10.9703,3.09054e-05
4.43426,3.47064,5.80603,2.66581,-2.67853e-07
2.067,4.19607,36.8722,11.9605,8.48525e-07
2.74228,3.13784,25.5266,2.63636,1.23496e-05
1.18409,4.31416,18.6823,9.88741,-1.38128e-05
2.88398,3.85137,25.0165,2.53232,6.92707e-06
4.67725,3.26042,19.386,9.75316,-3.8752e-05
2.26198,3.39588,20.1618,8.29383,5.36805e-05
4.27763,1.5881,24.9705,7.70232,0.0115573
4.45736,1.67541,29.1203,11.4282,7.61257e-05
4.39583,4.57024,32.2153,10.9492,0.00280712
3.66749,2.35051,22.3254,5.57647,0.00141549
4.39029,4.31697,5.33921,7.98982,-0.000155094
2.07406,2.09206,25.2359,3.33157,6.17102e-05
2.22969,1.9303,18.1359,10.0103,-1.93346e-05
3.606,3.84144,14.1487,2.10582,-1.22814e-08
4.61776,4.62375,11.14,3.55334,-8.18342e-06
1.40687,4.15539,28.8752,3.02208,0.000131375
4.90297,1.28784,4.57369,11.4934,-9.04299e-08
3.73216,2.82032,11.0138,10.3561,-7.06267e-06
4.83943,4.42704,7.67466,6.38614,-0.000369005
4.69567,3.89153,23.6609,4.15912,0.000461079
4.3056,1.85806,19.5841,11.0183,-1.34889e-06
4.18389,2.24045,15.7856,2.98917,-3.35169e-06
4.03643,3.71916,25.8046,10.024,0.000698255
1.11102,3.53526,11.0887,2.25076,-1.4174e-08
4.40124,1.90643,5.54041,4.0349,-7.03189e-06
1.62261,4.44788,33.111,5.98378,0.203193
4.06649,3.76754,24.2089,3.07255,4.69193e-05
2.97974,2.23461,10.8556,6.68018,-0.000434687
1.8677,2.1892,38.7676,2.5296,0.000100221
4.53786,4.63875,21.1157,6.79159,0.00338319
1.21472,4.54362,29.8056,7.80444,0.0449564
2.32944,1.45779,28.7345,2.29911,6.33721e-06
3.1533,2.57562,2.10013,10.0068,-3.29194e-06
1.96586,1.99003,29.7204,2.64291,6.90119e-05
3.7751,4.6966,18.9708,10.3966,-1.42994e-05
3.93429,3.35696,17.3309,7.18874,-0.00201941
1.79565,1.34036,1.2867,7.03517,-7.68353e-05
3.83919,1.93492,5.81418,7.99164,-0.000117213
4.16745,2.29514,37.6792,6.15152,0.459731
2.99223,1.23108,12.4919,11.1775,-6.40451e-07
4.63936,3.99102,35.0698,2.91472,0.00250607
2.79856,1.63266,10.3157,6.11075,-0.000177256
2.09939,3.64556,21.7797,7.06532,0.00306995
3.54579,3.19752,29.3908,7.53912,0.128496
3.49513,1.61318,38.713,11.4148,0.000223667
4.53992,3.57849,36.2527,8.42331,0.343285
4.18293,3.55937,35.1579,10.2622,0.0168621
3.44611,3.3383,26.401,6.74202,0.0354855
3.79576,1.04532,28.0368,4.69964,0.00427397
4.52786,4.60948,14.2058,5.5598,-0.000373577
3.76054,3.535,38.3249,10.6331,0.00416833
1.65906,1.91451,38.2999,2.46651,7.83777e-05
1.57127,4.80338,19.7922,2.41484,-3.46119e-08
1.75276,3.79577,1.71813,7.72676,-5.18556e-05
3.76847,3.17902,17.1632,3.53302,-1.5382e-05
1.36811,1.85426,17.5118,3.37989,-3.40326e-06
3.45112,1.54839,28.4788,11.7299,6.607e-06
4.09657,3.69722,19.6831,7.43253,-0.000468831
2.8353,1.68562,32.5095,2.20511,2.55927e-05
3.33127,2.39781,34.665,10.6362,0.00534641
4.82526,1.06642,6.93373,10.8215,-1.15012e-06
1.68141,4.17509,32.534,10.8563,0.00149643
1.1984,4.18456,3.22568,6.79346,-7.68453e-05
3.06731,2.0422,17.9375,4.37874,-5.51765e-05
3.10359,4.761,20.6854,9.42149,7.57549e-05
1.51767,4.86645,34.2378,3.36073,0.00283758
4.93537,1.38283,21.7381,3.67347,5.00443e-05
2.27632,4.39366,31.7916,6.31544,0.291664
4.00558,2.1964,29.5079,11.7985,8.16896e-06
4.64411,3.30164,6.2694,8.75198,-6.58873e-05
3.20128,4.67831,4.96397,7.22439,-0.000257573
3.00486,3.62945,27.9357,7.10136,0.0787651
3.16898,1.82486,21.1559,6.6706,0.00170423
2.06176,4.81489,14.4611,3.54285,-6.40325e-06
3.71658,1.93736,18.5953,3.02186,-3.20466e-06
3.02652,3.9639,19.6336,4.08387,-1.26155e-05
1.09481,1.46657,1.29256,10.3202,-4.62088e-07
2.59182,3.31891,25.6548,8.79136,0.00296989
2.56135,2.84286,16.8854,6.10591,-0.000561784
4.72534,4.71352,30.3196,4.24748,0.0153853
1.61256,1.59415,8.20011,4.80111,-1.2651e-05
1.50717,1.14119,7.34095,5.15796,-1.52399e-05
2.50289,2.75451,17.31,2.21082,-5.39848e-08
4.60766,1.79444,6.71353,8.61717,-6.999e-05
4.70434,3.50562,10.2522,9.35017,-5.08276e-05
2.61077,4.01971,21.0194,4.26112,5.78462e-05
4.63405,1.10152,2.98834,5.25808,-2.95443e-05
3.13648,4.81709,39.9201,11.0016,0.000575194
1.60533,3.42373,3.74404,2.70892,-8.69288e-08
3.00021,3.85654,31.4964,11.0962,0.000886659
2.75307,1.94757,34.8616,5.35176,0.132109
1.58883,1.42198,6.96009,6.62833,-0.000102608
2.18547,2.50677,20.0771,10.0033,1.65358e-06
1.00461,4.1001,34.2977,4.28972,0.0116468
4.04825,2.90884,28.3678,3.75048,0.00149159
2.3022,2.09892,25.8329,8.63111,0.00313261
1.58932,4.40176,21.2187,4.28023,4.58709e-05
4.85609,2.05456,25.0914,6.44978,0.0179597
3.8658,1.53336,11.2238,7.29529,-0.000538989
4.08962,2.90276,5.07917,4.56943,-1.74197e-05
2.49543,2.48056,30.4777,11.8447,5.38183e-06
2.30429,4.13436,27.3012,7.87637,0.019153
4.96002,3.92012,37.9129,8.32876,0.321503
4.03349,3.87791,9.10785,10.6766,-2.94328e-06
1.73033,3.99382,36.3974,10.7703,0.0022216
3.85923,4.28699,4.15989,4.40007,-1.20385e-05
3.09844,2.04643,33.0706,9.03926,0.0813935
4.78076,4.54625,28.7941,4.00151,0.00400872
1.3806,1.13651,14.9817,8.54349,-7.36699e-05
1.21481,3.56232,21.5093,5.60594,0.000312537
1.8345,3.30106,13.7433,3.45602,-3.83144e-06
4.03354,2.79724,21.4768,3.72895,4.75097e-05
4.20876,4.20231,23.3305,7.33765,0.0111289
4.3476,4.38266,5.47873,7.98665,-0.000157551
3.02194,1.61102,30.2928,11.7013,2.15064e-05
3.03825,4.66043,18.9585,4.45334,-5.64335e-05
2.74606,2.81048,17.5274,4.50761,-6.82072e-05
2.03944,1.10355,15.3073,5.5505,-0.000128334
2.91799,2.9114,31.4923,10.7159,0.00231717
1.9215,3.89223,6.81448,3.62539,-1.97982e-06
2.92104,1.24088,29.0861,6.81288,0.0938007
4.23807,1.82282,17.669,7.8906,-0.000839607
2.84711,2.02889,15.2651,2.6398,-6.111e-07
1.46414,4.85459,2.39615,11.4501,-3.70642e-08
4.63132,1.28751,28.2085,4.52749,0.00479299
4.12428,1.53409,19.233,8.95052,-0.000114013
1.55078,4.04888,39.94,7.33698,0.110355
3.30368,3.83506,10.3649,6.32505,-0.000345723
4.86892,1.96233,35.6343,6.43667,0.888918
2.38541,1.97244,8.98768,9.32751,-1.86711e-05
1.3305,2.24318,15.82,10.3748,-5.1716e-06
4.3898,1.03544,30.1969,8.66805,0.0430961
4.76049,2.45367,11.7478,2.93962,-1.68271e-06
2.98319,4.32147,25.4058,10.3888,0.000215804
2.17752,4.68255,20.7859,10.2055,1.54126e-05
2.54081,2.10651,11.1781,2.41093,-8.98965e-08
4.49777,2.8666,18.7225,8.9103,-0.000224784
4.1789,2.72397,5.77303,11.9687,-2.81867e-10
3.48907,1.95837,7.67155,6.51486,-0.000248925
3.3147,2.23543,36.8194,8.93236,0.106046
3.7037,1.21124,27.7047,7.39058,0.044403
3.86424,1.86617,24.9381,6.97922,0.0226902
3.93853,1.3936,18.3003,2.12888,-2.18447e-08
1.81484,1.49073,30.7098,6.22683,0.087637
2.2494,4.45048,4.7544,8.23801,-5.44754e-05
4.13143,1.24124,31.1611,10.9214,0.00120054
2.98314,2.51106,35.5712,5.80266,0.278533
1.04837,3.67128,30.054,5.60561,0.0209725
4.43979,4.52063,20.7835,5.01868,0.000244663
3.16722,1.07154,27.4901,3.45891,0.000273558
1.83991,1.6393,24.1736,9.11334,0.000572394
4.84138,3.40747,36.9355,7.73328,0.796191
4.27827,4.59779,36.4198,5.81472,0.456675
4.19846,1.95622,26.6604,4.224,0.00140764
3.45245,4.68189,15.1981,7.56459,-0.00097519
4.06259,4.38539,27.435,8.58843,0.0149121
2.44821,3.26073,30.5952,10.2799,0.00323564
2.38384,4.09325,6.11409,11.3853,-1.26243e-07
1.00973,3.59761,23.4402,9.69127,0.000114887
4.99216,4.82019,3.06698,6.74511,-0.000306117
1.38446,2.55863,34.8962,10.1302,0.00668141
4.84347,3.91028,31.4609,4.48855,0.0435275
1.98362,3.90064,25.4765,4.32836,0.000563746
1.66318,4.15662,38.3724,8.09092,0.121294
4.66265,2.95846,1.13859,3.57741,-1.95529e-06
1.42474,4.54014,1.52112,9.80947,-2.25795e-06
3.84531,4.85538,19.4471,2.0592,-2.92191e-09
1.56507,1.88959,9.71857,9.32365,-1.36077e-05
3.30003,1.0046,28.5128,3.20457,0.000256817
3.30923,4.94989,16.8133,7.77767,-0.000929138
3.15848,2.18225,25.8714,5.00182,0.002644
3.98491,3.44425,30.3581,9.64706,0.0149438
4.33119,4.17281,29.3259,11.7019,2.24099e-05
1.24791,3.25867,38.5001,7.92041,0.0998197
2.25759,3.53865,37.9324,4.2288,0.0166973
1.62794,3.71176,20.2557,10.9904,4.95411e-07
1.29951,4.48762,21.794,8.1725,0.000575607
1.98056,2.93686,38.2041,3.05257,0.000984504
4.21594,2.13053,12.4284,10.7148,-4.13344e-06
1.15663,4.89424,26.526,4.36599,0.000583119
3.40209,2.02092,6.62187,8.83069,-3.9597e-05
2.78713,3.69894,6.28287,5.55574,-6.14664e-05
4.49389,4.69291,37.3491,3.447,0.00887589
4.25616,4.4149,9.28736,5.65978,-0.000172969
1.87327,3.18265,25.192,7.62936,0.00748641
4.4102,1.49946,34.6952,2.8471,0.00143817
2.86108,1.9922,23.6437,6.98908,0.0100431
4.75369,2.81498,20.5337,10.7918,5.19172e-06
1.66463,3.26742,23.6245,6.56572,0.00428289
3.42993,1.76789,12.2769,8.07027,-0.000249875
2.13271,1.11718,20.1029,4.19521,2.2934e-06
3.3935,4.73773,3.01221,6.43731,-0.00014772
3.50457,2.92043,7.67279,10.8465,-1.25574e-06
2.19226,4.20372,26.9287,3.12981,9.9594e-05
4.47957,1.35125,11.5584,11.5241,-2.04524e-07
4.25131,4.94665,22.2271,5.72626,0.0022277
1.4702,1.6153,3.80738,10.4261,-7.02216e-07
3.42392,4.91746,32.4059,2.30616,9.78955e-05
2.10859,3.31437,36.0183,6.98184,0.791065
2.64481,2.02443,38.0042,10.2324,0.00689914
1.11244,2.67314,36.2337,6.09801,0.149675
3.53259,1.63031,37.7224,9.82943,0.0201459
2.58121,4.11538,4.12487,6.98922,-0.000226014
4.51369,2.44634,16.5667,4.40505,-8.55139e-05
3.42952,4.26034,34.7192,4.39824,0.0481925
3.50674,3.85239,24.2341,7.52213,0.0110203
2.92128,4.90566,22.4568,2.92467,1.02212e-05
3.23487,1.28977,21.3205,8.08499,0.000751598
1.90973,3.77658,10.6785,2.47789,-1.04715e-07
3.37325,3.67051,12.0324,10.5175,-5.6772e-06
2.80405,3.28642,19.9825,6.81274,-2.43159e-05
2.22311,4.69055,8.04935,4.10307,-7.21568e-06
3.16985,1.58574,38.6978,10.0762,0.00748373
4.13801,2.45415,8.48105,2.05935,-1.4766e-09
3.81337,4.449,3.197,6.98956,-0.000301132
1.34725,2.6464,6.47723,9.62922,-4.89447e-06
2.7139,3.96139,11.8293,4.04442,-1.39896e-05
2.05738,4.06915,9.02428,3.95443,-5.72365e-06
1.08641,3.94583,28.6471,9.63409,0.00155478
4.41519,2.12793,26.8416,9.56878,0.00235825
4.27171,1.5553,2.80599,5.74948,-5.91383e-05
2.39091,4.53365,28.525,10.4677,0.000667573
1.27997,2.97093,18.102,2.10951,-6.6755e-09
1.55824,3.17902,19.3986,6.25838,-0.00021224
2.30684,2.50325,27.6776,6.10503,0.0201318
1.87171,2.80235,38.0969,7.78429,0.202815
2.64096,1.9703,30.3219,2.37137,3.41346e-05
2.86662,1.3681,21.5087,5.50689,0.000479218
2.29103,3.17724,10.7533,6.10838,-0.000190565
1.887,2.26325,30.3209,8.30368,0.0439931
4.91757,3.63149,32.2942,4.89541,0.115438
2.2252,1.93281,11.5135,9.92944,-9.41525e-06
1.31688,3.24148,8.80947,3.82854,-2.64696e-06
4.57126,2.28544,7.56018,7.32399,-0.000401308
1.72173,2.12324,36.3915,8.24641,0.141119
1.00664,3.54427,24.0375,8.40205,0.000997493
2.74128,1.89315,23.7625,2.22638,4.29473e-07
4.89813,4.73582,28.6577,2.56057,8.04317e-05
1.04693,2.04692,8.23397,8.33536,-3.00509e-05
3.74573,3.32825,32.1312,5.80596,0.282176
1.56025,2.41474,5.38245,8.62811,-2.13975e-05
1.97299,2.8839,28.0238,7.1568,0.0484825
2.55458,1.32567,21.7969,4.30767,8.73462e-05
1.40176,4.931,33.7311,5.75967,0.142395
3.39271,4.75087,36.6181,4.32447,0.0415223
2.07632,4.95739,9.91388,9.12463,-3.21162e-05
3.24642,3.752,19.8017,7.14876,-0.000325717
4.48432,4.34091,23.5506,6.46242,0.0105877
3.18074,4.42596,38.0677,6.45815,0.507975
4.18535,3.06999,10.9931,2.46467,-2.15206e-07
3.67632,2.98366,16.8185,11.599,-3.41481e-07
1.90418,2.96974,17.4584,5.3139,-0.000159157
4.61257,2.82392,8.05898,11.5779,-1.16082e-07
4.66747,2.47043,35.5029,5.70229,0.382324
4.28371,2.66799,19.4319,6.84653,-0.00101068
3.4568,4.81565,35.4596,3.06849,0.00304532
1.71314,1.53558,2.02522,9.7564,-2.33958e-06
1.83358,4.50696,10.0816,2.17961,-9.96981e-09
3.82907,1.02965,19.4371,11.3706,-3.56587e-07
4.21154,1.77054,29.5664,11.4684,7.94777e-05
2.56049,1.35141,27.781,9.68869,0.00150629
4.09617,2.58548,27.4641,10.0027,0.00146836
4.69315,3.6635,14.485,7.63834,-0.00102926
4.61738,4.70823,23.0732,11.9243,6.45102e-08
4.70465,1.78108,25.2056,2.07736,1.33538e-07
4.91634,2.54092,31.5589,7.13328,0.905834
2.51325,4.47477,22.3387,3.62517,4.75235e-05
4.0103,2.2513,9.32708,5.57081,-0.000124145
3.98489,4.70003,35.737,5.02237,0.15011
2.84784,4.74931,39.6332,8.47733,0.0649757
2.26154,2.84342,7.50073,9.60929,-1.00219e-05
4.80657,2.65575,39.2495,4.97128,0.0563749
3.16429,1.10168,29.1974,3.90885,0.00179813
3.27976,3.14872,23.2525,5.89626,0.00327032
3.56,2.46259,18.3966,9.85485,-4.21493e-05
4.79116,4.85338,1.03341,9.72408,-8.41504e-06
1.73179,2.05215,1.55744,5.8666,-2.6323e-05
4.75562,3.77878,30.0223,8.95387,0.0437261
4.72601,1.53635,20.6137,5.43629,0.000260561
2.56138,2.36258,16.2216,10.1438,-1.71399e-05
1.33535,3.26697,37.7493,11.066,0.000570237
2.58157,1.69954,19.7343,9.73051,-8.80338e-06
4.11148,1.6016,9.9453,5.38175,-9.70545e-05
2.86855,3.89523,29.4508,10.0639,0.0030286
2.34813,4.2621,30.0427,5.85629,0.0660165
4.34366,4.82214,9.57935,7.56622,-0.00047329
1.59127,4.32126,14.6053,11.807,-2.17925e-08
1.53827,3.01299,39.8509,10.6682,0.000645591
2.95746,2.02949,36.5663,4.68753,0.0532074
1.8736,1.78335,34.9464,9.03592,0.0504468
1.62667,4.29925,3.37659,2.56398,-4.8539e-08
4.8525,1.79102,26.5669,2.21878,2.31818e-06
1.14826,3.08526,17.4225,4.86533,-5.09588e-05
3.29046,4.20108,27.9084,10.809,0.000287404
3.82385,3.30705,7.37134,4.32494,-1.5447e-05
3.44024,1.64219,34.6352,3.46137,0.0060989
3.12572,2.46588,3.95696,4.87262,-1.75722e-05
1.73187,1.75328,3.31865,4.95601,-9.09057e-06
1.0884,1.58922,10.1359,9.00228,-1.54113e-05
2.14392,1.02765,32.0459,5.85757,0.11003
1.41703,3.91922,21.6836,7.93161,0.000756573
2.67198,2.4501,30.2155,4.9272,0.0208509
4.61227,2.72188,12.4975,2.0135,-1.60607e-10
4.52983,1.45013,1.36471,7.14417,-0.000180945
4.08383,4.5328,9.92876,7.46173,-0.000521908
4.22411,4.19716,31.8006,3.42614,0.00589018
3.96674,2.58215,39.6195,6.90061,0.39463
1.86916,3.01415,23.6431,9.05832,0.00060819
4.81003,1.40616,26.6241,3.75477,0.000580766
4.37279,4.17756,9.93655,5.64924,-0.000192129
4.60258,3.93542,29.6818,7.02716,0.356849
2.87103,2.67661,28.5941,6.35447,0.0557021
4.76113,2.65721,12.0243,9.57275,-4.50245e-05
3.50273,4.58958,4.95992,3.9847,-5.9023e-06
3.0248,3.79735,21.5593,7.10181,0.00364289
4.80818,2.39918,11.7221,3.47229,-6.73696e-06
3.11905,1.40461,16.5668,7.34733,-0.000967296
4.60546,3.50099,35.2692,11.0511,0.0026888
4.00464,1.14848,9.95477,9.58365,-1.94366e-05
3.17153,3.513,36.4231,8.03052,0.387925
2.51308,2.86128,27.2101,2.60082,2.06208e-05
4.14576,1.90525,15.4304,6.31603,-0.00084673
4.17704,3.96512,32.4179,4.05147,0.0258153
3.89395,2.94896,21.6803,6.32833,0.00262929
3.56386,1.92995,19.2565,5.19248,-0.000128319
1.65307,1.09208,27.4232,3.29596,9.48108e-05
3.01287,2.20903,17.4843,6.22241,-0.000726966
3.82096,3.02013,22.3793,8.64011,0.00122093
3.11659,2.79711,23.0519,2.99252,1.60303e-05
1.55945,3.97938,21.5186,5.04684,0.000192805
3.31254,1.84367,3.91514,2.08273,-1.13671e-09
1.98472,4.39155,7.54128,11.3643,-1.42359e-07
2.1017,2.18499,28.1176,10.6155,0.000281023
2.62039,2.97741,30.3818,3.03062,0.0005723
2.66069,1.86163,39.6334,3.90022,0.00372909
4.05066,2.63519,38.364,11.5253,0.000214063
4.3392,2.33228,34.0763,7.82973,0.616073
1.7719,2.6055,6.86747,6.40687,-0.000109045
2.00762,1.29067,19.9531,5.01288,-3.72301e-06
3.88502,1.06257,25.4176,10.0063,0.000383983
4.33534,2.13488,5.7145,2.92196,-5.54506e-07
1.75019,3.65729,24.227,3.67397,8.50621e-05
4.57318,3.69596,23.1701,7.94342,0.00552746
2.51377,1.64967,21.3593,6.33,0.00109049
3.94576,3.52752,20.0067,3.53843,1.10238e-07
3.04445,4,33.5871,5.5918,0.238499
4.53908,1.32099,18.9443,5.11421,-0.000161399
1.30302,1.55581,9.04326,7.74331,-7.85838e-05
2.05544,2.29578,22.6037,9.42953,0.000215253
3.99286,4.15296,3.27743,7.02582,-0.000309586
1.29376,3.43965,3.68736,3.47547,-6.14034e-07
2.81082,3.85992,24.2796,6.54101,0.0096537
3.99757,2.51959,17.7337,11.8409,-4.55725e-08
4.70003,2.15938,14.8616,7.40285,-0.00124173
4.32743,3.06874,11.133,5.05112,-9.57276e-05
3.80631,1.05682,8.34303,3.7388,-4.0055e-06
2.01412,2.70109,6.68559,9.33746,-1.21644e-05
3.00043,4.85397,23.946,2.51285,4.37279e-06
3.70938,1.07832,8.29841,11.7943,-1.30603e-08
2.16702,3.61319,37.5489,3.45132,0.00390754
2.96924,1.93317,31.3985,3.83905,0.00671694
4.18062,3.78571,10.3158,6.14107,-0.000350039
1.04555,4.8208,20.5523,9.79925,1.064e-05
1.75125,1.05796,2.48186,5.55213,-1.52708e-05
1.46508,2.89683,39.3,10.8404,0.000548225
2.70446,3.9538,36.2307,5.81797,0.284124
2.22898,2.7217,25.1464,8.96528,0.00152677
4.49508,3.04222,23.3096,5.12422,0.00164683
4.32554,1.46837,6.91746,2.42643,-7.61494e-08
2.95702,3.85731,3.95332,4.03846,-4.66777e-06
2.45269,1.90522,24.8151,6.71184,0.0104574
3.85583,3.09607,19.6178,2.91578,-1.06668e-06
4.61649,1.82017,36.5636,9.1591,0.101231
3.31684,3.51955,36.5845,9.84269,0.0286831
1.40136,3.66995,10.1386,3.11945,-7.0512e-07
3.17336,2.42779,12.4612,5.22372,-0.000105496
3.75666,3.1174,6.0324,4.10434,-8.41266e-06
2.3427,4.41426,3.34517,7.07936,-0.000175571
2.51689,1.88556,15.6116,9.28525,-6.31893e-05
3.35006,2.10492,28.3018,8.00354,0.0339153
1.82438,2.38128,5.22834,9.47224,-7.01959e-06
3.56961,3.67862,12.5491,5.58957,-0.000218736
1.18212,2.12493,7.39351,3.21105,-4.31502e-07
4.98822,4.66247,18.0971,9.58396,-0.00011515
4.20306,3.97419,35.7829,2.16619,3.63137e-05
2.43172,2.41871,26.5558,9.10197,0.00245586
3.66651,1.20178,5.9749,5.86702,-7.97637e-05
3.12945,4.52471,5.02562,8.06567,-9.75458e-05
3.15009,4.71357,3.09852,6.73507,-0.000191148
4.67577,3.19933,30.7665,7.27034,0.517626
2.14687,4.80022,22.1213,6.72993,0.00335433
2.91519,2.3352,7.08788,11.4397,-1.21631e-07
1.90829,2.31686,32.5703,5.29472,0.0762578
4.44141,4.13123,11.1593,7.87262,-0.000427629
3.56707,4.90459,23.6295,8.48601,0.00283205
4.59396,1.92905,11.3653,8.9566,-9.12258e-05
4.45928,4.18672,12.3155,6.08585,-0.000498667
1.71931,4.59233,12.9406,6.24044,-0.000261308
3.48105,3.19707,22.5164,9.16749,0.000571976
4.52027,2.749,27.7773,6.39122,0.0592542
2.85686,2.70927,27.6969,5.69118,0.0154902
1.85811,4.70234,1.65085,3.25321,-4.30035e-07
2.15155,3.39297,18.2206,5.17056,-0.000144653
2.88251,4.81814,22.9559,8.75296,0.00117092
1.50366,3.14525,31.1158,5.77706,0.0674848
4.33633,4.07192,36.7119,10.2856,0.0164321
1.94756,4.00872,36.157,7.03516,0.74566
3.26974,2.67715,2.73957,2.44178,-4.40776e-08
2.41301,4.32509,1.89448,5.97401,-5.26074e-05
2.00223,4.07956,16.502,5.13476,-0.000130466
2.59085,3.23835,16.4115,2.14015,-2.2193e-08
4.00104,1.02569,32.842,3.15979,0.0024936
2.68681,3.4463,9.90397,8.59023,-8.23815e-05
2.18769,2.71975,8.24103,2.76944,-2.59865e-07
4.67223,2.8519,10.5991,11.9437,-2.17368e-09
2.26613,2.4612,23.7938,4.0825,0.000183503
2.08552,4.54962,17.89,4.38554,-4.65153e-05
4.36675,3.91996,39.559,11.767,2.50439e-05
1.17833,3.11215,10.2164,4.04495,-4.41305e-06
1.85659,4.38616,20.8631,4.77983,7.98051e-05
2.33798,3.55216,26.9741,6.29529,0.0195845
3.02223,2.23727,1.29307,4.79653,-1.05863e-05
3.91645,3.35656,1.19445,10.3473,-2.00065e-06
2.33542,2.68579,9.11003,3.56501,-2.71831e-06
4.86821,1.19784,35.1799,4.58926,0.0628663
4.87578,2.68558,38.5445,3.77546,0.0110634
2.75207,2.72126,27.3744,3.26801,0.00020136
1.97298,3.91269,38.3584,9.04713,0.0397019
1.02589,1.70298,21.1738,7.25379,0.000593745
2.66627,1.6513,9.94533,8.24344,-0.000103793
4.96712,4.12291,27.7169,11.3603,6.724e-05
2.43311,2.70628,17.1586,9.16274,-9.90509e-05
3.33289,3.61473,36.4007,2.97843,0.00210154
4.85787,1.24612,19.9907,10.3008,-1.87405e-07
3.89386,3.60651,6.53048,5.90771,-0.000137999
2.40238,3.84696,30.2432,4.27268,0.0075059
3.4031,1.79426,23.2111,8.37487,0.00200294
1.93223,2.77747,12.9719,6.47321,-0.000343846
2.48074,1.61205,4.07728,9.56466,-6.17898e-06
1.67501,2.66591,28.4687,8.25936,0.0145422
4.73256,4.79564,12.1471,11.5626,-2.79859e-07
3.15069,1.78719,17.2569,7.61787,-0.000844175
3.10449,2.22021,33.2936,5.93394,0.315343
4.38859,2.59914,2.61723,4.11456,-6.11476e-06
4.87738,3.59532,1.22686,9.05636,-2.39177e-05
1.95975,4.97931,10.2928,4.30451,-1.29536e-05
1.87119,2.53148,11.5234,10.9383,-9.19278e-07
1.77462,4.15822,17.9568,6.60284,-0.000754064
4.65814,1.83879,37.9431,11.6681,0.000111628
1.09727,4.32132,37.1142,3.19644,0.00121672
1.06102,1.15974,16.9905,8.80126,-5.30844e-05
4.7626,2.64328,4.70111,3.69545,-3.88091e-06
4.61284,2.97726,23.2187,8.19867,0.00397176
2.63287,3.24793,23.0847,5.73795,0.00200952
1.92806,2.82317,32.9265,9.89152,0.0136767
3.33739,4.52195,31.7838,6.76817,0.702171
4.84188,2.56263,38.8268,8.78292,0.101414
2.35894,4.92006,35.9482,2.55933,0.000351703
3.39953,2.83738,24.8132,10.2493,0.000232803
1.85549,1.29579,32.5852,11.9718,2.43828e-07
4.02451,1.70073,9.85759,3.61498,-5.06656e-06
1.66522,3.9971,25.0981,6.0475,0.00462184
3.50475,2.20255,4.2412,2.38024,-3.768e-08
4.47315,3.56418,38.9183,2.47979,0.000196796
1.03225,1.49424,24.5881,10.4706,3.26653e-05
2.30395,3.37537,6.41326,4.94664,-2.17952e-05
4.18018,2.47449,8.8145,4.88544,-4.73409e-05
2.34089,1.088,17.9774,10.1859,-1.16707e-05
4.53433,3.47193,19.0577,4.87778,-0.00014468
3.50204,3.878,20.2618,11.5259,1.46128e-07
1.51446,3.58691,33.9387,10.7746,0.00190417
2.33326,4.93234,39.5331,6.79554,0.253059
2.43832,4.64439,4.62193,2.83838,-2.48775e-07
3.38555,2.79369,19.0925,2.62438,-6.45227e-07
1.50287,1.87428,33.95,11.315,0.000296861
1.07517,2.22247,4.11815,4.97347,-6.9457e-06
4.32244,4.24621,39.9767,9.25914,0.0258459
2.92385,4.2198,17.0417,9.85479,-4.21341e-05
2.25111,3.21512,29.1887,11.484,3.76258e-05
1.44365,1.07436,16.0461,11.1387,-6.05508e-07
1.39488,2.19371,9.05049,3.78079,-2.37807e-06
1.76879,3.43504,21.7485,3.03363,5.14048e-06
3.88763,2.49233,4.59362,5.95991,-0.00010287
2.31842,4.4219,26.7747,3.55291,0.000274431
2.09462,1.68364,11.7933,9.39029,-2.21038e-05
2.4797,3.65905,32.1768,5.97605,0.23887
3.37543,3.84601,19.2239,2.49707,-3.47449e-07
3.86448,2.12049,7.36035,5.36176,-6.62227e-05
2.75376,4.95517,24.9866,10.814,6.29483e-05
4.53149,3.68299,13.1982,11.7895,-5.67473e-08
1.27903,1.54703,13.4948,5.57901,-7.05143e-05
2.4356,3.75295,15.1578,2.3532,-1.39805e-07
3.78388,4.14631,20.1094,3.21983,8.6127e-07
3.70983,1.43893,19.9852,4.6379,-1.29771e-06
2.5994,3.90322,26.9934,8.15008,0.0132042
1.15078,3.07757,9.8794,9.10183,-1.66118e-05
3.58222,3.59843,30.1712,7.81638,0.155804
1.86079,4.47464,25.3236,5.5627,0.00317127
3.78623,4.73506,27.1354,4.21619,0.00196089
3.3895,4.72534,1.01338,10.3757,-1.71006e-06
3.37107,1.99626,5.72206,7.76982,-0.000133393
2.60163,3.34821,8.73247,8.40122,-8.47642e-05
4.76568,2.84428,38.367,10.4849,0.00690766
4.47757,3.77787,11.9774,9.75916,-3.331e-05
3.6733,2.09144,28.9763,8.42645,0.0319159
3.94017,4.2398,33.756,8.05945,0.487743
3.23914,1.47304,27.7341,10.0857,0.000941025
3.52809,4.43517,38.3513,4.52415,0.0376786
2.38162,4.05995,36.4365,7.49282,0.557938
3.85999,2.38491,5.16814,6.24919,-0.000153184
4.19995,1.71807,23.0316,4.87886,0.000794972
3.07604,2.60418,14.2169,4.46192,-4.50012e-05
1.05721,4.95291,23.5547,11.8001,1.46144e-07
3.17988,3.94731,21.0603,2.65643,1.45755e-06
1.97575,2.48201,35.7771,7.39021,0.468675
2.35711,3.79783,18.179,9.59399,-5.08427e-05
1.51154,3.16508,8.289,5.44052,-3.69148e-05
4.90564,2.95113,10.7117,8.25284,-0.000256102
1.24612,4.02823,22.4888,7.70911,0.00143705
2.70879,4.02414,26.9478,4.01804,0.000869618
2.71168,4.20539,2.03531,11.9718,-1.0126e-10
4.03802,3.16463,26.9912,8.24028,0.017477
3.97183,2.9013,31.6514,3.36127,0.00409929
3.66613,1.61618,33.9113,7.46566,0.69085
2.68182,2.23644,21.3499,5.60908,0.000534454
1.1093,3.68554,6.00099,10.8037,-3.70349e-07
3.71202,3.38991,29.7296,11.2046,0.000269121
3.05378,3.59168,24.5725,3.228,6.14677e-05
2.21181,2.34702,39.8331,11.2205,0.000179627
4.5675,3.67801,30.6847,4.59841,0.0315689
3.29616,4.91871,1.09523,9.80725,-5.05606e-06
4.78612,3.65396,1.8787,9.0645,-2.51577e-05
3.97143,1.20064,31.6649,8.93382,0.0652319
4.0042,4.83214,4.69008,3.96046,-6.27653e-06
2.30491,4.36051,21.0925,5.99734,0.000679831
1.31599,4.68537,2.90677,11.8881,-9.51722e-10
3.02229,3.03659,11.4736,3.79526,-8.57949e-06
4.26941,1.83643,24.3987,11.3545,1.05803e-05
4.20151,1.9972,35.0121,11.9524,2.21458e-06
3.54145,2.80368,10.4321,10.0862,-1.04568e-05
3.56425,2.89123,32.8897,11.331,0.000689761
4.61769,3.05178,10.9122,6.25049,-0.000460755
1.84996,2.90819,6.78053,6.80136,-0.000177213
2.04265,1.06568,24.8769,11.3255,5.53333e-06
1.28661,2.23678,30.2621,8.08829,0.0377382
2.73444,3.30968,5.35703,10.3798,-2.19867e-06
3.63544,2.19045,19.2911,6.3836,-0.000586649
4.09292,3.717,39.1356,5.85822,0.183289
2.26224,1.28792,19.0077,4.94475,-5.98244e-05
4.52638,4.87648,1.12032,7.52489,-0.000164096
1.84338,3.00913,15.8281,2.34779,-1.08043e-07
3.86257,3.00061,6.38723,5.0586,-4.16622e-05
2.08335,4.28128,20.8405,4.10548,2.82853e-05
3.54741,1.71245,37.1004,4.73952,0.061197
2.06622,1.05492,18.5328,5.54729,-0.000143085
1.66683,4.49867,3.28965,6.43668,-7.4389e-05
3.25123,2.39184,38.9933,11.5108,0.000129967
1.25252,1.71484,18.5407,2.66556,-3.19011e-07
1.72503,1.58023,16.5288,5.75758,-0.000197477
3.94542,4.36635,18.9891,9.50508,-7.60592e-05
3.10529,2.72432,21.5186,5.34559,0.000533931
4.19888,4.25582,19.3364,4.95998,-0.000121979
1.68127,3.47489,35.0223,8.8009,0.0768255
2.5875,3.48431,1.86103,4.15097,-3.77554e-06
3.5176,1.45481,36.8221,9.37343,0.0496713
4.25838,2.51341,30.0864,4.15978,0.00894806
1.7639,1.64424,1.66705,7.30151,-6.51213e-05
2.75085,4.1478,25.427,4.69408,0.00140382
3.06935,3.34515,11.9686,9.0571,-6.81477e-05
2.22785,4.68941,33.2419,8.65166,0.126685
3.60127,2.90599,23.3315,9.84115,0.000285732
4.2703,1.01729,24.1205,11.4331,5.24698e-06
1.61337,3.23951,29.1084,2.32454,8.46204e-06
1.24343,3.69077,15.0678,3.05896,-1.23404e-06
1.79666,3.49528,10.1249,6.31321,-0.00017496
3.66012,4.13526,34.1446,3.84296,0.0187241
4.78292,1.22029,24.8982,11.4756,7.28598e-06
2.81976,4.23074,29.2966,11.6563,1.99818e-05
2.80547,4.16178,16.7213,4.33403,-5.4473e-05
4.75729,1.60451,11.0152,8.9464,-8.45981e-05
4.20769,1.21691,28.0655,4.18375,0.00220031
4.46664,2.26439,33.1197,8.1925,0.383188
1.53569,4.96377,27.7378,11.7578,2.11846e-06
1.29727,4.45458,7.09182,6.80289,-0.000142793
2.56057,2.83892,18.0349,3.92727,-2.24386e-05
4.34415,3.8912,12.0144,5.67906,-0.000275587
4.94226,3.55079,25.657,8.49296,0.00862806
3.50869,1.04778,23.2729,7.73441,0.00369032
2.71355,4.32017,37.7612,8.94581,0.0817885
1.03443,4.69601,19.2521,6.02985,-0.0001385
1.72777,1.41252,20.255,9.28743,1.24604e-05
3.13365,4.89617,12.159,4.60088,-4.59452e-05
3.89103,2.32187,12.6656,3.06171,-2.26771e-06
1.36307,2.43304,2.64312,4.78259,-5.64474e-06
3.38538,1.17778,6.48468,8.60818,-4.24475e-05
2.84054,2.24529,2.37456,7.12493,-0.000152823
4.74781,4.79473,28.0007,4.40674,0.00530049
4.80109,2.15888,33.0221,6.13155,0.593001
1.66715,3.34319,24.8886,4.5512,0.000516041
3.61296,4.48685,22.7524,7.81555,0.00431489
2.55845,1.87482,20.4157,3.7075,5.87198e-06
2.81988,2.41182,13.8264,9.01144,-8.50828e-05
3.47398,3.75881,33.9581,3.19551,0.00408699
3.14386,3.54176,18.3139,7.28,-0.00139075
4.15914,3.3467,3.83062,10.7861,-1.06586e-06
2.36548,4.12882,16.1234,5.38503,-0.000207933
1.63245,3.35827,25.8619,9.01958,0.0014821
4.03513,2.38257,4.92237,10.0985,-4.95599e-06
1.50545,4.92443,1.00711,2.46351,-2.11314e-08
1.7401,1.76482,3.84606,3.6165,-9.45837e-07
1.65709,3.35711,10.1169,9.8182,-7.95866e-06
2.96867,3.63485,38.0381,7.76393,0.358798
4.87789,4.01917,34.6894,6.96118,1.87825
3.1558,1.0009,14.0508,11.7121,-5.89865e-08
1.87811,2.66033,4.87341,8.04357,-5.22962e-05
3.03022,1.92659,17.8317,10.9651,-3.10333e-06
1.54558,4.84751,20.3881,6.2839,0.000200124
1.21428,4.28002,38.3059,9.5973,0.0107732
1.12289,1.88781,25.1921,11.8432,1.43788e-07
3.0317,1.62789,37.4594,4.04965,0.0149683
2.67882,4.51329,14.2586,8.85987,-0.000125637
4.81346,1.5765,27.8111,10.4304,0.000741416
1.8638,4.91542,3.86278,11.3284,-9.52682e-08
4.54276,2.21286,35.4434,4.84517,0.110165
3.61695,4.51546,38.5695,10.6911,0.0032566
1.3295,2.30854,26.5404,10.5719,9.11779e-05
2.50122,2.54326,34.0699,2.98194,0.00148286
1.97069,2.62005,8.37716,2.94829,-4.25214e-07
3.4565,2.51304,16.8086,9.87995,-4.13236e-05
3.94733,4.85821,4.96556,4.901,-3.07949e-05
1.30302,1.48255,29.2762,11.428,2.32816e-05
3.73568,1.7443,27.5105,9.37577,0.0035371
3.55537,4.47781,12.0918,3.59201,-8.00042e-06
2.12944,2.86701,25.4812,11.6569,2.01215e-06
3.07175,3.5538,29.9698,11.4139,0.000115725
4.93108,3.49133,9.47515,8.16007,-0.000246882
1.75723,4.40286,16.9682,6.28058,-0.000523758
4.45535,2.14221,14.5593,5.06188,-0.000164083
2.78168,4.48693,4.26934,7.54242,-0.000143979
3.40901,2.22038,1.21809,3.82029,-2.1985e-06
1.31854,4.5117,12.7179,5.43208,-7.03942e-05
1.71807,3.15213,14.1442,7.57961,-0.000366256
2.87523,3.06056,8.01436,5.57284,-7.96032e-05
4.16929,3.85114,31.768,8.79965,0.126216
1.01787,1.82981,1.14085,10.6892,-2.00489e-07
3.73265,1.13476,10.249,3.46546,-3.04032e-06
1.34548,1.71475,13.2128,4.61182,-1.83488e-05
1.53277,1.21408,17.4679,2.27477,-4.48801e-08
1.26704,2.67251,28.1422,5.49085,0.00667085
3.84759,3.70775,22.5939,5.65302,0.00213044
1.88412,4.14023,17.0177,8.23283,-0.000300982
1.67654,4.15302,7.83763,8.12164,-7.11925e-05
4.71953,3.16967,25.0896,9.6985,0.00103766
4.43572,2.6337,22.0312,5.70006,0.00173833
3.30813,4.96821,17.0089,10.7947,-6.71358e-06
1.22173,3.75604,14.0625,9.74936,-1.33062e-05
3.71551,4.24509,35.724,5.48311,0.260101
4.76737,4.30783,24.1834,7.45148,0.0162003
4.86654,3.39983,36.2201,11.2343,0.00152948
1.10948,1.17716,1.80926,9.48632,-2.07405e-06
2.54626,4.46849,36.1957,11.123,0.0012344
2.53989,2.76241,6.125,4.85362,-1.91296e-05
1.83994,1.27703,12.6831,10.1228,-5.62853e-06
2.20429,1.03451,16.3478,6.63058,-0.000565979
2.90169,4.64879,5.27689,8.1414,-8.56557e-05
1.30659,4.59571,9.09363,7.62078,-0.000123155
1.30936,4.96964,29.7807,7.80558,0.0484211
2.95816,3.08922,18.7045,10.5765,-7.87526e-06
1.11756,3.92113,22.6759,6.82866,0.0025385
2.68101,4.58026,28.0058,2.90664,0.000111422
1.18466,1.43263,25.7952,6.90229,0.0084024
2.02773,2.10724,23.3206,9.71844,0.000180894
2.22805,3.46626,23.5436,8.91592,0.000882327
1.45211,1.45089,15.814,10.7965,-1.80625e-06
4.4484,1.72484,5.74874,5.38775,-5.86379e-05
2.6223,3.96866,20.3345,5.96983,0.000192368
1.97989,4.02289,5.34775,6.07406,-7.45533e-05
1.37573,2.14613,18.9647,2.85117,-6.11209e-07
1.45987,1.46637,32.8327,8.55202,0.0646156
2.05509,4.69689,31.1797,9.83811,0.00947311
3.57344,4.36707,2.139,7.81993,-0.000102685
2.10024,2.2679,25.961,7.86464,0.00814691
3.00014,3.40498,28.6779,10.7984,0.000391953
1.08418,2.69687,7.29201,5.06313,-1.30175e-05
3.31428,3.32329,22.3662,11.0663,1.04955e-05
1.82996,4.38951,15.2253,11.4443,-3.30083e-07
1.20021,4.887,20.9154,2.99429,1.51912e-06
4.74648,2.47638,18.2407,3.22439,-8.37177e-06
4.50239,1.59982,4.98709,4.53627,-1.48593e-05
2.08482,3.5045,35.1883,5.1892,0.0941319
1.17307,3.28201,6.80512,4.66301,-7.57322e-06
1.67036,2.53228,5.57185,9.7337,-4.42721e-06
1.21553,4.84307,14.2219,2.86991,-6.20228e-07
3.11791,4.40902,27.9378,11.061,0.000137258
2.16469,3.91843,32.4341,2.17667,1.75337e-05
1.08524,1.38,23.1718,4.70305,0.000153939
2.68337,2.17108,5.41958,3.51848,-1.55571e-06
2.58687,4.68114,20.2077,3.71813,3.6452e-06
4.39689,4.83291,35.1218,9.13924,0.131336
1.95101,2.4633,1.14908,4.80325,-6.98544e-06
1.4358,2.06915,26.5127,9.8055,0.000434765
1.86436,2.77755,10.335,6.40623,-0.00019723
1.59696,3.79807,19.6249,7.1214,-0.000296909
4.10694,3.098,13.1179,8.71535,-0.000177848
3.467,4.29343,1.28944,7.39399,-0.000144581
1.17755,1.10257,39.8405,6.40062,0.0436882
3.6373,4.69859,39.8209,5.10275,0.0416211
2.23135,3.68241,11.2505,4.43604,-2.03329e-05
2.86784,1.43859,16.7241,7.7049,-0.00061539
2.99697,1.90567,3.25737,8.0595,-5.99322e-05
3.31763,1.04353,35.6615,9.31703,0.0464902
4.25265,3.39425,23.0572,6.26105,0.00607923
1.76977,4.14966,10.3695,10.282,-3.83725e-06
3.14511,3.03411,31.8229,11.378,0.000370698
1.90983,2.85763,25.6124,7.22719,0.0137656
2.82738,3.18969,14.1683,7.25668,-0.000861216
4.49243,3.44007,32.2219,8.14562,0.373524
4.86771,3.35345,4.52967,7.65125,-0.000217384
2.70031,2.89145,24.6082,4.41841,0.000577387
2.92299,4.2059,13.756,3.87131,-1.53863e-05
3.16777,1.28364,23.247,2.10437,6.39468e-08
3.81441,4.5349,5.18959,8.86966,-4.2265e-05
4.07793,3.61753,11.54,7.01182,-0.00103922
1.56126,4.53295,25.9461,4.09967,0.000375346
1.04947,4.7511,7.04327,2.86863,-1.65512e-07
3.76752,1.57966,10.9203,4.56838,-3.13894e-05
2.34856,3.41975,4.30509,5.41936,-3.2566e-05
1.92198,2.13559,38.4016,6.92386,0.363111
2.77338,2.19608,25.4419,3.74614,0.000228252
1.76213,2.09108,16.9939,5.07339,-9.30171e-05
1.42429,4.40829,27.1716,5.84823,0.00806167
4.44036,1.09366,3.7114,4.55645,-1.08804e-05
1.55585,4.56675,28.8817,9.47754,0.00338738
2.82073,3.3655,38.5473,4.53382,0.0263103
1.86306,2.03958,7.6703,9.35117,-1.16642e-05
2.07896,2.20487,22.0521,7.0416,0.0032737
2.44095,2.47714,6.26695,2.08945,-1.48376e-09
2.94701,4.00625,37.3565,10.6709,0.00427603
4.16477,3.07306,32.0707,8.94627,0.109938
4.19713,3.47777,24.1881,5.58308,0.004329
2.84967,3.63004,3.99693,3.21915,-7.69967e-07
3.02207,2.15586,35.9534,5.11924,0.108099
4.79467,1.66275,5.59592,3.39803,-1.97427e-06
3.10951,3.26295,33.3638,8.96401,0.107215
4.94015,4.24952,9.68403,7.91376,-0.000358768
4.01965,3.745,7.03709,3.40398,-2.59329e-06
1.91118,3.05173,12.5162,6.76468,-0.000440184
2.88519,4.88886,25.7649,7.53609,0.0178638
4.38815,1.30204,12.8108,8.3396,-0.000221834
1.10847,2.93709,14.1931,9.47657,-1.84326e-05
4.67161,4.47879,32.28,7.27431,1.13097
3.29651,2.93353,11.7776,3.60541,-6.6009e-06
1.93558,3.23481,27.6439,10.4994,0.000293288
4.03732,2.17967,34.2366,6.30812,0.659421
1.65096,2.03692,32.6674,11.7639,2.25986e-05
4.63448,4.86075,32.634,11.1592,0.00176917
3.8218,3.63935,31.2529,6.77261,0.598142
3.15722,1.88262,17.4306,5.59584,-0.000335198
3.71875,2.69132,35.582,8.77684,0.164903
3.42335,3.27412,22.8527,4.16269,0.00022492
2.037,2.64998,32.6175,10.7967,0.0019471
1.11163,2.94935,13.6354,10.4178,-2.93109e-06
3.23803,2.43695,37.9063,5.03422,0.0787632
1.76588,4.09479,11.5431,10.0247,-7.67626e-06
1.46891,1.80132,19.7672,5.93467,-4.99005e-05
2.15629,3.71429,9.99263,7.91172,-0.000160434
3.4155,1.91643,37.267,7.30884,0.721057
1.77816,1.81633,21.126,2.45039,2.73259e-07
1.13732,3.02054,22.0167,4.1148,4.23311e-05
2.0038,2.87061,19.983,9.86908,-4.33151e-07
2.83752,4.9987,33.9023,7.95116,0.414097
3.47497,4.6374,9.74888,11.4229,-2.74007e-07
4.46617,2.40315,4.146,5.1958,-4.07595e-05
1.81887,2.84342,10.7625,6.96354,-0.000375223
2.31342,3.0849,8.89289,3.24635,-1.28249e-06
1.37249,1.67179,18.9058,4.68638,-2.90198e-05
2.48136,3.91487,10.779,2.22594,-2.4353e-08
3.55989,2.52702,12.0505,7.7279,-0.000419459
1.02813,1.23607,38.9523,7.28346,0.0956443
4.12475,4.24408,7.89892,7.32812,-0.000440783
2.95937,2.20036,36.5118,2.44198,0.000199095
2.67031,2.37667,38.6776,11.6204,6.84059e-05
1.6762,3.41531,5.82527,4.86213,-1.29264e-05
3.98529,2.69698,15.0721,2.77114,-1.485e-06
4.53076,1.1921,7.13381,6.46668,-0.000232954
4.73666,4.42077,13.0297,10.3001,-1.57105e-05
3.84917,1.43043,13.5571,3.35409,-4.70355e-06
4.56091,3.70456,7.60494,3.38268,-3.0315e-06
2.69307,1.02085,11.0549,6.523,-0.000250563
1.48467,1.3419,6.5725,11.3756,-6.22454e-08
1.88349,4.74858,37.0685,11.0748,0.000994772
3.25432,4.47806,14.9384,5.67795,-0.000353545
1.97527,4.84063,10.9279,2.18719,-1.36566e-08
4.04671,2.4967,28.3991,10.2717,0.00139136
3.92184,1.17409,30.6299,10.9947,0.000665911
2.3409,2.10734,37.3187,6.5927,0.453993
1.42037,2.30529,6.0805,2.69636,-9.0158e-08
1.11128,3.76386,38.4672,10.069,0.00384894
4.28858,1.94719,33.8174,5.42565,0.22513
1.06461,1.90303,25.7246,5.66042,0.00196289
3.34313,4.34943,9.35395,10.016,-1.04815e-05
4.88168,3.67395,13.1328,10.2019,-1.93886e-05
3.03798,1.50721,7.72839,8.80285,-3.87332e-05
4.72807,2.25423,36.8247,3.04261,0.00306945
3.28914,4.06289,39.2547,2.01033,3.58919e-08
4.46875,2.17034,14.7883,4.72124,-0.000103494
2.04485,2.61011,36.8928,10.1008,0.00987092
1.65594,2.55398,22.9199,10.0463,7.18945e-05
3.91457,4.8769,19.4485,2.74876,-9.29803e-07
2.56962,4.64321,12.4465,5.98112,-0.000264325
1.80372,3.9776,18.7949,8.05215,-0.000291597
1.29643,3.15639,3.04118,10.7769,-3.03579e-07
2.34881,3.15076,7.09807,7.95588,-0.000103163
4.51331,2.83201,15.6593,3.32271,-9.22042e-06
2.86893,4.12819,39.0299,5.38121,0.0752805
1.93812,4.20601,33.7768,11.9613,8.00293e-07
3.89544,3.61229,32.8814,5.11615,0.14508
1.63817,4.87845,14.8185,10.0547,-1.23081e-05
1.14376,2.42467,30.6914,2.73582,0.000109719
3.28621,1.923,22.3529,11.8441,1.16497e-07
2.45164,2.92998,8.36558,9.28078,-2.10969e-05
4.72602,2.84321,5.1111,7.30794,-0.000318897
1.23005,4.85039,7.47807,6.4441,-9.88251e-05
4.04583,3.74154,30.4314,7.65455,0.25
3.84521,1.04161,28.647,11.2792,7.4744e-05
2.34622,1.34671,2.39482,3.15183,-3.18244e-07
4.39342,2.6216,24.6406,3.33411,0.000109512
2.24005,4.33935,38.0547,10.5451,0.00356513
4.44373,3.36563,23.2189,9.48285,0.000637685
4.27894,2.82483,31.1184,9.58467,0.0264167
2.81176,1.53739,1.34779,7.26964,-0.000100701
2.52306,4.90558,30.4268,6.87118,0.288451
2.10256,1.68798,16.5885,6.38708,-0.000525305
2.54902,2.07332,31.0151,9.04822,0.0313824
2.12719,1.63882,1.84716,4.77035,-6.87467e-06
3.26127,4.82556,28.9171,11.5327,3.95526e-05
3.14803,4.54947,24.5768,7.24356,0.0159147
2.55088,3.70941,31.5098,6.39442,0.303437
2.8288,1.51083,19.8524,9.30987,-1.05505e-05
4.45389,3.57895,6.88325,3.474,-3.26896e-06
2.52073,4.67,36.0356,10.0714,0.0155182
1.66662,3.82718,36.9959,4.42763,0.0223065
2.76917,2.25537,20.3871,5.19014,7.47834e-05
1.45944,4.46134,12.6176,6.00974,-0.000158935
1.86205,4.47483,25.6204,7.21802,0.015003
1.31403,3.96007,13.5229,7.66304,-0.000240267
2.54268,2.17179,37.3211,4.25282,0.0205979
4.32098,3.97593,20.9962,3.33506,1.43606e-05
4.291,3.18982,27.2181,11.2049,7.65389e-05
2.23139,3.29459,15.2425,4.56311,-4.87713e-05
4.13899,4.90219,19.198,7.38809,-0.00113944
1.55585,1.716,10.2319,7.11725,-0.000231682
2.26937,4.56141,15.2811,6.64913,-0.000816807
2.81804,2.70882,18.025,9.91951,-3.24829e-05
1.1386,2.4871,26.5606,11.0642,2.19836e-05
2.94278,3.8363,33.0453,8.04082,0.344507
1.57872,1.05544,2.62221,3.4916,-4.50471e-07
1.64177,4.32766,30.6013,4.51699,0.00979208
4.14101,4.1363,22.8232,11.8538,2.00324e-07
2.61077,3.86218,11.761,8.8206,-8.11269e-05
2.62667,3.47775,22.7148,8.52253,0.00121415
4.55294,2.94002,14.9079,8.06356,-0.000620031
1.02402,4.52141,19.1315,7.74298,-0.000198295
2.80575,2.98611,12.9359,8.45156,-0.000166115
2.48061,4.24191,28.757,4.77959,0.00743287
1.68333,3.12309,23.1207,5.53519,0.000997135
1.90994,1.63357,18.6478,3.30309,-3.20497e-06
1.9489,2.79558,13.2501,11.9336,-1.99087e-09
3.51271,2.00489,28.1082,10.1099,0.00132863
1.43107,2.42675,2.30579,8.16519,-2.41137e-05
3.88838,3.5596,33.9733,9.18889,0.10098
1.57348,1.74414,9.01274,6.31952,-0.00010596
2.5121,3.43174,21.7078,7.31122,0.00266661
4.61949,2.79884,30.1409,7.08988,0.410119
1.90672,1.43838,34.7873,9.87525,0.0121545
2.79957,3.52299,28.0274,6.26114,0.0383538
1.57479,2.90969,12.6729,5.5236,-8.56246e-05
4.40653,1.9281,21.5869,2.12385,5.77156e-08
1.48697,1.99475,35.6701,11.4435,0.000175914
1.96978,3.65895,24.0433,5.2713,0.00127311
4.7489,4.7146,23.4762,8.23115,0.0048587
3.03475,3.37497,1.27032,2.40125,-2.87681e-08
4.53285,4.15096,18.1302,9.3823,-0.000141401
3.46946,4.45982,22.0955,3.50378,4.36163e-05
1.43609,3.40425,25.2546,11.3861,5.34384e-06
3.83629,4.26079,28.4928,6.43212,0.0853782
4.96352,2.26249,9.7393,7.24972,-0.000653835
3.36016,3.13619,19.2221,10.3892,-9.79443e-06
2.56361,1.47603,1.84225,3.11208,-3.03466e-07
2.50875,2.12095,21.5409,5.89155,0.0008262
3.57274,3.34125,27.4121,11.2763,5.49266e-05
2.289,4.34897,39.4432,4.79027,0.0204538
2.9911,1.44369,27.7976,7.00932,0.0603205
1.01063,2.58512,10.9477,11.423,-8.47364e-08
1.27189,3.67421,20.473,7.59598,0.000222284
3.69361,2.14801,21.3045,11.6617,3.62996e-07
3.3006,3.61622,12.3759,6.13566,-0.000383878
4.42473,3.44933,13.4532,4.82502,-0.000107487
3.15475,3.23193,34.0535,7.28326,0.8967
4.61786,2.55517,7.4223,7.26482,-0.000437082
3.03288,2.29277,22.5969,10.415,5.15873e-05
4.77655,3.88168,39.0641,2.42919,0.000150228
3.23773,3.27932,21.2364,11.597,5.05857e-07
4.56882,3.45481,37.2245,3.76428,0.0171971
3.30297,1.60957,2.56812,2.66336,-1.03088e-07
2.62011,1.18222,24.6586,6.31567,0.00559677
4.76729,4.5619,6.8152,5.94416,-0.000192637
3.00216,3.77025,7.97858,8.41736,-8.78103e-05
4.09734,3.85518,38.8239,8.87653,0.0831753
1.23152,4.83587,33.9657,7.48992,0.303523
1.37393,2.69028,38.581,6.54322,0.170498
4.35451,4.85207,21.9669,10.7117,3.09176e-05
1.08644,3.02622,36.6203,5.56925,0.0765647
1.52077,3.85642,38.2631,2.31022,3.35272e-05
3.62243,1.94404,17.1552,11.9062,-1.23081e-08
1.7875,4.40804,34.9162,7.2106,0.587557
3.4526,2.8042,37.1886,11.5886,0.000192825
1.78635,2.59866,39.2763,9.90819,0.00491586
4.56833,1.26483,25.382,8.45745,0.00531215
1.42095,1.92901,10.7595,2.78463,-2.37877e-07
4.34876,1.07776,13.9151,4.20667,-2.80677e-05
3.16076,4.65269,14.6175,8.38763,-0.00030065
1.29566,1.44773,36.2936,6.5792,0.243771
1.04043,1.88047,35.6402,7.50051,0.200662
2.52431,4.20893,26.0292,9.8286,0.000706227
3.05192,4.46954,11.5863,8.54607,-0.000137869
2.62811,1.9816,11.1816,3.6211,-4.38677e-06
3.43772,2.56218,36.821,2.86087,0.00133307
1.4823,3.47377,13.173,8.10377,-0.000147351
1.55268,1.93816,15.4245,10.5853,-3.39123e-06
1.79626,4.79393,29.4139,7.72166,0.0583602
1.32192,1.33388,38.563,8.88522,0.0218582
1.85418,2.77911,34.1974,8.4596,0.127093
3.77402,4.49016,12.2705,7.93374,-0.00041454
4.47108,3.78407,22.0393,3.39627,4.11124e-05
3.79586,2.07921,3.79177,5.23438,-3.33967e-05
4.63522,4.24755,4.61429,2.58141,-1.74957e-07
3.86664,4.96391,18.357,5.84966,-0.000668003
4.32635,3.57025,12.2024,7.81415,-0.000516412
3.40736,4.44472,37.686,8.41858,0.217492
1.13617,4.64265,8.36955,11.7656,-8.56198e-09
4.56027,1.20665,2.90441,9.83109,-5.49468e-06
1.01213,4.59823,16.0099,7.93729,-0.000210874
3.81072,3.69987,28.4883,4.34444,0.00474941
2.57864,1.3312,1.45171,2.53895,-3.81192e-08
3.21282,4.34655,9.21297,8.05041,-0.000184771
3.26411,2.30425,19.3237,3.2867,-3.7445e-06
4.16919,3.46992,28.4572,2.80237,0.000148548
3.4072,2.06236,11.8677,8.51359,-0.000138915
3.01334,4.99932,2.55386,10.5545,-1.24644e-06
4.82787,1.49392,25.9591,4.0019,0.000713257
1.32498,4.53626,21.6874,6.68885,0.00146609
1.34081,3.65803,27.543,10.5666,0.000170358
4.80895,3.96633,37.2962,6.56971,1.07649
3.02298,3.22372,25.2404,8.09583,0.00715057
1.60261,2.8443,30.0963,11.0327,0.000241661
4.13456,2.78886,30.3712,4.73194,0.0273565
2.98867,1.57882,31.8656,8.2229,0.156107
2.89815,2.9148,19.7051,2.92518,-6.43774e-07
2.10232,4.04904,22.9927,9.68193,0.000202793
3.07732,4.5554,29.2038,11.8121,5.36468e-06
2.51529,1.43853,5.21567,11.4474,-6.58421e-08
2.68839,4.60278,15.8089,3.05966,-3.14725e-06
4.99762,2.90108,24.3688,8.68212,0.00373912
2.50663,2.46786,36.6789,5.95492,0.2703
3.8202,4.34564,20.4475,6.33489,0.000600824
4.22884,2.35018,38.311,6.05524,0.329397
4.35742,4.68741,29.9265,11.8702,5.30476e-06
3.63995,1.65479,13.8531,11.6213,-1.54869e-07
4.81293,4.57545,34.7713,5.30417,0.268811
3.21639,2.10623,3.89844,11.0332,-3.69354e-07
3.04626,1.02866,23.2997,10.632,3.24716e-05
3.64633,1.14695,16.8221,10.3124,-1.41686e-05
2.6313,1.40053,19.5307,8.75131,-6.25075e-05
4.84354,2.66455,35.7965,11.5358,0.000397813
3.45823,4.01559,35.7431,4.33405,0.0430544
4.63914,4.79109,17.6037,4.48541,-0.000124618
1.00388,3.56398,30.8735,5.00221,0.0142136
1.27672,4.66677,37.7253,3.63412,0.00343202
1.24639,4.81191,28.1902,3.16501,0.000121117
1.62369,2.39725,25.4972,10.53,7.78423e-05
2.39818,1.49667,13.041,11.5232,-1.4823e-07
4.615,3.2869,39.0721,11.6627,7.8686e-05
2.27029,1.71992,1.16317,9.67483,-3.35957e-06
3.17495,4.85623,32.5328,4.35618,0.0359116
2.65573,2.42668,9.72467,5.3887,-7.02939e-05
2.14194,2.75585,3.31671,6.52715,-9.50542e-05
1.56185,2.79046,5.08382,4.72182,-8.37429e-06
2.22637,1.40241,30.6734,8.4226,0.046274
3.18788,4.34755,35.704,6.47192,0.742464
4.08234,4.98234,15.1535,5.49467,-0.00036936
4.76066,1.1326,3.70307,3.22847,-8.59296e-07
1.58425,1.34097,20.9921,4.87183,6.48459e-05
4.87431,1.82365,25.1118,4.02913,0.000566342
2.4794,4.43938,5.47979,2.41924,-4.70799e-08
3.54777,1.98467,1.2289,5.25104,-2.29426e-05
1.9026,1.77157,12.5175,8.18417,-0.000125676
2.53117,2.63093,32.7044,9.87093,0.0175377
3.2363,2.45822,1.18055,7.86159,-6.89739e-05
4.92166,3.7513,33.8974,2.171,4.44527e-05
1.4924,2.53327,21.3165,11.1421,1.6504e-06
4.29601,1.8369,9.32659,4.09297,-1.30559e-05
1.229,1.13868,23.5074,8.74976,0.000415211
2.5398,4.25847,25.6565,3.78745,0.000293721
1.91062,1.4781,14.4873,6.80036,-0.000511932
3.03737,2.02549,17.095,5.35356,-0.000236255
4.48951,3.03237,5.16956,7.68737,-0.000204518
3.10593,3.19412,31.7717,6.29932,0.36216
2.06362,4.37654,2.96192,3.5911,-1.21131e-06
4.5681,1.15842,6.01299,10.2262,-3.85533e-06
4.02829,2.59742,33.5182,2.73753,0.00105482
1.99397,4.31275,26.5786,10.3205,0.000280618
1.01719,2.89855,7.37204,6.49265,-7.61513e-05
4.96496,2.82194,15.4669,8.08368,-0.000716817
2.63178,3.66764,25.3813,7.15441,0.0196444
3.98713,4.5008,6.09404,11.4896,-1.33688e-07
2.11971,4.47141,17.8169,6.95788,-0.00133604
1.28645,2.93334,39.9101,3.20602,0.000378122
2.99942,2.34116,30.4802,8.84084,0.0378658
4.70307,2.82009,11.9734,3.39221,-5.98308e-06
3.11255,4.18448,36.8997,10.7245,0.00432875
4.1513,2.92109,1.86933,2.94501,-3.80748e-07
3.62648,4.96625,27.3146,5.25166,0.0103026
3.753,3.20804,24.0494,3.16019,4.95635e-05
4.08594,4.5411,3.00159,2.39666,-4.94258e-08
3.39728,1.14385,32.9101,9.98072,0.0147503
4.86034,4.28774,27.1614,8.05916,0.0305102
1.95807,3.15937,22.4952,8.34531,0.000994375
2.61941,3.00376,12.3523,10.6363,-3.3792e-06
1.76579,2.01123,33.1417,8.96767,0.0516607
1.60296,4.11074,15.0785,10.7809,-2.50378e-06
4.25397,2.59615,2.56119,5.7956,-7.18066e-05
2.36449,4.92714,24.1641,2.57181,4.98544e-06
2.65659,4.71734,6.54162,8.01027,-0.000109794
2.51542,2.86919,31.867,5.15073,0.0691994
3.18354,1.28521,9.20648,3.45861,-2.29149e-06
3.76011,2.51681,17.7439,10.6804,-8.88598e-06
3.53514,4.04621,11.6823,6.03962,-0.000333501
2.55954,2.47848,31.249,2.5515,0.000159254
4.73255,3.00009,12.5573,4.1365,-3.07006e-05
3.74062,3.42903,2.36177,2.43997,-5.06764e-08
3.4903,3.67128,20.2778,9.88508,1.36641e-05
3.34979,4.03832,1.95953,4.70239,-1.27544e-05
2.28576,3.72136,14.0595,8.63179,-0.000136641
2.93323,4.25999,8.52193,8.36517,-0.000102003
3.71531,2.13106,18.8016,11.0782,-2.2547e-06
1.5653,4.04782,16.3264,3.26449,-3.31073e-06
1.31414,4.88026,31.8177,4.72079,0.0209984
1.50844,3.04567,30.5692,4.24742,0.00520467
1.56509,2.46974,3.27008,8.62442,-1.64842e-05
4.29206,3.86906,32.7303,4.82109,0.102247
2.94794,3.68991,7.06196,8.03326,-0.000121643
2.82946,4.6543,13.4698,6.14864,-0.000425326
4.18077,2.64988,18.6013,5.99417,-0.000702024
2.46885,4.10852,14.4835,10.8834,-2.65574e-06
4.06495,1.7982,36.7039,7.52621,0.720446
2.38863,2.20699,37.4641,10.144,0.0090701
2.10384,2.2878,7.82984,3.13699,-6.89486e-07
3.83023,3.95423,31.4324,8.01446,0.276103
1.6327,3.88233,33.2416,3.4153,0.00317987
3.98907,3.98553,22.7715,8.89222,0.00117504
1.69198,3.91672,5.08484,5.81392,-4.45763e-05
1.95313,3.72778,31.4071,6.00139,0.139967
1.07182,4.32716,21.0583,5.35272,0.000133272
3.25143,2.46367,10.594,4.10971,-1.36891e-05
1.47855,2.37346,38.73,2.70582,0.000174482
3.50458,2.36189,8.83412,4.53925,-2.29579e-05
3.4603,2.83694,11.2696,5.79418,-0.000208029
2.86314,1.645,9.46848,9.90084,-8.64089e-06
1.65446,1.02272,31.2216,11.4023,8.83856e-05
3.20051,2.26335,17.6987,11.6959,-1.49204e-07
3.7654,3.07052,34.2554,10.9045,0.00325256
1.24912,1.01349,20.5902,4.49989,1.38075e-05
1.15121,3.76519,38.1761,6.75506,0.234557
1.92021,2.02777,24.8361,9.50105,0.000464817
1.26375,1.78898,9.43718,11.3226,-1.12224e-07
4.48245,4.86811,35.5302,11.4381,0.000677405
3.33665,2.81271,32.3324,9.85676,0.021939
2.14826,3.70886,38.43,5.00911,0.04488
2.23031,1.01411,31.43,6.42181,0.168084
3.74315,3.91949,35.3397,10.3839,0.0119526
1.72122,3.66979,8.74887,8.37306,-5.95028e-05
4.33452,3.95989,33.029,7.64861,0.806604
2.18167,2.51123,8.85706,11.3488,-1.78047e-07
2.0511,4.05197,32.2558,11.7071,4.8845e-05
2.55261,3.70455,18.6484,7.37319,-0.000939635
1.8857,2.95461,14.1333,3.22198,-2.33809e-06
2.20602,1.19204,20.9149,6.34098,0.000526617
4.94995,4.10175,3.3113,5.51903,-7.1673e-05
2.80456,4.1465,3.4556,8.38816,-4.67769e-05
3.46985,1.36801,2.43345,11.713,-1.29706e-08
1.84107,2.47341,6.92378,11.1443,-2.35884e-07
1.03854,1.94618,36.9303,4.14919,0.00724271
1.92805,1.87943,14.4858,2.18924,-1.99116e-08
1.12252,3.42972,29.4672,10.6027,0.000375803
1.95468,4.84955,16.1078,9.1787,-7.89517e-05
3.89425,4.3462,30.8223,6.34778,0.313149
4.61666,2.57641,20.612,2.4383,3.64821e-07
1.95038,2.14217,30.202,10.3139,0.00169064
3.62707,3.62625,1.30647,5.7115,-5.13742e-05
1.67835,4.98713,11.2258,3.49408,-2.68137e-06
2.01935,2.07877,22.5745,11.428,1.67435e-06
1.6927,1.49535,36.2543,4.01372,0.00884008
1.05673,3.4344,31.8832,2.89969,0.000358239
2.6382,2.64574,31.6334,8.32382,0.129776
4.83844,1.17418,27.5578,6.75237,0.0617553
4.49976,3.43125,3.42949,11.652,-3.98497e-08
4.89912,4.56859,16.1993,3.85768,-3.82718e-05
3.25666,4.70365,20.4018,2.39158,1.4082e-07
3.29132,3.0861,22.2961,9.48614,0.000288305
1.07201,4.80916,1.66171,4.2001,-1.7751e-06
2.14016,2.35477,16.567,11.4757,-3.49659e-07
1.80063,1.26618,36.5767,8.93105,0.0477539
1.48755,4.00689,35.9799,6.52404,0.359938
3.19205,1.35381,14.9613,9.99692,-1.89873e-05
2.23217,3.78424,20.3911,5.15106,6.58892e-05
2.06417,4.49002,37.5416,4.78869,0.0451571
4.77826,1.14251,29.5843,3.98142,0.00398887
1.44309,1.20265,4.76248,2.01795,-2.05661e-11
3.22758,4.09291,26.6633,11.6075,7.70552e-06
4.13283,1.47742,11.0164,10.5939,-3.73431e-06
4.18702,4.41538,2.47786,9.59456,-1.07159e-05
4.06815,4.82836,38.8953,2.30811,6.70842e-05
3.2048,1.93398,16.4294,5.1961,-0.00018523
4.68949,3.53825,24.7122,9.88456,0.000650818
3.26664,1.21632,33.9583,5.96415,0.283944
1.11289,3.84638,5.16905,6.69293,-8.12638e-05
3.44309,3.96147,18.4584,8.32994,-0.000444032
4.1019,4.90116,18.743,9.4974,-9.30731e-05
1.0638,4.20515,35.413,9.36272,0.0219711
3.37762,1.63483,14.3173,8.18314,-0.000297815
2.07029,2.15063,13.3886,10.4395,-4.55731e-06
4.67457,4.34897,36.4834,4.16458,0.0430592
2.50009,2.61006,25.8834,2.27521,1.65239e-06
2.3404,4.282,11.4726,9.5861,-2.19945e-05
4.82576,4.5937,31.7214,6.59631,0.825215
4.599,3.01993,21.15,10.3927,3.15957e-05
1.146,1.47882,24.9355,6.55087,0.00393393
2.35629,3.28898,16.6115,3.12726,-3.45435e-06
4.58538,3.56058,2.03319,6.41363,-0.000162935
2.77734,1.86413,5.64043,7.01881,-0.000238672
4.70587,2.86803,33.5701,7.13054,1.4972
2.31324,4.42234,17.2299,4.27486,-4.26998e-05
2.89452,4.2535,10.3161,3.04612,-1.25959e-06
1.51812,1.73582,22.5457,6.82049,0.00254405
4.42038,1.15753,3.36533,2.21604,-9.10644e-09
1.95608,4.24236,36.7167,4.48051,0.0301574
4.72958,4.36005,19.0385,8.88816,-0.000225466
3.8858,3.04378,24.3468,9.85361,0.000472307
3.0914,3.73769,24.7416,10.7701,6.76825e-05
3.7729,2.81909,5.64397,7.43922,-0.000237061
1.16543,4.9839,27.2333,10.5805,0.000130263
4.96614,3.50809,33.4079,6.4207,1.01453
2.21529,4.10464,7.10454,4.60033,-1.41831e-05
1.53934,2.86528,38.0725,7.04442,0.37746
3.55746,2.61582,24.9439,11.6814,2.19741e-06
4.68162,2.27639,1.43018,5.20671,-3.04613e-05
4.04322,1.63082,2.98384,10.3849,-1.90796e-06
1.37824,3.67004,11.8961,5.08897,-3.81414e-05
4.4589,1.5002,32.6332,11.4892,0.000331556
2.23149,2.15477,22.4273,7.02376,0.00442635
1.69548,4.99113,35.5959,9.87852,0.015165
3.20305,1.41683,27.8649,8.20699,0.0172967
4.37394,1.61184,33.7869,11.5741,0.00024515
3.71797,3.27154,25.9903,10.7893,0.000128554
2.70263,2.88852,25.6299,8.94016,0.00239836
3.54586,3.52494,24.2984,2.89396,2.46177e-05
2.52886,1.58624,8.5734,8.82133,-3.63495e-05
1.72842,4.49802,2.5946,11.6411,-1.56552e-08
1.75851,3.31858,25.7534,6.22228,0.00762864
3.19311,2.0234,27.6576,11.4815,2.03816e-05
1.57828,1.60738,5.98822,6.20768,-5.83948e-05
3.86313,1.77756,36.7662,7.55217,0.658414
3.51499,1.78217,29.3986,2.81623,0.000186165
1.25809,1.31497,33.4647,5.33039,0.0490486
4.55613,2.56848,3.46973,9.39715,-1.60645e-05
3.41022,2.31454,2.74316,8.77077,-2.69933e-05
1.72227,2.06634,13.5812,2.65794,-2.98349e-07
2.16962,4.24428,13.806,9.88818,-1.81014e-05
1.06096,4.1548,7.29285,7.02878,-0.000140914
2.01465,3.52022,8.97884,2.48416,-8.58452e-08
2.31172,3.75789,20.8332,9.86798,3.17508e-05
4.77322,3.00153,21.5601,8.59635,0.000941276
3.6195,3.67639,29.6932,8.26511,0.0686858
2.78263,1.72217,27.4874,4.97035,0.00438876
1.64338,2.50521,15.9993,8.06292,-0.000255708
2.79426,2.40336,11.2495,2.26224,-3.66896e-08
3.88142,2.2095,22.5179,10.8542,2.19443e-05
4.6985,1.95859,3.19484,11.8697,-3.90519e-09
2.39389,1.14881,26.5842,8.2289,0.00609827
2.66771,2.70598,22.7577,7.96316,0.00239629
2.46318,4.9724,19.4861,5.53954,-0.00013346
4.36179,1.40678,1.80745,10.2055,-2.431e-06
2.21712,2.18467,25.3327,11.9594,1.88716e-08
3.14519,4.95592,14.2105,7.1106,-0.00122734
3.69975,4.8095,12.7884,4.97369,-0.00010651
4.9788,1.6343,30.484,4.06405,0.00970481
1.93602,4.60854,16.3478,8.60944,-0.000180342
2.36124,2.60831,10.0564,6.46079,-0.000249535
2.65952,1.99376,16.2415,3.67258,-1.16796e-05
4.9241,2.28972,11.5579,7.18504,-0.000937203
3.10029,2.35685,30.8832,9.84263,0.0102322
1.43663,1.35497,34.0964,3.50643,0.00260073
1.66223,1.74192,5.49296,11.041,-2.1557e-07
1.04257,1.7805,16.3156,5.60322,-9.98176e-05
2.22229,4.71662,21.8046,11.069,5.27783e-06
1.68746,3.95236,16.7519,7.23059,-0.00082503
1.74996,1.72135,13.3201,11.39,-2.23036e-07
2.73574,4.43306,30.4764,5.68455,0.0811608
1.95573,4.26125,21.2723,7.96011,0.000726299
1.96278,4.85907,28.6306,6.4526,0.049418
4.94049,3.30869,4.44479,8.816,-5.01409e-05
4.47425,2.68801,10.3163,6.75407,-0.000681885
2.41906,3.9214,7.47432,3.5859,-2.522e-06
4.32949,1.66991,32.9973,11.664,0.000131148
4.0197,1.01869,35.5251,7.84848,0.403876
1.01715,1.61332,12.7604,2.41991,-4.52243e-08
1.92078,3.72083,2.24892,2.48643,-3.34087e-08
2.17071,2.72359,4.17188,8.86739,-1.88352e-05
2.57986,2.42962,2.63542,9.48945,-6.95362e-06
2.39507,4.20361,5.46104,9.0743,-2.01788e-05
4.80985,1.6036,34.7207,2.34633,0.000166382
1.85153,1.55235,39.1075,5.86534,0.0656111
1.11448,3.64404,25.4304,8.7034,0.00133692
2.07848,2.21619,25.9616,11.4111,8.41549e-06
3.31438,1.32972,31.3283,11.1483,0.000546854
1.63007,3.06916,3.38031,4.22099,-3.15231e-06
2.61069,1.70574,33.8143,6.40299,0.432932
4.82604,4.61174,25.0468,7.94679,0.0135591
4.62993,1.03018,36.3524,9.40401,0.0553427
1.89768,2.48604,34.123,11.9138,3.63143e-06
1.67576,3.96888,7.09902,2.52015,-6.62345e-08
4.77797,2.96623,5.42104,2.39494,-7.14838e-08
4.78458,1.72496,28.0642,6.67,0.08541
1.81034,4.70827,17.3411,8.12548,-0.000344431
1.336,1.11796,4.73101,11.8467,-1.52989e-09
2.36123,3.29613,18.7746,7.49905,-0.0007014
3.10863,3.20892,10.066,9.783,-1.559e-05
3.93793,3.26288,32.2511,5.04483,0.110808
3.59536,2.72352,14.567,3.63682,-1.23e-05
3.3873,4.44754,8.16809,8.9701,-4.93302e-05
2.57592,2.32065,21.9591,9.51753,0.000161436
3.95064,2.22977,28.5908,10.9275,0.000310415
3.8783,4.49944,7.49401,5.67198,-0.000122726
3.35452,3.54496,16.9805,9.52915,-8.10363e-05
4.48533,1.30873,32.7077,5.46236,0.188237
1.3801,3.75296,36.8353,8.79708,0.0610089
2.14748,2.07385,4.22812,3.9384,-2.47455e-06
1.44904,2.53324,34.3697,6.70629,0.383656
4.97975,1.73238,28.612,5.54701,0.0318315
3.07423,1.16089,12.9733,10.5138,-4.20002e-06
3.69115,1.52709,27.6934,5.49244,0.0127712
2.91554,1.85847,25.9384,6.49552,0.0158003
1.22256,4.63612,23.0969,6.78896,0.00337939
1.20237,3.34673,21.2643,6.3485,0.000603057
4.69166,1.61771,27.887,2.08793,5.87466e-07
4.9514,2.65379,35.8494,10.1266,0.0242454
1.23004,4.18108,37.8551,3.56855,0.00269635
4.08432,1.4827,35.5675,2.91776,0.00166259
4.56521,1.24909,37.1109,6.18231,0.476224
4.48591,1.0795,13.1309,2.15571,-1.89917e-08
3.9654,3.96646,22.0172,3.96884,0.000119954
4.85329,3.09502,30.1003,6.53813,0.291314
1.53917,1.52854,23.3793,8.62141,0.000664761
1.14933,3.89163,23.7678,5.11466,0.000537246
2.59882,4.55732,21.6589,9.65734,0.000122709
4.21588,1.90288,1.58172,8.24005,-5.48612e-05
1.08332,1.48935,25.7706,3.12343,2.11007e-05
2.21205,1.40876,4.97009,11.3719,-7.71905e-08
2.58645,4.76573,10.4907,8.47903,-0.000107722
1.39768,1.72743,38.5507,2.27164,1.58401e-05
4.21616,3.60187,14.4526,5.92942,-0.000551697
2.6794,2.22734,16.4312,11.602,-2.15903e-07
1.89738,3.14819,32.8742,9.79157,0.0163809
4.7669,4.51619,12.255,9.60344,-5.02207e-05
4.16758,2.797,15.0912,7.67897,-0.000908865
4.85044,1.82224,18.8198,2.92282,-2.77687e-06
1.50013,2.83998,13.7932,10.1308,-7.2463e-06
4.66052,2.64438,4.65964,3.41569,-2.04979e-06
2.94729,4.0846,27.4851,11.6867,6.18855e-06
1.42613,2.02913,24.7426,8.3484,0.00174863
2.91992,4.28086,9.39136,6.03438,-0.000190682
2.93466,1.61185,1.33813,7.77291,-6.13452e-05
3.89577,4.61018,11.9104,6.72788,-0.000848513
2.67476,2.0093,28.9258,8.83173,0.0128723
2.02523,2.86178,5.3398,3.27746,-7.15115e-07
3.14727,4.20384,9.38671,7.58413,-0.000318142
1.19704,2.135,4.34847,4.14994,-2.08769e-06
2.97826,1.21741,25.2914,6.82575,0.0146444
1.36978,2.41053,33.0375,4.38018,0.0151724
3.55135,1.65483,39.3508,4.43472,0.0146188
1.78743,4.08192,25.0844,2.25755,8.00718e-07
2.90639,1.08322,31.8883,6.48342,0.298852
3.38661,3.02868,39.725,8.18101,0.0971887
4.46432,4.09831,9.03224,8.55964,-0.000129064
3.58252,4.43708,1.11311,3.9272,-3.32393e-06
1.74613,1.33634,31.9334,7.36387,0.237485
3.16174,3.09909,34.246,3.38851,0.0057538
4.3529,2.6532,24.7195,5.47971,0.00457999
3.79346,4.50858,5.46673,5.76376,-0.00010152
1.87126,1.19439,10.8693,10.0756,-4.47129e-06
4.24729,2.53238,2.30074,5.275,-3.48228e-05
2.03685,3.61947,15.776,8.64372,-0.000159288
3.40598,4.2305,20.2024,10.3767,3.76291e-06
3.62201,4.27036,29.5616,4.25605,0.0074333
3.01989,1.11092,5.19205,11.5781,-3.61137e-08
4.47549,2.19382,34.3803,9.02735,0.130722
2.014,1.27466,36.2491,4.05705,0.0106564
4.18868,3.89166,35.9726,2.56441,0.000611447
3.93001,1.35657,39.782,3.1228,0.000773463
4.15867,4.52222,2.14538,10.0183,-4.85736e-06
1.03304,3.56977,36.4331,4.6828,0.0217027
3.02734,3.90968,18.5948,6.95337,-0.00161379
3.28069,2.79692,18.2855,2.86784,-2.13928e-06
4.64426,1.34647,30.1652,7.566,0.196276
4.84377,3.18485,37.657,11.3561,0.000764012
3.53132,4.5876,22.9707,7.30796,0.00828879
2.66076,3.94692,21.0599,3.32654,9.31116e-06
2.55908,3.302,12.2234,3.41331,-3.71158e-06
4.34435,1.00609,35.7341,10.313,0.0101217
1.10621,1.44096,21.8483,3.96411,2.19235e-05
2.40857,2.45433,8.71964,7.36345,-0.000246037
1.79477,1.24138,37.2139,8.11819,0.127864
3.53908,3.51909,35.4104,5.68319,0.309559
2.62159,4.20078,16.2003,7.63967,-0.00077888
1.25909,3.4137,19.9398,4.01522,-8.03635e-07
1.51225,3.44322,31.6531,7.24667,0.279603
2.54417,2.65608,25.312,10.3946,0.000156226
3.10532,1.19609,16.0018,11.2555,-9.10339e-07
3.82489,3.38717,16.3553,6.47259,-0.00125664
4.57314,4.98564,39.0157,7.78809,0.35388
2.85525,3.22609,23.6534,8.97409,0.00107305
4.47964,1.49648,27.8665,6.70821,0.0710344
3.61228,2.38915,37.1759,6.82081,0.954054
1.6908,3.28608,4.37496,10.9273,-3.17318e-07
2.28318,3.21837,27.9426,4.69243,0.00361015
4.66741,4.01457,7.37542,3.93822,-9.82096e-06
3.09292,2.67677,26.4096,11.3182,2.37227e-05
4.06976,2.43407,16.2543,2.48886,-5.4255e-07
4.54347,2.49519,7.50461,8.73342,-7.33268e-05
1.99967,2.96318,13.9745,3.82475,-9.24365e-06
3.62172,1.02865,2.99542,3.22389,-5.64128e-07
2.60521,2.08211,32.4981,9.16118,0.0513281
2.81189,4.10969,15.4795,11.8483,-2.62402e-08
1.81409,3.24617,30.2918,11.1805,0.00019871
3.63967,3.7514,9.02862,10.3887,-5.00835e-06
2.44112,2.20402,21.9134,11.8494,6.41717e-08
1.84394,4.12169,15.8672,9.63143,-3.39283e-05
3.89019,1.136,35.045,4.97912,0.0888796
3.37036,1.30574,38.0779,7.87403,0.254652
3.34954,4.75601,25.6288,6.90561,0.0311042
3.08555,1.28984,16.3965,10.023,-2.13381e-05
1.22571,4.98481,37.2187,6.80637,0.373751
4.42594,2.11567,20.3095,8.7404,0.000101309
2.78111,3.0457,36.5962,10.0403,0.0161714
3.40329,3.39197,25.2339,10.6607,0.000117648
1.86112,1.9192,13.0979,3.16895,-1.47335e-06
4.04825,3.58856,21.3942,6.04525,0.00163362
3.73049,3.33952,18.8177,6.40678,-0.000981238
2.19801,2.32766,30.7203,4.24304,0.00764613
2.98957,1.40423,34.1075,6.69511,0.635696
1.05905,1.61864,13.4335,7.16191,-0.000253798
2.83932,1.95685,37.8241,10.3284,0.00642362
1.13774,4.02853,20.8024,7.1232,0.000611614
3.47979,2.91259,19.2685,3.7871,-1.36816e-05
4.55583,2.5271,16.0922,4.51259,-9.78396e-05
4.0613,2.20202,24.981,9.02105,0.00224931
1.78852,3.1294,35.5577,6.74789,0.523128
2.88809,3.28476,3.3547,5.60956,-4.51188e-05
1.46228,3.63179,38.9265,11.938,7.12234e-07
3.1194,2.84458,14.3035,3.33918,-5.27706e-06
2.83548,2.91879,28.6765,10.4468,0.000820073
2.11356,4.29176,16.3996,2.76103,-1.03346e-06
3.80354,2.9402,19.5427,5.11141,-9.32042e-05
2.64004,3.8695,11.6629,10.9543,-1.40702e-06
3.56788,4.4817,18.1075,4.71391,-0.00013169
1.96623,1.99844,3.78603,7.90637,-5.13585e-05
4.45201,4.80194,4.04358,5.93862,-0.000123919
2.359,1.8797,6.67745,3.70247,-2.29792e-06
3.97486,2.90336,5.77376,4.2593,-1.11005e-05
4.96372,1.9056,34.3551,10.4198,0.0120696
1.75017,4.69344,30.8765,11.2686,0.000214137
2.26394,3.35123,36.6709,11.8911,7.37919e-06
2.3541,2.17755,21.1816,10.5593,1.05451e-05
4.48344,4.5503,25.4611,4.94176,0.00343742
2.88709,4.6113,27.2715,11.5278,1.47783e-05
1.20036,2.11508,23.3981,4.65892,0.000206258
2.42848,1.96703,36.1574,7.43235,0.508285
1.19092,4.23474,25.9226,8.4805,0.00246169
4.78953,3.56401,10.8166,8.27233,-0.000259491
4.17424,4.12907,23.4349,5.55905,0.00312782
1.71753,3.73382,20.9181,6.96651,0.00116521
3.12002,2.57163,2.18498,7.45194,-0.000120801
1.48236,1.6934,34.9188,4.62692,0.0234434
3.29629,2.45924,13.7903,9.08546,-8.91288e-05
4.62642,3.59223,26.9444,7.11999,0.0721048
1.6059,3.60138,7.68699,9.98431,-3.99804e-06
1.46291,1.18156,35.7348,11.9743,1.7786e-07
1.12606,1.40024,31.2023,2.74967,0.000124975
3.64526,3.076,33.9826,6.95258,1.30445
4.27993,2.89998,17.4359,8.26652,-0.000617114
1.32358,1.92952,2.13928,10.9186,-1.64917e-07
1.72615,2.48332,35.4315,3.58683,0.004632
1.64029,2.12107,4.9259,3.53646,-9.19266e-07
3.22085,4.45721,2.92154,4.37796,-8.33197e-06
3.79309,2.98005,12.8477,7.93369,-0.000421733
3.31863,1.22691,25.7801,4.9023,0.00185216
1.51479,3.64396,13.694,2.71368,-3.86817e-07
1.60018,1.28273,22.8929,7.18176,0.00282604
4.10293,1.61441,1.12411,4.85733,-1.37982e-05
3.31103,1.4553,30.5255,7.11946,0.289317
4.08406,2.09451,3.83562,10.8557,-7.67307e-07
2.83568,1.9352,28.2351,8.56878,0.0131375
3.32487,1.78623,31.238,7.8575,0.209834
4.19658,1.58176,27.8081,2.61311,4.06015e-05
3.9539,2.08875,28.6546,3.20196,0.000446462
2.43039,1.94834,33.8092,7.62919,0.40742
3.81306,1.23281,18.2201,3.85616,-2.11901e-05
3.66185,2.93205,25.4175,10.2426,0.000331101
1.24943,4.25108,19.715,4.2282,-5.43989e-06
3.60568,1.56933,13.4848,4.35928,-3.30168e-05
3.44774,1.82004,28.3848,2.95622,0.000161107
3.54499,3.57763,4.40293,3.63204,-2.62076e-06
3.10984,1.02533,7.40685,11.3141,-1.66021e-07
4.83688,1.82333,12.4031,8.92138,-0.000118252
4.67455,3.27226,7.50915,10.3343,-5.57745e-06
3.99789,1.18491,32.6433,5.41493,0.148551
2.79941,4.92461,30.3316,4.01005,0.00603891
3.81338,3.97795,19.2695,8.07269,-0.000429481
3.09402,3.82922,28.5515,9.47083,0.00546067
1.44275,4.94922,29.7984,7.51059,0.0752486
1.41303,2.14184,7.80936,2.44538,-3.60372e-08
2.70215,3.28247,6.99793,6.95404,-0.000321542
4.91534,2.30962,15.459,4.90076,-0.000170553
3.31059,2.54143,7.02931,10.5717,-2.05251e-06
3.48943,1.4934,27.2548,8.77848,0.00664109
2.44569,2.64754,6.08406,7.89187,-9.60894e-05
3.15079,4.17634,3.0988,3.927,-3.67819e-06
4.49519,4.58103,1.97259,3.13598,-7.94017e-07
1.97482,4.23231,8.6451,2.31006,-2.87545e-08
2.16195,2.24311,17.2006,10.3222,-1.09595e-05
1.93487,2.17095,35.6721,7.31626,0.477519
3.77507,2.82212,20.7673,4.30234,5.93686e-05
3.54524,2.16849,30.4579,6.64531,0.268535
3.04779,3.21089,10.6655,3.42045,-3.43684e-06
2.76311,3.40249,23.7359,5.65904,0.00258073
4.44742,4.34625,17.7439,3.48725,-1.76565e-05
4.82529,4.24743,7.37613,2.75612,-5.32823e-07
4.22099,2.07608,27.546,8.36257,0.0182758
3.44749,2.9301,16.8127,3.0842,-4.45857e-06
4.01448,4.1809,9.90676,4.71131,-4.68571e-05
4.69928,4.06221,18.732,5.44276,-0.000412306
4.81606,1.11825,31.4503,6.16595,0.287053
1.94596,3.97792,17.6241,5.5271,-0.000231215
1.82658,3.91799,19.737,9.65626,-8.86729e-06
4.16806,4.20714,35.4686,11.7693,7.49094e-05
1.04586,4.35993,23.4757,8.04715,0.00132392
3.91309,4.90517,34.2569,11.2704,0.00117096
3.93988,4.95918,29.6259,2.51752,9.38305e-05
3.73045,4.15285,18.8059,5.02147,-0.000176998
1.46169,2.8703,32.7709,5.36097,0.0709525
1.78451,1.42643,5.03681,8.57073,-2.09814e-05
2.60708,2.88854,24.4605,9.12834,0.00106984
1.87892,3.58161,23.0505,7.75571,0.00265788
4.91759,3.75293,28.5137,9.9831,0.00349082
4.52472,1.71452,21.4643,4.04937,8.40318e-05
1.10884,1.34842,13.4995,9.84249,-6.74672e-06
1.0175,2.82867,17.2784,4.73545,-3.60997e-05
2.85762,1.4078,4.10774,3.85365,-2.38605e-06
2.43471,1.87812,11.5404,8.7896,-6.25312e-05
2.1568,1.06352,34.6543,6.76166,0.435445
4.91215,4.91065,37.4237,8.54632,0.289912
2.84689,2.02756,21.0789,9.12332,0.000151626
3.03511,4.28015,10.6005,2.90513,-9.0855e-07
2.07939,2.17716,8.413,10.1179,-3.9183e-06
4.22285,2.0091,31.7284,10.179,0.0109343
4.10841,4.62521,21.791,11.425,2.61933e-06
1.17508,2.40305,9.76556,4.17522,-4.83466e-06
1.42029,4.80731,35.2244,3.02582,0.00110829
1.86075,4.48884,16.7145,9.91774,-2.3533e-05
3.0255,2.60829,10.3153,8.16825,-0.000159332
3.85968,2.80313,2.68233,11.1695,-2.68277e-07
3.82572,2.32583,26.9977,6.94819,0.0586152
3.94469,1.10369,34.9206,5.32547,0.145018
3.01287,1.37907,24.5845,3.61915,0.000111875
1.14442,3.1921,28.2555,3.30432,0.000150938
1.47296,1.18317,14.2938,9.27881,-2.47673e-05
1.25966,2.2763,24.9238,5.08425,0.000801351
3.60724,3.30113,18.576,3.88742,-2.71495e-05
2.59928,2.40893,7.26716,7.97706,-0.000106167
1.79386,4.72044,17.7694,2.96462,-1.87966e-06
3.78279,2.10923,27.8702,7.49267,0.0547757
3.71798,1.70655,9.2087,9.86375,-1.16801e-05
2.72161,3.9041,39.1301,9.1115,0.0331661
1.37115,2.50852,23.4668,3.7055,4.67359e-05
3.99095,3.39162,15.8715,5.93724,-0.000658625
3.08538,1.23525,2.55512,2.41697,-2.68353e-08
2.20471,1.93755,21.3532,10.7183,7.675e-06
4.94335,3.53101,16.1801,9.7014,-8.18116e-05
2.60393,3.18538,30.7696,8.93903,0.03684
4.56627,3.62683,37.528,3.19615,0.00446082
3.21944,1.892,36.6918,6.70864,0.749646
4.36275,3.88377,39.6773,11.8964,4.04516e-06
1.32756,1.17377,29.8317,11.5751,1.43122e-05
3.70106,1.12633,5.52251,5.635,-5.48306e-05
2.1939,4.01831,4.96765,3.80195,-2.53643e-06
1.37319,1.76076,31.1239,5.36421,0.0303818
4.65288,4.71105,1.85744,10.2051,-3.68487e-06
2.47684,2.22585,28.4504,6.99985,0.0835633
3.78276,4.70069,32.5985,6.04143,0.467591
4.60495,1.11019,16.0025,10.7418,-6.01639e-06
1.69046,2.90957,29.6074,6.05309,0.0426256
1.14309,1.94867,30.7335,6.39549,0.0748796
3.2961,4.27549,5.09923,8.31837,-7.49184e-05
1.77407,3.53125,38.481,7.63609,0.202702
3.21248,3.39427,31.5093,10.1717,0.00881175
1.65196,2.0449,38.4794,8.89089,0.0331812
4.64499,2.1911,28.8487,4.91297,0.0152087
4.61241,4.39592,2.6558,8.86228,-3.70568e-05
2.27811,2.4345,5.24722,3.94936,-3.22192e-06
1.17406,1.93264,36.9118,4.56054,0.0164138
4.13284,4.40695,6.7343,5.70685,-0.000122149
3.35991,1.30839,14.4023,6.42536,-0.00056278
3.48783,1.94187,38.368,3.66217,0.00618866
3.62026,1.24852,30.7069,10.6786,0.00152959
1.93708,2.38129,19.3978,3.82004,-6.60289e-06
3.71013,2.96124,12.3113,2.75691,-8.29967e-07
4.1211,3.44784,5.64589,3.40024,-2.13187e-06
1.75123,4.98549,38.9385,9.45046,0.0147216
4.43046,2.10802,19.3463,7.02419,-0.00124481
3.2491,1.62096,9.91725,6.46251,-0.000287882
1.85307,3.01174,16.5105,2.15023,-1.83165e-08
3.50661,4.11966,6.38649,3.79374,-4.86367e-06
3.0213,4.89341,16.8001,6.67573,-0.00139875
4.10617,1.48245,20.4562,8.25876,0.000238189
4.96752,2.0272,37.5399,9.92789,0.0270514
3.01624,2.83484,3.42801,8.14676,-6.24153e-05
2.71107,1.75985,10.2529,3.95815,-7.31954e-06
2.38471,4.35382,39.8489,3.31331,0.00103778
4.97617,3.91588,37.8977,4.14601,0.0329018
1.7778,3.6439,5.98735,4.7289,-1.16117e-05
3.87684,4.61805,16.6377,8.94454,-0.000234436
2.69596,2.81195,23.8644,5.46114,0.00196144
2.8148,4.08961,26.0364,10.0843,0.00049055
3.65827,3.81323,32.1287,4.79464,0.0705624
4.8754,4.99832,8.53675,10.0694,-1.24932e-05
1.75097,3.40129,31.2073,7.9255,0.120933
1.1165,2.48247,4.22531,8.65887,-1.27008e-05
1.02619,2.79523,12.3962,10.3867,-2.29497e-06
1.37564,1.75777,18.5172,10.6972,-2.47552e-06
2.67289,4.2738,20.2431,10.0941,6.34709e-06
1.62857,1.46854,12.2102,10.2427,-3.84014e-06
2.03887,3.30788,35.2571,9.55918,0.029155
1.0577,2.26586,29.6958,3.44413,0.000405631
2.90313,4.92216,31.185,6.95278,0.558622
1.81202,3.72416,9.19372,7.3473,-0.000224702
1.58531,4.74358,2.84298,4.51253,-5.12785e-06
2.59348,3.68633,23.3247,11.1641,9.88973e-06
1.96724,3.42826,22.001,10.9963,6.22054e-06
4.05264,3.30087,1.97643,3.30985,-1.04452e-06
2.0411,3.083,6.89763,11.3174,-1.49178e-07
1.68459,1.56001,27.4851,3.98339,0.000502536
4.26122,2.86078,29.2376,4.73267,0.0143661
1.0112,2.48003,36.173,4.27115,0.00998306
1.56655,3.17339,6.3425,11.6666,-1.81483e-08
3.8253,4.24017,34.4494,10.5025,0.00957447
2.54453,4.39506,24.1342,2.70653,9.01797e-06
2.50051,4.76654,21.3985,2.51003,8.70365e-07
4.85508,2.474,27.9631,5.02838,0.0119931
4.36871,4.18915,34.0992,2.68227,0.00105998
1.43815,2.79376,30.8769,6.83334,0.182764
3.00264,3.97276,24.3243,3.5204,0.00011123
3.39042,4.43137,2.35674,3.1739,-6.89864e-07
1.74498,4.33235,25.5421,8.30537,0.00384842
2.49006,4.85802,1.23747,10.5153,-9.55519e-07
2.09821,4.33065,8.265,3.70628,-3.22856e-06
4.33285,1.95952,20.1752,6.39976,0.000219062
4.13398,3.72493,14.8514,4.35378,-6.15738e-05
4.42154,1.16805,10.2886,4.80037,-4.19888e-05
2.19773,1.87202,11.0157,5.97594,-0.00013963
1.81218,4.95556,12.5704,6.27499,-0.000272189
1.63654,3.33055,35.2901,3.06022,0.00130856
3.34517,2.63633,18.1754,8.64523,-0.000274319
2.14968,3.49969,36.1261,6.33173,0.406633
4.51711,2.87429,8.46715,4.68406,-3.71876e-05
2.90426,1.80711,15.0427,3.53431,-7.61086e-06
1.88101,3.9237,1.77251,4.3537,-3.95923e-06
2.68298,2.67398,19.7888,9.22928,-1.92635e-05
2.14911,1.28609,10.1273,4.58097,-1.47549e-05
4.2179,2.10113,29.5764,4.23759,0.00707257
3.7484,4.02473,13.4167,7.04155,-0.0013122
4.14842,3.00673,30.637,9.88675,0.0117145
1.23096,1.46032,7.03708,2.10356,-9.44662e-10
4.32299,3.04944,33.2963,10.1345,0.0207915
2.00447,1.43395,2.56833,10.9231,-2.32516e-07
4.61487,3.21138,19.4474,8.08663,-0.000390568
2.11663,3.49794,24.463,11.246,9.79543e-06
3.7556,2.63985,12.7201,4.52533,-4.69567e-05
4.81799,3.44045,19.2539,8.66697,-0.000248441
2.63919,1.28685,33.2112,3.95503,0.0111662
1.56082,1.06526,2.45308,9.51647,-2.86603e-06
4.22756,2.84359,9.0364,7.48319,-0.000414517
2.49742,1.61793,24.6872,9.59535,0.000448693
2.26844,1.44432,31.5602,7.53054,0.22549
4.51385,1.0265,6.43571,2.90542,-4.50529e-07
1.04604,2.68322,1.19463,4.53374,-2.5291e-06
3.34633,4.57634,3.34011,4.82258,-1.86035e-05
4.8774,3.6455,4.99219,4.60093,-2.27833e-05
2.15902,3.19909,37.8142,6.89431,0.562676
3.46428,1.81804,21.0204,2.34291,2.47193e-07
1.3576,1.43282,29.8105,10.7887,0.000269506
2.23827,3.00822,25.0285,2.71711,1.10678e-05
1.19371,3.08264,10.9186,9.80966,-6.49722e-06
1.8192,3.72086,39.4341,8.65622,0.035123
3.01794,1.33577,29.6098,10.7604,0.000554034
2.67654,3.36919,33.4728,11.545,0.000216458
2.8001,1.84709,35.4361,4.72759,0.0534672
1.67909,4.6104,27.294,2.38043,5.1585e-06
3.71421,1.43811,22.6967,5.47554,0.00128861
4.92466,2.48894,29.0746,3.92021,0.00362275
4.26872,3.63587,21.3383,11.277,3.29244e-06
1.83145,3.60279,33.8042,9.03361,0.0598329
4.64205,1.91111,29.4668,11.3944,0.000118184
4.52164,1.05942,26.4535,5.73532,0.0099732
2.25081,1.89288,6.32601,11.7886,-7.98029e-09
4.18787,1.29251,21.4946,3.07319,8.14729e-06
4.13112,1.80017,18.8973,9.01497,-0.000141487
2.75009,4.34377,2.19037,4.98885,-1.68093e-05
4.18489,4.00992,28.6693,6.79409,0.150014
2.93768,2.78923,26.9934,8.01589,0.0162581
1.77382,4.02573,1.57133,7.95552,-3.99294e-05
2.8102,4.96702,35.0546,3.10857,0.00278106
2.93642,4.30621,1.37104,5.07387,-1.83614e-05
4.40711,4.93112,9.64099,11.8216,-2.23714e-08
4.14677,1.73441,26.423,5.90902,0.0138023
3.96161,1.40421,3.65577,5.011,-2.15719e-05
2.46835,1.74275,37.8001,10.8145,0.00175142
4.44485,4.85969,21.296,3.63845,4.16231e-05
3.06187,2.47627,2.04568,2.62419,-8.82914e-08
3.1785,2.52449,7.25165,6.21157,-0.000163998
1.38783,1.616,13.5426,9.39599,-1.93795e-05
2.45342,1.7178,16.145,6.64039,-0.000770222
1.07662,2.1358,18.2349,4.14318,-1.25794e-05
3.6676,4.02978,20.498,11.9433,2.94232e-09
4.46911,2.34738,22.8817,3.6745,0.000106855
3.70537,4.47097,6.75891,10.1648,-5.97104e-06
2.57709,1.57329,7.01788,8.76118,-3.19554e-05
3.49134,1.5006,23.382,4.30199,0.000293431
4.56286,3.02024,21.8606,8.9301,0.000707201
4.95295,2.30246,35.9876,10.4061,0.013138
3.52144,3.82405,11.7265,5.84406,-0.000260817
1.04082,4.21945,5.18618,5.78114,-2.70757e-05
1.34558,3.83166,28.9484,4.99885,0.00611328
1.21212,4.25509,5.85942,3.79815,-1.58656e-06
1.81881,1.35633,26.0098,6.61048,0.0102084
3.58032,1.19627,38.7878,3.35978,0.0021649
1.10262,4.61097,39.2088,2.19605,5.4769e-06
1.95744,3.72718,25.6492,7.7096,0.00900447
2.5635,3.92189,31.2474,11.3189,0.000307848
2.695,2.20677,17.8411,9.4973,-6.14252e-05
2.70604,1.83188,10.054,10.9013,-1.04477e-06
3.67502,1.29616,34.769,7.58365,0.559392
2.68834,3.93822,28.6904,6.09502,0.0446843
3.41269,3.26088,25.4077,6.1516,0.0116933
1.1836,3.98357,22.9631,7.97445,0.00127
3.1027,2.71323,5.77933,11.2308,-2.58862e-07
4.97903,2.76634,34.1601,3.08073,0.00401673
4.43708,4.00243,34.8506,6.41222,0.952887
4.15878,4.49668,31.5594,9.33774,0.0531899
3.63856,1.88811,20.7335,2.2515,8.79922e-08
4.37376,2.52846,23.7221,8.16597,0.00469479
1.0188,3.24893,35.8617,2.34811,4.41606e-05
3.8663,3.00204,9.57309,11.5563,-1.40541e-07
2.04485,3.21419,39.2277,3.02111,0.000558416
4.02569,4.4381,14.9453,2.214,-7.37714e-08
3.84069,3.59467,15.6423,8.18682,-0.000532009
3.85684,1.77466,8.03589,10.3689,-3.86014e-06
3.15723,2.55658,14.7706,8.74916,-0.000166059
3.54475,1.51189,32.7797,3.3662,0.00435102
1.18273,2.237,35.7342,11.2547,0.000311876
1.2906,2.46889,21.308,3.24439,4.23743e-06
2.72892,3.07917,36.9317,7.83255,0.39081
1.27607,1.81573,30.7971,6.24242,0.0711288
1.60217,2.53036,33.7499,4.58959,0.026895
1.97797,3.62635,12.191,7.48279,-0.00034381
3.013,2.29012,27.6384,6.82164,0.055513
4.81956,1.19067,34.9634,8.51368,0.227853
4.21365,2.22696,35.52,5.54314,0.272484
3.18251,4.41113,28.021,6.59223,0.0657721
1.82857,1.50689,39.7161,10.4829,0.00102287
2.01363,3.13604,37.5621,2.0258,2.85345e-07
2.27846,1.51692,32.5358,7.33295,0.41098
2.14073,2.94219,23.7395,10.1954,0.000104837
1.23867,3.83355,35.3525,10.094,0.00707231
3.17849,1.0203,11.3939,2.47194,-1.21518e-07
3.66284,4.40854,38.9618,11.0827,0.000910895
3.80024,1.67504,33.3837,4.65417,0.0604182
1.40572,2.19195,22.2508,10.8699,6.54885e-06
1.51359,3.3161,38.6849,10.3898,0.00239512
3.66856,4.45797,14.8281,3.27705,-6.45136e-06
1.63459,1.94775,19.9492,10.1836,-5.15267e-07
3.75914,4.03273,38.075,7.75206,0.463741
2.8381,2.63519,22.22,2.07033,1.91862e-08
1.099,2.83124,16.6123,9.1267,-4.56047e-05
3.01789,3.44813,34.1157,10.1696,0.0144936
3.65808,2.75824,10.6456,4.84572,-5.37027e-05
3.46368,1.13586,27.1841,4.72405,0.0027257
1.49122,4.93864,35.3951,11.5581,0.000124446
2.32057,3.24003,25.2143,10.6758,7.59072e-05
1.13266,1.63929,21.8652,5.24457,0.000186281
1.24113,2.71937,26.9087,11.2954,1.31838e-05
4.29853,3.93427,7.48316,3.90848,-8.6446e-06
3.22734,3.14619,1.65455,3.24248,-6.69269e-07
4.77088,3.0192,32.8383,2.5349,0.000519845
4.25224,3.61978,35.006,9.31734,0.0914725
1.12947,2.14832,30.2449,9.36779,0.00549421
2.19707,3.56344,7.87361,10.0584,-4.88016e-06
3.29812,2.03863,38.7569,10.5594,0.00301599
1.43327,3.80349,1.22555,5.49305,-1.53061e-05
3.66064,2.29421,15.4994,11.3914,-7.45574e-07
1.32061,1.28572,24.6475,8.72447,0.000792405
1.03599,4.42777,37.5415,7.07633,0.323745
4.41138,4.16277,5.36338,7.38973,-0.000307507
1.45773,4.75341,8.52781,5.33732,-3.49082e-05
3.46196,2.36336,3.65862,11.912,-1.41577e-09
1.03974,4.00572,14.0358,11.0982,-5.48914e-07
3.04543,4.56789,16.2722,4.36186,-5.98161e-05
4.43931,2.80288,31.3834,6.54976,0.550782
2.41755,4.41873,23.0036,6.73855,0.00601362
1.30484,3.77852,28.5864,8.14868,0.0151032
4.36065,3.6011,30.9589,9.02955,0.0620222
2.42358,2.67763,11.5463,3.69478,-5.49734e-06
2.45769,1.00526,37.4053,9.3876,0.0259451
2.80276,4.33184,12.3761,8.24364,-0.000213144
3.90759,3.90426,6.23155,9.81586,-1.09081e-05
1.71581,1.15552,4.85718,7.356,-7.70539e-05
2.9376,4.10087,27.3769,9.91647,0.00131733
2.82995,3.03837,33.2336,2.96909,0.0016199
1.0158,3.98631,28.7519,4.14118,0.00104663
3.99957,4.02171,31.9239,2.68,0.000661233
1.50718,2.57215,39.7375,2.97201,0.000248251
4.83424,4.79172,27.4027,5.0202,0.0102758
4.83544,2.93469,4.88557,3.89652,-6.19812e-06
2.12784,4.95955,5.44812,7.16115,-0.000197063
2.82234,4.68841,26.418,11.1488,4.5047e-05
3.72685,3.08492,13.6576,11.6458,-1.58487e-07
1.70854,3.4432,18.908,11.6543,-9.05119e-08
2.38611,3.62672,21.0273,9.52909,7.43602e-05
4.76169,4.74857,2.58203,2.64882,-1.88093e-07
2.5052,3.25764,7.45223,5.77133,-8.35709e-05
4.58409,2.72286,28.4149,2.18255,4.272e-06
1.99322,4.35878,23.4687,8.35942,0.00170251
4.45581,4.18435,9.85666,4.30636,-2.67078e-05
2.29686,2.42952,25.0723,9.0467,0.00131163
2.32941,3.65552,16.7293,2.40751,-2.33651e-07
2.77924,2.37924,13.1648,3.29681,-3.29973e-06
4.93805,2.99547,12.3776,3.80572,-1.66441e-05
1.13257,4.69608,15.3562,4.98684,-5.18285e-05
4.10438,4.28983,13.5288,3.88629,-2.14444e-05
2.4855,2.08584,24.0872,2.53215,3.43888e-06
1.29341,1.49777,11.2837,7.17787,-0.000204056
2.53629,3.0315,1.48715,6.21567,-6.48941e-05
3.46811,1.5269,9.01446,10.1711,-5.69131e-06
2.56295,4.5591,16.1597,8.93794,-0.000147112
4.16892,1.61328,24.284,3.07229,3.87527e-05
1.86546,1.27928,21.5271,8.27035,0.000410058
4.12905,1.03849,9.97645,8.19765,-0.000139933
3.33986,2.50837,10.4579,9.45903,-2.88251e-05
4.69364,1.15727,16.4936,3.66278,-1.67943e-05
1.32847,1.95375,7.04758,2.05164,-2.68619e-10
4.73216,3.3267,2.13491,7.08306,-0.000286771
2.22899,3.19095,37.7327,10.9631,0.00129159
2.65793,2.07284,17.124,9.02841,-0.000121796
4.50878,1.77957,16.2167,11.2705,-1.51528e-06
3.1211,3.18967,35.4445,10.8306,0.00332496
1.99459,1.69182,38.5979,3.39075,0.00165326
3.16572,1.44341,37.298,9.01575,0.0710381
1.1716,1.03459,9.15085,8.82874,-1.50914e-05
3.40167,3.32523,6.78957,2.47726,-1.00013e-07
3.51756,3.8032,23.3247,9.38658,0.000634787
1.9101,2.96555,20.1732,11.3243,1.19673e-07
3.52482,3.47953,28.7768,3.58429,0.001204
3.02715,3.09231,26.5118,3.32486,0.000173879
1.7034,1.96475,31.7824,4.11347,0.00778173
4.56198,4.57234,36.9241,11.3991,0.000758127
2.74061,1.90466,25.2259,5.50259,0.00332187
4.00911,4.02888,23.3009,8.22011,0.00373396
2.05315,4.16661,5.7842,4.88974,-1.71069e-05
3.53007,1.28657,38.6992,5.69281,0.116665
2.83574,3.09,7.03176,2.18288,-9.33659e-09
4.12086,4.75475,17.7365,5.09913,-0.000280977
4.00843,1.22556,35.4183,2.06955,3.80455e-06
3.32077,1.51012,19.5548,2.8033,-5.78274e-07
3.93386,4.08495,23.2832,11.0774,1.98724e-05
2.12367,2.68233,3.61451,2.4317,-3.02327e-08
1.78824,3.72625,24.9187,10,0.000221483
2.95228,4.7271,34.807,2.60874,0.000545172
2.2158,2.14732,8.30213,11.1624,-3.13284e-07
4.76654,3.30517,25.0479,5.64241,0.00752597
1.93909,3.01475,34.9458,8.61691,0.110332
3.46563,3.50094,26.9736,5.30676,0.00840112
2.65478,3.46405,9.00108,9.88091,-9.63925e-06
2.54031,4.58895,5.71206,8.43756,-5.44872e-05
1.51363,4.96684,23.427,10.4314,4.41907e-05
1.41059,2.68651,23.0257,9.31501,0.000228349
3.19197,4.14094,9.2418,10.4263,-4.27092e-06
1.10272,3.80874,28.4957,4.74297,0.00264044
3.53639,2.15376,4.28438,2.22536,-1.14578e-08
1.90245,4.2963,26.75,6.53297,0.0194147
2.63189,1.47533,26.2095,5.92068,0.00757612
4.55829,2.39367,34.1732,6.64556,1.11126
1.03678,4.15054,33.3706,7.27394,0.304549
2.77554,4.50224,21.9787,5.70981,0.00120209
4.91738,3.77212,26.4802,9.05744,0.00572294
3.62083,1.30849,34.9375,6.49654,0.604858
1.35438,4.81139,12.3611,3.05656,-8.74001e-07
4.10488,2.9377,27.5032,4.22678,0.00234953
1.09279,1.97957,28.8706,11.5432,9.78591e-06
2.08416,1.32264,31.8613,3.69836,0.00380503
2.37973,3.7099,14.7309,9.45187,-4.77827e-05
1.1537,2.043,21.7141,8.48945,0.00026407
1.81519,2.76232,2.89102,8.06416,-3.85943e-05
1.81176,1.20268,30.1991,5.73143,0.0322972
4.27561,3.46319,39.3324,11.7133,4.36162e-05
2.21656,1.00941,17.698,2.61979,-4.22101e-07
1.49042,3.40731,20.7808,5.30877,0.000116247
3.09487,4.60078,37.2109,6.83255,0.957755
2.86031,1.81546,30.1205,9.73684,0.00663016
1.55645,1.30609,34.1716,9.86711,0.00964357
2.57338,4.83712,7.53129,2.67738,-2.21539e-07
3.18497,1.61487,3.9438,11.7334,-1.30191e-08
3.52294,4.69771,2.56854,3.96801,-4.25267e-06
3.11991,1.53839,3.57088,5.41894,-3.0812e-05
3.38854,1.16285,30.0766,10.0938,0.0033296
3.42904,3.86269,6.88574,7.56644,-0.000239602
4.5691,1.25097,11.8126,7.51624,-0.000508727
4.82501,3.06513,8.52934,4.65169,-3.87381e-05
3.81097,1.76811,12.5758,4.722,-5.5853e-05
2.55675,3.78084,5.91108,11.1753,-2.84856e-07
3.02988,1.18478,36.4554,8.77749,0.0977074
2.29535,2.02253,37.4165,6.13034,0.254947
1.75715,2.57944,2.75004,2.50864,-3.32019e-08
2.87581,1.27419,38.161,11.6689,5.43746e-05
1.94988,4.35025,39.8968,6.21652,0.0879072
2.528,3.82656,3.80506,7.92234,-7.7262e-05
3.76866,2.25316,27.7803,9.11871,0.00662698
4.11954,1.77349,19.1529,11.2357,-1.11236e-06
1.58283,2.4582,14.4375,6.71115,-0.000456285
1.10393,2.17098,9.85582,10.9665,-3.64062e-07
1.35576,1.77419,39.4805,9.77442,0.00371565
2.4977,3.45672,31.6312,8.81805,0.0676849
1.00286,3.57647,38.9955,2.27496,1.13764e-05
3.11277,4.45012,18.6643,5.81948,-0.000463973
2.09184,1.29636,26.5795,8.3553,0.0047818
3.2357,3.801,30.365,6.03013,0.133537
2.14416,3.42308,37.1382,3.94391,0.0116274
2.9891,1.81902,36.9936,6.66583,0.632859
3.2034,4.25944,19.1807,6.42303,-0.00071006
1.19649,3.45442,17.3005,10.826,-2.12005e-06
4.63379,1.48038,24.3587,6.29463,0.00938993
2.03054,1.53995,35.9381,4.97867,0.0526487
3.61956,4.23349,29.4945,6.97044,0.253828
4.94627,4.03336,37.4848,3.98633,0.0279097
2.88898,1.57457,38.4694,10.3888,0.0040639
2.76249,2.99285,25.1847,10.4374,0.00015118
4.73589,2.90725,36.2208,5.28205,0.230102
3.16176,4.01514,11.2832,3.26286,-2.83872e-06
2.66763,4.48805,19.7912,11.6028,-5.25757e-08
4.20259,4.39078,18.5307,9.08387,-0.000191946
1.96957,2.21559,10.326,10.846,-9.8262e-07
2.38028,1.98868,6.40141,2.73996,-1.77404e-07
1.53608,1.50455,23.0505,7.23732,0.00295189
4.4904,1.60841,1.71628,9.35604,-1.16579e-05
4.21539,2.06173,15.7087,8.47468,-0.000351377
1.84885,3.44427,5.14696,8.57799,-2.88006e-05
4.96935,2.97031,6.68438,7.2538,-0.000445687
4.837,3.85463,15.0816,4.70162,-0.00013253
3.73562,2.83191,34.1815,8.51354,0.23964
3.78959,2.91188,13.0107,5.05549,-0.000114854
1.96597,2.16703,28.319,3.84118,0.000776956
4.48947,4.75462,6.63686,8.54149,-9.60643e-05
1.26793,3.01041,34.2977,5.56543,0.0917425
4.31289,3.2814,27.6863,10.2443,0.00115132
2.07469,3.73825,13.825,10.1976,-9.42825e-06
1.88508,1.3095,37.0654,10.3963,0.00382452
4.27289,3.57542,11.4476,9.56302,-4.00486e-05
3.4281,4.30393,25.0793,3.73017,0.000276413
4.32227,1.11604,8.51837,8.02727,-0.000149157
2.34717,2.99077,19.7131,11.1076,-4.61777e-07
2.67841,3.94907,37.8583,11.2405,0.000644512
2.74515,3.42766,2.00958,9.63928,-5.84513e-06
2.06264,1.6538,9.771,9.51035,-1.27904e-05
2.99051,3.10724,13.6785,4.85831,-7.75718e-05
4.23274,2.17188,23.9515,11.5157,4.42891e-06
2.53017,2.4872,31.506,3.5986,0.00399178
1.57168,3.02784,6.07086,6.9782,-0.000164991
3.13067,2.49994,34.9536,3.71966,0.0111262
3.4875,3.58063,37.6608,11.3096,0.000678243
2.5249,1.09116,25.9076,3.41075,9.3453e-05
4.38736,1.12602,29.9162,9.31763,0.0146829
4.64705,3.08474,18.7353,7.14651,-0.0020115
1.70385,2.74505,1.58029,8.43909,-1.92083e-05
2.31762,2.12017,21.4385,7.93604,0.000863482
3.01564,2.79358,17.3449,2.95603,-2.75205e-06
3.86551,4.4206,23.0574,10.9907,2.31824e-05
3.34868,1.76768,16.8876,10.243,-1.8037e-05
3.16137,2.97029,10.6624,6.98878,-0.000665463
3.84987,4.04541,34.2309,4.27534,0.0434039
1.94885,1.61576,39.3585,10.3794,0.001737
1.28752,3.57324,5.83962,5.65769,-3.02479e-05
3.3424,3.51611,38.8584,5.38118,0.0932941
4.03934,1.01315,3.01696,8.702,-2.62179e-05
2.31506,1.39483,33.5979,5.93913,0.204438
3.13104,4.83792,33.7665,7.44435,0.806451
3.07898,3.49625,20.6753,3.62824,1.22785e-05
4.34141,2.43617,1.48146,2.33801,-2.58769e-08
2.16696,4.70974,14.8418,7.58367,-0.000564562
3.34319,4.27283,23.3717,3.11812,3.1252e-05
2.63186,3.62138,36.0605,5.14334,0.111499
2.62888,4.79757,3.41107,9.83098,-5.10947e-06
4.38198,2.43697,7.25581,4.21623,-1.33256e-05
4.3554,4.62419,20.6159,3.4515,1.12164e-05
3.55109,2.68324,1.36763,6.33676,-9.96913e-05
4.45013,2.88709,13.0386,9.37772,-7.03614e-05
2.25413,3.78322,37.5186,7.56787,0.407336
3.2895,4.49076,10.0607,2.03508,-5.88733e-10
1.71819,3.19127,16.0918,4.24458,-2.50018e-05
1.147,4.82784,37.1571,8.29444,0.0991011
1.50311,3.59858,34.2088,10.7894,0.00182883
1.9722,1.03488,15.2213,3.3829,-2.98153e-06
4.67243,1.43887,18.6958,4.29263,-5.40777e-05
4.70285,2.60241,23.3405,4.61842,0.000786052
1.9922,1.01018,9.49498,3.09696,-5.44441e-07
1.67785,1.69476,27.1446,5.85227,0.00726761
3.025,3.62337,23.2862,3.48806,6.5338e-05
1.0575,1.7091,25.1281,3.65762,5.82473e-05
2.34623,3.71702,13.0998,11.1008,-1.02512e-06
3.6995,4.89092,10.2567,10.661,-3.50787e-06
2.96503,1.50638,23.6225,4.96027,0.000786548
4.26739,2.99937,4.02471,3.65155,-3.00322e-06
2.98903,1.88946,10.4214,4.20343,-1.32933e-05
2.97359,1.72071,35.994,9.686,0.0281689
2.09756,4.67691,26.3498,8.80207,0.00345812
4.47088,1.5808,5.44722,4.1235,-7.74005e-06
2.70663,4.9052,12.8268,10.4388,-6.57728e-06
3.86304,3.36453,17.0484,6.32114,-0.00114759
3.61085,4.65523,3.66072,2.66313,-1.72338e-07
1.57353,4.44864,38.3521,8.02477,0.127172
4.66954,1.758,12.5869,6.67698,-0.000839993
3.09072,2.16662,9.92012,10.8197,-1.53764e-06
1.00963,2.40958,31.5911,10.4196,0.00158099
1.93828,3.39112,5.22626,5.03993,-1.78737e-05
1.415,2.99265,3.0882,8.49077,-1.83345e-05
3.77147,3.57755,5.35097,4.33898,-1.19774e-05
4.58554,3.74038,37.1504,6.00079,0.544353
4.12957,1.03431,17.6472,9.4197,-7.94145e-05
4.76803,2.31431,39.0234,10.9367,0.00151129
4.44072,1.27138,7.01196,4.75169,-2.47419e-05
2.33676,2.11864,2.93854,5.05156,-1.4337e-05
1.5306,4.15632,38.0928,4.99261,0.0370883
3.68809,2.7323,3.20213,11.772,-1.14446e-08
1.01094,4.97303,16.4682,8.74935,-8.00018e-05
1.41542,2.07476,7.32471,10.8256,-4.61542e-07
4.70421,1.85659,30.8468,8.70669,0.0823839
3.98943,4.9712,22.823,3.22645,3.93796e-05
1.12135,4.5753,33.3285,11.6752,4.28497e-05
3.47457,2.69204,13.1793,3.22906,-3.61589e-06
3.35954,2.17001,22.0502,9.04936,0.000451712
4.27428,1.04167,20.8091,8.85943,0.000181406
4.04157,4.78208,7.08702,6.99026,-0.00054507
4.11442,4.91388,18.2191,11.2189,-2.28595e-06
2.50915,2.6213,23.2761,7.85046,0.00326813
1.05838,3.11968,19.1854,6.5771,-0.00025878
3.59941,4.63902,39.538,7.53396,0.27041
3.87611,3.83177,35.8447,5.74753,0.373736
2.32313,1.60089,34.7242,2.6287,0.000347834
1.73041,4.31412,11.9827,2.54329,-1.66836e-07
2.56833,1.89573,22.5083,8.65032,0.000756894
2.4132,2.3406,5.13764,2.83096,-2.19014e-07
1.18124,4.00988,35.6712,8.60531,0.0726948
1.83862,3.73782,14.9105,8.67769,-0.000119954
1.57877,4.9236,2.46783,4.34565,-3.72095e-06
1.71473,3.94563,13.7952,5.67326,-0.000147882
2.65514,1.55987,4.72819,9.30913,-1.07128e-05
1.3844,2.96843,30.535,11.3749,8.30372e-05
2.49811,3.66116,14.2732,11.5949,-1.69331e-07
4.91498,2.20618,37.8562,10.4242,0.00932869
1.81466,4.825,25.917,7.79136,0.00897518
1.49027,4.5964,36.323,7.40678,0.39479
1.38725,2.76051,11.0817,2.10264,-2.40953e-09
1.94022,4.56572,27.5578,11.2,4.49572e-05
2.57011,4.91247,31.9727,10.7055,0.00289256
1.60759,2.17282,30.744,8.4116,0.0414433
3.94305,4.69461,32.8168,7.13948,1.26699
3.49755,4.88759,14.5116,4.11564,-3.41376e-05
4.3532,1.81436,17.3826,3.89437,-3.19523e-05
1.51589,4.28348,10.1147,10.1153,-4.42295e-06
3.60407,3.85003,17.5475,4.04108,-4.30373e-05
3.09195,1.27266,19.9486,3.56943,-5.01359e-07
1.33528,4.92452,25.8763,11.2455,1.20779e-05
4.00605,4.72454,29.9186,9.95324,0.00715017
1.6625,3.88128,12.4844,4.52171,-2.17446e-05
3.96541,2.57765,35.8055,5.66446,0.312711
2.00398,3.22926,18.7625,3.99818,-1.72394e-05
3.38582,1.66674,30.503,9.0372,0.0291387
4.6982,2.41189,28.3646,9.94499,0.00295014
3.88951,1.06907,36.7904,7.84971,0.380178
1.52984,1.17731,26.2845,11.5864,2.33911e-06
2.98982,3.18868,16.8911,9.26977,-0.000105711
4.63758,1.97309,12.9434,3.08407,-2.86772e-06
2.25464,4.71694,32.9105,7.97279,0.291939
3.38551,4.22806,33.2684,5.96025,0.415463
3.78337,4.09828,20.321,11.0051,1.43489e-06
1.89245,3.01437,35.8292,4.51232,0.0296812
3.94636,2.91539,11.2778,11.5723,-1.71627e-07
2.04456,3.78523,2.08596,2.35425,-1.63185e-08
1.13051,2.84447,10.0766,10.7924,-6.69417e-07
2.34451,3.14086,33.3807,9.21164,0.0555525
3.94182,3.4749,5.75605,7.72232,-0.000192897
1.51064,2.28303,11.324,7.39336,-0.000221596
1.60756,2.02257,11.4646,4.74196,-2.10449e-05
4.27353,1.40823,20.6868,10.091,2.29976e-05
3.35148,4.90594,29.7163,2.62262,0.000134738
3.17258,3.23758,36.5722,3.98058,0.0195073
3.19087,4.70922,12.6479,7.19562,-0.000858307
2.90011,4.23658,24.3182,6.46107,0.00944415
2.70847,2.11463,32.5803,5.5926,0.156937
2.10992,4.5147,3.38877,2.61584,-7.97455e-08
2.88064,3.96178,11.0528,7.67586,-0.000339261
3.27815,2.42799,22.3173,11.1088,8.14638e-06
2.90755,3.66473,19.3279,10.5122,-6.00062e-06
1.22295,3.667,6.9349,3.55359,-1.08469e-06
2.74079,1.8808,31.3463,10.0175,0.00787514
1.77898,4.75993,10.9676,3.74814,-4.63824e-06
3.49138,1.79131,38.0579,9.08737,0.0607265
3.66676,2.34278,20.8472,11.9633,1.93759e-09
4.26406,2.8324,17.6099,8.80666,-0.000298055
2.16199,3.78131,28.6998,3.5396,0.000653053
4.78495,4.63695,34.3388,2.95967,0.00304972
3.86507,4.66965,18.0918,6.48132,-0.00144812
1.44413,1.67734,4.30246,11.5621,-1.99959e-08
4.24259,3.38959,24.0855,4.50453,0.000872183
4.36471,3.41466,23.9745,3.98723,0.000348348
4.50701,4.45344,24.9586,2.45917,7.53376e-06
3.7849,2.3883,3.87456,6.57273,-0.000182052
1.85004,3.67433,32.9864,7.34695,0.469275
4.78848,1.26491,32.3695,10.3483,0.00932437
3.18642,2.99454,11.6075,7.09813,-0.000720255
1.42864,3.32744,17.998,8.17657,-0.000233632
2.02766,1.54278,1.51666,6.63388,-6.69642e-05
4.99782,4.911,32.5589,2.79305,0.00159616
4.91606,3.90689,37.4374,2.09876,1.19071e-05
1.46109,3.66819,9.31676,2.16637,-5.72589e-09
4.34172,2.91443,26.6671,7.4211,0.0411169
3.90701,3.12987,9.89428,3.7267,-7.51609e-06
2.00464,1.20115,37.9359,6.29062,0.186605
4.13101,2.73245,25.0257,5.90106,0.00852542
4.49569,1.71538,10.2048,11.5964,-1.21056e-07
4.83702,2.12317,22.8726,5.04008,0.00115592
1.68732,2.60216,14.3539,4.25739,-1.7906e-05
3.68456,1.52675,5.59587,4.5705,-1.36931e-05
3.04868,3.24877,2.91416,9.28503,-1.26967e-05
3.85842,4.55876,37.0691,10.473,0.00957694
4.51755,3.24273,17.0382,4.5759,-0.000127315
2.58869,2.47159,2.20915,8.14892,-4.42197e-05
2.84099,4.53075,7.06641,9.54879,-1.44779e-05
4.03062,3.70651,19.4078,7.40447,-0.000817285
3.32337,1.20519,7.16526,9.66117,-9.49773e-06
1.97378,1.6032,5.06718,6.76801,-0.000119402
4.76349,1.97212,32.0178,4.83716,0.0787983
4.64045,2.07591,2.82037,2.52079,-8.78718e-08
3.14838,1.93022,31.9425,10.5164,0.00432889
3.75949,4.273,15.7257,4.77088,-0.000129915
4.01747,2.1977,2.64958,10.7435,-8.8234e-07
2.67529,4.63793,30.2652,8.0762,0.0949824
2.3751,3.66306,26.892,9.44415,0.00183871
1.29937,3.54675,22.7644,9.46454,0.000156383
1.60411,4.27331,36.655,6.44179,0.347566
3.96411,1.68925,15.8149,3.00896,-3.07136e-06
4.13344,3.97557,36.0084,3.50499,0.0103395
2.72949,3.47027,30.1418,9.3356,0.0149272
3.00694,2.64391,21.3478,5.1321,0.000329239
2.18197,1.62645,28.6564,8.42134,0.0145561
4.14555,4.91117,37.2878,4.46645,0.0588463
3.29121,1.53759,20.7754,5.28265,0.000192567
3.57357,2.55831,13.3453,10.9573,-2.28741e-06
1.58262,1.61451,13.9462,5.44558,-8.06082e-05
3.08801,2.05886,26.9652,7.25287,0.0364434
1.31513,2.91032,8.38433,9.70373,-5.69292e-06
4.37167,2.10546,11.1518,4.0666,-1.77827e-05
1.82888,1.25196,16.1675,9.96635,-1.34602e-05
1.01411,2.81625,39.1648,5.971,0.0480069
1.0377,2.66992,39.0825,6.93283,0.14768
2.52101,4.54159,4.62901,10.7493,-8.3765e-07
4.21436,3.71728,9.748,9.55094,-3.08047e-05
2.07254,3.78408,8.74771,11.5713,-6.43268e-08
2.0264,2.12319,11.2809,2.91244,-5.824e-07
4.27402,2.44386,12.5647,11.7791,-4.80764e-08
1.4378,2.53997,8.72532,6.2921,-0.00010139
4.74768,1.15164,19.6649,3.67801,-5.57037e-06
4.54274,2.7768,7.84235,9.76086,-1.62383e-05
2.77171,4.45477,6.06223,11.4441,-1.14471e-07
4.47155,4.42899,24.7299,4.17518,0.000727887
3.13936,2.72972,29.5272,2.38695,3.05263e-05
4.02016,1.0359,19.9205,10.4274,-9.15035e-07
4.71246,2.81467,33.3201,7.22492,1.32848
3.03301,2.44963,19.9461,11.1324,-1.04663e-07
1.97353,3.83881,7.38418,3.51542,-1.73322e-06
2.63964,3.40947,36.3389,7.02758,0.976966
2.34945,4.72221,1.19737,9.20606,-9.67807e-06
2.65374,3.30558,10.9606,4.74793,-3.69859e-05
1.38299,4.85077,5.7343,7.83943,-6.29121e-05
2.00269,4.47919,27.8245,7.8088,0.0238686
1.12542,1.73694,39.1835,11.1487,0.000155521
3.71347,4.79723,32.7773,5.87861,0.393015
2.54241,2.34955,22.624,2.13407,8.04821e-08
3.22188,1.4828,36.4902,5.95726,0.296699
2.17918,2.6869,22.8343,3.36362,2.65336e-05
4.06162,3.50398,24.6403,7.61993,0.0132975
3.6166,4.57478,29.4048,5.54085,0.0469573
2.85878,3.82245,33.9316,8.45002,0.212928
4.12033,1.25137,20.3641,7.95053,0.000253759
4.97368,1.24427,13.7998,8.18262,-0.000357811
4.61036,1.43821,12.1566,7.79861,-0.000419789
4.27096,3.11315,8.91206,9.22667,-4.40498e-05
2.05758,2.72139,27.7,5.67154,0.0109111
4.6458,1.31684,37.2457,4.434,0.0431381
2.41093,4.31065,21.3681,5.69846,0.000643425
1.38363,4.59379,6.46668,2.13396,-2.33673e-09
3.63725,2.62489,33.9975,10.4541,0.00902598
4.93079,2.1941,34.061,9.5395,0.0649034
4.30477,1.50799,33.6905,7.51388,0.743185
4.71856,3.67931,32.7483,5.9832,0.535965
4.82164,4.14648,3.23981,3.37243,-1.77219e-06
3.89395,2.72401,12.5519,9.59271,-3.9283e-05
4.43182,1.6177,30.9365,3.07696,0.00126239
3.29626,4.30631,22.4842,6.69672,0.00600501
2.05244,2.57494,11.3811,10.4066,-3.61779e-06
2.50641,3.1552,14.6268,8.33784,-0.000234875
2.76427,1.00841,5.98871,9.97733,-3.51412e-06
4.6406,3.80801,13.2476,10.2383,-1.76191e-05
1.26376,3.7439,28.1353,9.13788,0.00296795
3.40919,1.92146,33.1123,9.04551,0.087357
3.06914,4.48015,5.81045,6.77119,-0.00027344
1.92373,3.90551,33.4181,6.30148,0.351765
2.98534,3.60582,34.268,2.0437,1.54823e-06
1.36358,3.69599,29.7867,7.67841,0.0553773
1.72259,3.9731,39.2227,6.98408,0.261494
2.13213,4.79692,9.72602,8.3462,-9.34715e-05
4.85367,1.56889,7.22152,5.2152,-5.98988e-05
3.21501,2.80066,27.5645,10.3528,0.000619945
1.57654,2.01355,37.8211,2.16067,8.05701e-06
4.98521,3.88616,21.5807,5.01857,0.000618879
2.68573,1.74958,38.1728,2.00264,2.6278e-09
2.70096,1.6677,20.512,10.7128,2.9116e-06
1.94675,3.39205,5.2818,11.2352,-1.58004e-07
3.94315,4.84493,16.6326,10.5678,-1.33618e-05
4.83678,4.65795,1.23509,11.5056,-8.09978e-08
1.68669,1.71006,10.7244,4.73303,-1.81635e-05
1.45326,3.50218,21.7475,9.15082,0.000155782
2.85498,3.98542,8.79219,9.57651,-1.74974e-05
1.20239,3.15239,37.78,9.78832,0.00886348
4.55666,2.18501,15.0326,8.09145,-0.000563279
3.61674,3.14763,39.5303,8.79878,0.0521529
2.55997,3.06887,29.5177,10.4621,0.0011834
2.22502,3.69038,18.9668,7.36711,-0.000706368
1.35517,1.08357,4.24461,4.87221,-5.77648e-06
1.31067,4.8743,38.6682,7.48112,0.17241
1.20532,4.50541,9.31323,11.8176,-6.00165e-09
4.45204,4.06988,6.08359,4.93245,-4.09941e-05
2.38748,3.63201,18.2483,9.28858,-8.23485e-05
4.37496,2.44372,17.1064,9.36754,-0.000125812
3.90073,1.35756,37.4695,5.36881,0.140771
2.54342,1.24425,2.18286,9.86296,-2.68577e-06
2.63544,3.57165,23.2559,11.8375,1.90601e-07
3.13755,3.20363,16.1779,7.18059,-0.00144068
1.50152,3.79733,23.8896,10.8407,1.91915e-05
4.41644,2.79358,4.18671,4.06117,-6.94656e-06
3.66517,2.11232,4.81191,4.70992,-1.71546e-05
3.07196,1.86142,17.049,6.12239,-0.00061195
2.70863,4.48139,19.6416,11.8694,-7.29702e-09
2.63356,3.94521,34.4485,10.4359,0.00752614
3.96493,1.7991,14.2319,2.06653,-4.21976e-09
3.61426,3.86472,13.9394,2.10964,-1.2799e-08
2.43146,3.97465,34.628,2.32759,9.58431e-05
2.57615,3.46641,36.7979,3.43228,0.0050716
2.13136,4.60133,22.7642,11.073,8.72068e-06
1.23046,3.16313,1.27354,4.07981,-1.43956e-06
3.05346,3.04922,8.07673,6.20823,-0.000186147
3.54748,2.71981,39.0043,4.81828,0.0383785
4.00788,1.98394,3.62078,3.53858,-1.86281e-06
4.31219,2.4673,38.4437,4.14612,0.0202293
4.80123,4.37708,5.37084,9.99117,-8.86524e-06
2.61432,1.55971,38.4928,4.46221,0.0176194
2.86408,1.53529,26.9475,2.29161,2.9496e-06
4.42419,2.13318,34.3313,4.41259,0.0534758
1.0513,2.65718,13.2598,6.31525,-0.000162918
3.93306,3.04143,30.9775,4.81253,0.0429595
2.2896,2.62327,35.2211,11.1137,0.0010237
3.40589,1.72104,37.0692,5.03119,0.091445
2.1933,2.69244,20.1195,4.44307,5.80025e-06
2.17109,3.81576,24.5559,4.53469,0.000585906
1.83178,3.10978,20.89,7.81238,0.000493959
3.40462,1.57759,26.0775,5.0182,0.00285434
2.99625,3.84053,11.3728,9.62777,-2.52761e-05
1.81244,1.23177,13.0056,10.6048,-2.07673e-06
1.95333,3.23162,30.4768,7.07643,0.223179
3.16184,4.68369,13.0098,7.72747,-0.000506468
2.82891,4.65768,4.89134,11.5858,-4.863e-08
4.45974,3.6206,8.11896,10.8392,-1.83044e-06
3.73606,3.07658,15.3898,3.09758,-4.17863e-06
2.17819,2.33787,26.5185,11.1908,2.68717e-05
1.57235,2.29794,3.35451,2.08582,-5.8281e-10
4.62157,3.73715,9.06946,11.3269,-4.68798e-07
1.37953,2.34652,13.204,2.22495,-1.78594e-08
2.93731,3.6061,18.1446,10.0028,-3.06611e-05
3.2348,3.85456,8.7655,4.70019,-3.05769e-05
2.31225,4.35018,6.75154,2.63588,-1.47907e-07
4.1848,3.90576,29.5112,8.57986,0.0478672
4.25721,3.40482,31.2233,7.93538,0.293157
1.46741,3.96369,12.0157,5.0393,-3.92136e-05
2.33392,1.8144,37.1406,5.50584,0.121538
4.70914,3.00921,7.46308,11.9983,-1.16449e-12
2.41411,2.87393,32.0798,5.73342,0.157249
1.68457,4.49678,20.5733,7.19169,0.000587143
1.51701,3.63051,5.29358,4.92172,-1.20562e-05
4.48305,4.64757,31.2226,11.8191,2.38131e-05
4.99307,2.81407,21.3502,6.78473,0.00417564
4.372,2.6239,34.2558,4.89229,0.119444
3.85191,3.62903,6.83366,11.3889,-2.16731e-07
4.83166,2.2593,26.2301,7.88076,0.0207199
3.44906,1.1867,19.2998,10.66,-3.60144e-06
3.47759,3.51854,37.9542,10.9212,0.00214807
1.23762,3.09552,24.03,5.4921,0.00103142
1.97874,3.39621,13.0947,10.0166,-1.09732e-05
4.13501,2.62491,31.7053,10.9253,0.00203977
1.23338,1.9285,24.7556,11.1433,7.77277e-06
4.64079,3.22162,19.9607,3.18454,-3.15531e-07
4.49568,3.90145,33.7384,9.27472,0.10365
3.3665,4.27509,12.4029,8.51696,-0.000180277
2.69221,1.16985,39.2527,8.75396,0.0345992
2.51304,4.26169,9.49812,9.63288,-1.58371e-05
2.06258,4.62662,10.5072,7.22115,-0.000375366
1.23875,4.72869,25.2265,10.6805,4.34946e-05
2.08727,3.83688,18.8247,8.76662,-0.000130494
4.15296,1.13465,26.7725,4.57172,0.00210832
4.25501,1.86701,6.52375,11.2756,-2.98179e-07
3.30134,1.26234,12.7192,10.8776,-1.83305e-06
2.35938,4.53392,1.62685,6.30936,-7.44781e-05
3.507,3.24042,36.699,5.63939,0.273259
1.91292,4.524,34.9279,8.23594,0.194975
2.44041,4.52283,36.7723,7.65068,0.476324
2.01034,4.52991,21.8843,8.3872,0.000723195
3.09685,4.59163,15.8942,7.26361,-0.00134903
2.0227,1.69679,2.85929,9.17526,-8.14345e-06
4.71647,4.97067,14.319,8.74822,-0.000265836
2.84163,3.734,5.66944,7.06045,-0.000284903
3.29788,4.26157,38.3748,8.98268,0.0735899
1.14134,2.6382,11.2389,11.5555,-5.27433e-08
4.39722,4.96624,35.1909,2.26157,0.000107913
4.19546,2.05926,6.39549,9.76241,-1.11275e-05
4.96144,1.91961,4.69793,6.37211,-0.000198518
4.6201,3.80902,26.8964,9.2633,0.00480355
2.60471,1.07247,29.7284,9.44771,0.00618693
2.70315,1.77872,24.2215,8.40618,0.00236311
2.44909,1.33487,19.8213,9.06549,-1.50896e-05
3.24664,2.73012,27.4052,6.36401,0.0340797
3.71978,2.09801,32.263,8.82794,0.111438
2.58718,3.88609,29.5797,11.8993,1.44076e-06
4.02173,2.66978,27.1868,8.91236,0.00744275
1.04918,3.55283,16.2808,8.81777,-6.9088e-05
2.25501,2.03245,11.0192,5.28909,-6.08049e-05
1.56075,4.46668,10.2935,9.49606,-1.41179e-05
4.00072,1.35887,12.554,10.6121,-4.34589e-06
2.35862,1.08112,4.47352,7.26341,-0.000107659
3.23425,1.98696,35.5576,2.93281,0.00153658
1.57399,2.18068,4.5643,6.95584,-0.000120275
3.52234,4.71073,37.0672,4.8804,0.0988475
4.04729,2.58873,24.1823,9.74454,0.000533028
2.44791,3.67932,9.65878,3.98629,-7.81744e-06
4.05855,2.12333,1.50271,11.6832,-2.00018e-08
2.13676,3.09638,22.9633,7.74421,0.00284122
4.34384,4.86412,26.6986,3.62205,0.000585532
3.34925,3.75915,13.5506,9.1256,-9.08389e-05
4.83899,4.3508,11.1605,6.69079,-0.000883717
2.9909,1.19707,31.3459,2.65934,0.000237322
3.28116,4.00542,10.284,6.3081,-0.000335393
4.38163,1.34459,30.109,8.1505,0.0900458
2.43673,3.5684,25.5736,7.86814,0.00894298
2.79722,2.32053,12.6946,6.4793,-0.000453722
1.06034,2.30235,39.2261,5.46001,0.0239304
3.82108,2.32784,32.7284,2.11859,1.24128e-05
2.29185,1.03226,10.9613,11.5767,-6.29476e-08
2.88104,1.90844,28.7898,11.1089,0.000140228
3.20579,3.32276,13.7105,4.87719,-8.74086e-05
3.16642,3.60355,27.5237,2.94688,0.000110712
1.68966,2.8771,12.4979,10.9358,-1.02243e-06
4.16618,3.17726,6.45988,9.63696,-1.56188e-05
2.7791,4.84447,8.53616,3.23375,-1.55153e-06
4.51435,1.30827,13.362,4.96983,-9.78657e-05
1.48663,3.88969,7.16426,2.98808,-3.32494e-07
4.07283,3.99649,25.3756,7.64379,0.018203
3.3309,2.13341,6.97135,8.2509,-8.97253e-05
4.95683,4.12013,29.5698,4.80784,0.024805
4.45219,4.4773,17.8423,3.5605,-2.07939e-05
4.06222,3.53502,8.16778,4.6118,-2.99893e-05
2.55946,3.78734,28.8997,7.19418,0.104649
3.6827,1.91826,7.86543,8.33629,-9.78139e-05
1.50967,4.24489,9.53186,5.94451,-9.0276e-05
2.62822,4.60354,39.9066,6.09272,0.10295
1.65551,3.16558,39.958,8.0586,0.0484862
1.37472,1.71494,31.6494,3.90566,0.00383167
4.81476,2.57459,24.093,7.75434,0.00995475
3.91994,4.42304,24.3342,11.6202,3.18949e-06
1.47615,2.48682,9.21542,6.57169,-0.000152283
4.9848,4.36787,39.6621,5.0311,0.0558992
3.76027,4.58886,28.1555,8.64863,0.0186629
2.26251,1.38263,6.75765,2.66242,-1.15073e-07
2.90443,3.14373,5.14373,7.75455,-0.000123176
3.6958,3.97234,1.43358,11.5081,-6.07054e-08
1.01731,4.19428,5.49735,10.9331,-2.29679e-07
3.61803,4.16661,10.4666,3.57348,-5.88287e-06
2.22354,2.81675,8.30559,6.76185,-0.000253112
3.40569,2.40111,11.594,10.6221,-3.75585e-06
3.94808,4.02561,36.4055,8.45378,0.291952
4.54004,2.21903,21.2397,3.58369,2.97895e-05
1.79399,2.39653,9.66581,3.98309,-5.11602e-06
1.31501,1.04126,1.01583,8.68365,-6.95967e-06
2.98934,1.16394,38.3812,11.1653,0.000507358
4.00483,2.63938,18.8022,6.1001,-0.000702841
2.22997,4.45121,32.3435,10.3907,0.0057591
1.88848,4.07503,9.91225,7.47283,-0.000233077
4.45792,1.1361,35.6957,4.19181,0.0288373
2.13414,2.81138,22.4863,11.1536,5.24484e-06
1.49454,3.78408,39.6131,6.82799,0.152007
3.96736,2.56682,7.73642,4.51758,-2.18131e-05
4.52161,2.47857,8.35965,7.17328,-0.000535969
4.46547,4.52183,5.33923,9.87844,-1.01504e-05
4.37842,4.35118,35.324,11.7668,8.11056e-05
3.27346,3.69724,19.2126,7.12537,-0.00111046
2.38601,4.08259,36.2817,3.68909,0.00883505
1.69649,4.41003,32.5779,3.38103,0.00279482
3.73219,2.63455,33.1677,10.3945,0.0100344
1.84553,4.60589,32.3465,5.7001,0.139465
2.19947,2.29982,3.69587,2.70761,-1.06069e-07
1.82937,3.78818,17.094,9.32812,-6.23507e-05
1.72468,3.8134,2.67147,7.76062,-5.5179e-05
4.36155,3.93065,37.5981,4.62546,0.0710678
2.69044,1.62851,38.0099,9.99313,0.0102958
3.66581,2.9844,24.7005,10.2072,0.000264002
4.37091,2.39634,14.7471,8.40684,-0.000355564
1.94588,2.2252,20.9401,2.92966,1.73785e-06
4.01343,2.88602,29.1604,10.6368,0.000992138
3.87598,3.76572,29.3766,9.08252,0.0200037
3.95805,2.55054,22.9213,4.52115,0.000463075
1.94348,1.5849,27.3508,7.19615,0.0267766
2.219,1.00356,6.10688,11.6905,-1.37919e-08
4.92271,2.26866,37.7259,4.35822,0.0434411
3.97942,3.37137,19.4655,5.30437,-0.000150609
1.58765,3.79122,12.864,3.94521,-8.05842e-06
2.10233,4.8777,31.5287,8.22787,0.127055
2.92153,1.26245,10.8544,5.3196,-6.65517e-05
4.56536,3.97769,4.47296,3.94835,-6.55581e-06
4.13764,3.33787,31.9082,4.57378,0.0505101
4.90359,1.92312,21.3692,9.09623,0.000356295
1.12766,1.3182,5.34216,9.72723,-2.32393e-06
3.00946,1.25259,34.1358,3.5863,0.00627526
1.9297,1.49899,9.20961,5.72331,-6.18101e-05
1.38168,2.75595,31.4395,7.55605,0.156278
3.60467,3.74956,11.6008,4.01628,-1.67789e-05
1.527,1.82629,20.9136,11.7217,5.92109e-08
4.69724,2.94933,32.5547,2.70339,0.000973104
4.22746,4.05722,1.51292,8.38573,-5.54571e-05
1.94972,3.62991,4.1611,9.31615,-9.29519e-06
2.77433,1.52063,9.73392,6.50519,-0.000244141
1.84264,1.28685,19.2102,2.00969,-3.20656e-11
4.59508,2.97123,38.9465,10.8944,0.00183199
4.33624,3.31645,36.41,5.80917,0.43023
2.07227,4.87295,10.6411,8.18015,-0.000130126
2.26932,3.96814,36.8941,5.07957,0.0846096
1.57397,4.9843,37.496,8.01166,0.180113
1.70672,1.98951,4.85538,10.4346,-9.88499e-07
4.92277,4.22529,3.00576,11.631,-4.9518e-08
4.86316,2.30344,22.0496,8.78688,0.000969764
2.78202,1.58725,21.2776,8.36521,0.000475822
1.55991,2.10839,10.3327,4.13597,-6.29325e-06
1.77577,2.44458,19.9715,4.14912,-6.32902e-07
4.88011,3.80978,15.9818,9.38892,-0.000133568
3.05561,2.74356,17.6401,8.02308,-0.000586807
2.59064,2.34439,7.58471,4.48272,-1.28216e-05
4.75329,2.14992,22.9253,2.27158,8.00082e-07
4.99163,1.24026,2.10367,8.16917,-6.38363e-05
2.80832,4.15853,18.3772,7.62044,-0.000874049
3.55847,3.32314,15.2761,11.2448,-1.36598e-06
3.96845,2.70148,35.0783,7.52843,0.830407
2.24768,4.21478,39.0748,9.64481,0.0123291
3.91317,1.34958,8.42632,11.0787,-6.21189e-07
2.37645,1.70326,15.8838,4.84435,-7.31195e-05
